districtid,monthid,cases
101,1,0
101,2,1
101,3,1
101,4,3
101,5,69
101,6,111
101,7,35
102,1,0
102,2,96
102,3,414
102,4,340
102,5,571
102,6,1096
102,7,399
103,1,0
103,2,845
103,3,9154
103,4,8733
103,5,5604
103,6,5002
103,7,832
104,1,0
104,2,6
104,3,78
104,4,311
104,5,4309
104,6,15627
104,7,3644
105,1,0
105,2,0
105,3,0
105,4,37
105,5,190
105,6,362
105,7,37
106,1,0
106,2,27
106,3,192
106,4,174
106,5,1422
106,6,2223
106,7,398
107,1,0
107,2,10
107,3,545
107,4,952
107,5,1057
107,6,1276
107,7,455
108,1,0
108,2,0
108,3,42
108,4,253
108,5,1424
108,6,4046
108,7,515
109,1,0
109,2,22
109,3,119
109,4,346
109,5,891
109,6,2915
109,7,719
110,1,0
110,2,0
110,3,4
110,4,178
110,5,165
110,6,1710
110,7,607
111,1,0
111,2,0
111,3,0
111,4,1
111,5,162
111,6,420
111,7,107
112,1,0
112,2,0
112,3,62
112,4,113
112,5,126
112,6,262
112,7,177
113,1,0
113,2,2
113,3,44
113,4,472
113,5,3372
113,6,3778
113,7,524
114,1,0
114,2,1
114,3,40
114,4,265
114,5,1224
114,6,2299
114,7,553
115,1,0
115,2,0
115,3,62
115,4,55
115,5,133
115,6,597
115,7,109
116,1,0
116,2,0
116,3,146
116,4,136
116,5,180
116,6,757
116,7,253
117,1,0
117,2,8
117,3,198
117,4,340
117,5,1468
117,6,3153
117,7,559
118,1,0
118,2,0
118,3,10
118,4,75
118,5,370
118,6,832
118,7,140
119,1,0
119,2,28
119,3,335
119,4,534
119,5,952
119,6,2175
119,7,602
120,1,0
120,2,1
120,3,35
120,4,79
120,5,463
120,6,1058
120,7,186
121,1,0
121,2,25
121,3,25
121,4,122
121,5,251
121,6,318
121,7,50
122,1,0
122,2,8
122,3,155
122,4,1355
122,5,13128
122,6,26429
122,7,3419
123,1,0
123,2,35
123,3,255
123,4,328
123,5,633
123,6,1033
123,7,167
124,1,0
124,2,0
124,3,25
124,4,44
124,5,261
124,6,521
124,7,293
125,1,0
125,2,0
125,3,0
125,4,0
125,5,4
125,6,43
125,7,5
126,1,0
126,2,0
126,3,17
126,4,12
126,5,43
126,6,337
126,7,71
127,1,0
127,2,1
127,3,40
127,4,86
127,5,493
127,6,2368
127,7,600
128,1,0
128,2,1
128,3,91
128,4,99
128,5,99
128,6,117
128,7,39
129,1,0
129,2,1
129,3,359
129,4,97
129,5,456
129,6,1828
129,7,287
130,1,0
130,2,0
130,3,44
130,4,62
130,5,429
130,6,784
130,7,89
131,1,0
131,2,1
131,3,11
131,4,32
131,5,43
131,6,130
131,7,49
132,1,1
132,2,42
132,3,1297
132,4,7068
132,5,31862
132,6,68771
132,7,14882
133,1,0
133,2,0
133,3,19
133,4,75
133,5,263
133,6,793
133,7,237
134,1,0
134,2,6
134,3,66
134,4,156
134,5,710
134,6,1752
134,7,249
135,1,0
135,2,81
135,3,1370
135,4,3827
135,5,8568
135,6,9213
135,7,1497
136,1,0
136,2,0
136,3,112
136,4,163
136,5,918
136,6,2133
136,7,534
137,1,0
137,2,0
137,3,87
137,4,135
137,5,734
137,6,2205
137,7,265
138,1,0
138,2,5
138,3,49
138,4,110
138,5,1491
138,6,4535
138,7,667
139,1,0
139,2,0
139,3,16
139,4,67
139,5,19
139,6,172
139,7,30
140,1,0
140,2,0
140,3,27
140,4,224
140,5,357
140,6,274
140,7,65
141,1,0
141,2,0
141,3,76
141,4,39
141,5,386
141,6,1572
141,7,186
142,1,0
142,2,0
142,3,7
142,4,19
142,5,104
142,6,158
142,7,60
143,1,0
143,2,0
143,3,80
143,4,103
143,5,242
143,6,1403
143,7,153
144,1,0
144,2,10
144,3,132
144,4,199
144,5,620
144,6,2729
144,7,510
145,1,0
145,2,0
145,3,35
145,4,786
145,5,5569
145,6,14938
145,7,2063
146,1,0
146,2,0
146,3,50
146,4,77
146,5,1596
146,6,2299
146,7,245
147,1,0
147,2,0
147,3,27
147,4,19
147,5,45
147,6,297
147,7,279
148,1,0
148,2,0
148,3,20
148,4,226
148,5,143
148,6,451
148,7,228
149,1,0
149,2,0
149,3,16
149,4,116
149,5,63
149,6,105
149,7,79
150,1,0
150,2,0
150,3,39
150,4,38
150,5,194
150,6,695
150,7,137
151,1,0
151,2,0
151,3,15
151,4,34
151,5,78
151,6,258
151,7,102
152,1,0
152,2,0
152,3,83
152,4,67
152,5,540
152,6,419
152,7,119
153,1,0
153,2,1
153,3,20
153,4,19
153,5,274
153,6,582
153,7,155
154,1,0
154,2,3
154,3,20
154,4,147
154,5,439
154,6,1447
154,7,150
155,1,0
155,2,1
155,3,109
155,4,121
155,5,383
155,6,1040
155,7,142
156,1,0
156,2,0
156,3,36
156,4,212
156,5,484
156,6,1835
156,7,514
157,1,0
157,2,4
157,3,19
157,4,14
157,5,108
157,6,346
157,7,135
158,1,0
158,2,0
158,3,155
158,4,174
158,5,815
158,6,2475
158,7,492
159,1,0
159,2,22
159,3,148
159,4,628
159,5,1041
159,6,925
159,7,162
160,1,0
160,2,1
160,3,14
160,4,50
160,5,73
160,6,419
160,7,208
161,1,0
161,2,2
161,3,48
161,4,188
161,5,2092
161,6,4201
161,7,678
162,1,0
162,2,0
162,3,8
162,4,89
162,5,315
162,6,1737
162,7,878
163,1,0
163,2,0
163,3,97
163,4,254
163,5,1019
163,6,856
163,7,101
164,1,0
164,2,0
164,3,22
164,4,35
164,5,164
164,6,926
164,7,139
165,1,0
165,2,2
165,3,27
165,4,61
165,5,546
165,6,479
165,7,87
166,1,0
166,2,0
166,3,2
166,4,5
166,5,189
166,6,658
166,7,164
167,1,0
167,2,0
167,3,151
167,4,180
167,5,557
167,6,1498
167,7,220
168,1,0
168,2,2
168,3,45
168,4,45
168,5,257
168,6,2048
168,7,459
169,1,0
169,2,0
169,3,46
169,4,71
169,5,639
169,6,4053
169,7,619
170,1,0
170,2,2
170,3,235
170,4,206
170,5,1258
170,6,3636
170,7,245
171,1,0
171,2,15
171,3,92
171,4,169
171,5,2902
171,6,9000
171,7,1991
172,1,0
172,2,0
172,3,9
172,4,114
172,5,2127
172,6,2537
172,7,779
173,1,0
173,2,12
173,3,218
173,4,4196
173,5,50989
173,6,73581
173,7,15632
174,1,0
174,2,0
174,3,25
174,4,31
174,5,170
174,6,459
174,7,104
175,1,0
175,2,0
175,3,42
175,4,91
175,5,462
175,6,509
175,7,80
176,1,0
176,2,3
176,3,94
176,4,119
176,5,374
176,6,2026
176,7,555
177,1,0
177,2,0
177,3,170
177,4,322
177,5,2054
177,6,2984
177,7,391
178,1,0
178,2,1
178,3,31
178,4,48
178,5,165
178,6,842
178,7,467
179,1,0
179,2,1
179,3,142
179,4,1377
179,5,941
179,6,1105
179,7,87
180,1,0
180,2,2
180,3,9
180,4,188
180,5,649
180,6,686
180,7,118
181,1,0
181,2,7
181,3,74
181,4,140
181,5,1119
181,6,1441
181,7,254
182,1,0
182,2,4
182,3,106
182,4,113
182,5,382
182,6,1516
182,7,107
183,1,0
183,2,0
183,3,56
183,4,167
183,5,232
183,6,164
183,7,29
184,1,0
184,2,0
184,3,30
184,4,382
184,5,365
184,6,615
184,7,228
185,1,0
185,2,9
185,3,72
185,4,146
185,5,1342
185,6,1983
185,7,138
186,1,0
186,2,93
186,3,959
186,4,1322
186,5,3524
186,6,4183
186,7,941
187,1,0
187,2,0
187,3,150
187,4,443
187,5,1604
187,6,2329
187,7,336
188,1,0
188,2,0
188,3,0
188,4,1
188,5,74
188,6,420
188,7,100
189,1,0
189,2,3
189,3,68
189,4,187
189,5,416
189,6,1037
189,7,276
190,1,0
190,2,0
190,3,69
190,4,228
190,5,1649
190,6,2459
190,7,311
191,1,0
191,2,0
191,3,49
191,4,132
191,5,472
191,6,1146
191,7,828
192,1,0
192,2,0
192,3,18
192,4,26
192,5,44
192,6,235
192,7,58
193,1,0
193,2,0
193,3,130
193,4,175
193,5,280
193,6,1516
193,7,232
194,1,0
194,2,0
194,3,12
194,4,24
194,5,223
194,6,1277
194,7,629
195,1,0
195,2,8
195,3,39
195,4,31
195,5,143
195,6,266
195,7,46
196,1,0
196,2,0
196,3,33
196,4,9
196,5,95
196,6,472
196,7,183
197,1,0
197,2,2
197,3,24
197,4,98
197,5,292
197,6,1094
197,7,236
198,1,0
198,2,6
198,3,90
198,4,306
198,5,861
198,6,1230
198,7,290
199,1,0
199,2,13
199,3,70
199,4,492
199,5,743
199,6,944
199,7,221
200,1,0
200,2,0
200,3,41
200,4,183
200,5,1038
200,6,2095
200,7,583
201,1,0
201,2,0
201,3,2
201,4,12
201,5,122
201,6,401
201,7,160
202,1,0
202,2,1
202,3,301
202,4,96
202,5,80
202,6,84
202,7,15
203,1,0
203,2,15
203,3,78
203,4,109
203,5,795
203,6,1903
203,7,119
204,1,0
204,2,0
204,3,0
204,4,33
204,5,636
204,6,1697
204,7,246
205,1,0
205,2,0
205,3,14
205,4,32
205,5,53
205,6,326
205,7,53
206,1,0
206,2,0
206,3,13
206,4,61
206,5,18
206,6,262
206,7,44
207,1,0
207,2,0
207,3,12
207,4,43
207,5,64
207,6,184
207,7,95
208,1,0
208,2,0
208,3,0
208,4,9
208,5,4
208,6,3
208,7,0
209,1,0
209,2,0
209,3,22
209,4,133
209,5,756
209,6,1056
209,7,189
210,1,15
210,2,59
210,3,219
210,4,147
210,5,611
210,6,3295
210,7,1156
211,1,0
211,2,0
211,3,23
211,4,69
211,5,336
211,6,1940
211,7,1213
212,1,0
212,2,0
212,3,2
212,4,79
212,5,154
212,6,232
212,7,58
213,1,0
213,2,0
213,3,12
213,4,65
213,5,77
213,6,116
213,7,45
214,1,0
214,2,0
214,3,1
214,4,46
214,5,312
214,6,463
214,7,61
215,1,0
215,2,382
215,3,13889
215,4,43528
215,5,41467
215,6,35803
215,7,5088
216,1,0
216,2,0
216,3,20
216,4,36
216,5,282
216,6,259
216,7,98
217,1,0
217,2,0
217,3,5
217,4,49
217,5,110
217,6,289
217,7,49
218,1,0
218,2,0
218,3,20
218,4,22
218,5,98
218,6,163
218,7,42
219,1,0
219,2,0
219,3,118
219,4,78
219,5,1554
219,6,2399
219,7,649
220,1,0
220,2,0
220,3,18
220,4,62
220,5,913
220,6,3062
220,7,911
221,1,0
221,2,0
221,3,38
221,4,23
221,5,590
221,6,2185
221,7,821
222,1,0
222,2,0
222,3,38
222,4,57
222,5,142
222,6,402
222,7,131
223,1,0
223,2,7
223,3,177
223,4,797
223,5,9324
223,6,26271
223,7,4985
224,1,0
224,2,18
224,3,157
224,4,35
224,5,62
224,6,575
224,7,151
225,1,0
225,2,0
225,3,92
225,4,214
225,5,350
225,6,289
225,7,132
226,1,0
226,2,0
226,3,4
226,4,393
226,5,4283
226,6,10669
226,7,2920
227,1,0
227,2,0
227,3,68
227,4,235
227,5,406
227,6,2199
227,7,726
228,1,0
228,2,1
228,3,435
228,4,611
228,5,2015
228,6,8361
228,7,2220
229,1,0
229,2,0
229,3,99
229,4,474
229,5,1497
229,6,6211
229,7,1761
230,1,0
230,2,0
230,3,2
230,4,105
230,5,409
230,6,604
230,7,80
231,1,0
231,2,1
231,3,31
231,4,23
231,5,509
231,6,628
231,7,78
232,1,0
232,2,0
232,3,0
232,4,6
232,5,128
232,6,234
232,7,120
233,1,0
233,2,0
233,3,15
233,4,199
233,5,941
233,6,2630
233,7,248
234,1,0
234,2,3
234,3,114
234,4,611
234,5,4967
234,6,7005
234,7,1887
235,1,0
235,2,0
235,3,0
235,4,93
235,5,460
235,6,463
235,7,73
236,1,0
236,2,0
236,3,24
236,4,16
236,5,153
236,6,434
236,7,135
237,1,0
237,2,1
237,3,0
237,4,2
237,5,14
237,6,41
237,7,13
238,1,0
238,2,5
238,3,83
238,4,218
238,5,531
238,6,1452
238,7,182
239,1,0
239,2,0
239,3,17
239,4,467
239,5,1678
239,6,2890
239,7,419
240,1,0
240,2,0
240,3,8
240,4,17
240,5,189
240,6,464
240,7,102
241,1,0
241,2,0
241,3,29
241,4,91
241,5,167
241,6,287
241,7,58
242,1,0
242,2,2
242,3,150
242,4,155
242,5,1792
242,6,7386
242,7,1490
243,1,0
243,2,3
243,3,203
243,4,458
243,5,967
243,6,2426
243,7,1056
244,1,113
244,2,3395
244,3,16329
244,4,67516
244,5,48238
244,6,39150
244,7,13445
245,1,0
245,2,1
245,3,31
245,4,25
245,5,37
245,6,113
245,7,39
246,1,0
246,2,0
246,3,3
246,4,39
246,5,280
246,6,963
246,7,145
247,1,0
247,2,0
247,3,92
247,4,126
247,5,908
247,6,2750
247,7,394
248,1,0
248,2,0
248,3,13
248,4,10
248,5,24
248,6,217
248,7,69
249,1,0
249,2,1
249,3,68
249,4,128
249,5,212
249,6,286
249,7,77
250,1,0
250,2,0
250,3,175
250,4,38
250,5,409
250,6,493
250,7,323
251,1,0
251,2,0
251,3,3
251,4,5
251,5,32
251,6,283
251,7,251
252,1,0
252,2,0
252,3,51
252,4,114
252,5,361
252,6,2554
252,7,260
253,1,0
253,2,12
253,3,75
253,4,56
253,5,217
253,6,493
253,7,131
254,1,0
254,2,0
254,3,7
254,4,73
254,5,680
254,6,488
254,7,172
255,1,0
255,2,0
255,3,37
255,4,299
255,5,3746
255,6,7236
255,7,1392
256,1,0
256,2,0
256,3,18
256,4,61
256,5,216
256,6,1331
256,7,312
257,1,0
257,2,7
257,3,48
257,4,621
257,5,546
257,6,985
257,7,126
258,1,0
258,2,0
258,3,115
258,4,954
258,5,1967
258,6,4801
258,7,1320
259,1,0
259,2,0
259,3,25
259,4,60
259,5,517
259,6,1189
259,7,71
260,1,0
260,2,0
260,3,59
260,4,333
260,5,2340
260,6,3746
260,7,596
261,1,0
261,2,0
261,3,19
261,4,10
261,5,8
261,6,107
261,7,40
262,1,0
262,2,0
262,3,0
262,4,13
262,5,67
262,6,151
262,7,11
263,1,0
263,2,0
263,3,5
263,4,72
263,5,192
263,6,155
263,7,69
264,1,0
264,2,0
264,3,2
264,4,6
264,5,103
264,6,533
264,7,74
265,1,0
265,2,0
265,3,359
265,4,77
265,5,156
265,6,438
265,7,110
266,1,0
266,2,0
266,3,10
266,4,158
266,5,540
266,6,2489
266,7,1269
267,1,0
267,2,0
267,3,92
267,4,120
267,5,1005
267,6,3825
267,7,381
268,1,0
268,2,0
268,3,0
268,4,0
268,5,1
268,6,80
268,7,21
269,1,0
269,2,3
269,3,164
269,4,923
269,5,19266
269,6,39008
269,7,6301
270,1,0
270,2,0
270,3,0
270,4,1
270,5,16
270,6,26
270,7,13
271,1,0
271,2,0
271,3,0
271,4,0
271,5,37
271,6,177
271,7,13
272,1,0
272,2,0
272,3,7
272,4,10
272,5,619
272,6,906
272,7,337
273,1,0
273,2,0
273,3,0
273,4,10
273,5,61
273,6,227
273,7,22
274,1,0
274,2,0
274,3,106
274,4,286
274,5,1525
274,6,5161
274,7,1404
275,1,0
275,2,0
275,3,25
275,4,204
275,5,1612
275,6,4296
275,7,921
276,1,0
276,2,0
276,3,2
276,4,85
276,5,567
276,6,2453
276,7,551
277,1,0
277,2,1
277,3,28
277,4,106
277,5,199
277,6,576
277,7,140
278,1,0
278,2,0
278,3,49
278,4,244
278,5,399
278,6,1413
278,7,297
279,1,0
279,2,8
279,3,314
279,4,3366
279,5,4922
279,6,4029
279,7,938
280,1,0
280,2,3
280,3,56
280,4,44
280,5,186
280,6,858
280,7,298
281,1,0
281,2,0
281,3,36
281,4,127
281,5,302
281,6,834
281,7,167
282,1,0
282,2,0
282,3,14
282,4,100
282,5,207
282,6,624
282,7,177
283,1,0
283,2,0
283,3,56
283,4,62
283,5,228
283,6,769
283,7,76
284,1,0
284,2,0
284,3,51
284,4,83
284,5,350
284,6,825
284,7,149
285,1,0
285,2,0
285,3,46
285,4,45
285,5,175
285,6,622
285,7,190
286,1,0
286,2,1
286,3,42
286,4,52
286,5,314
286,6,1439
286,7,174
287,1,0
287,2,28
287,3,162
287,4,243
287,5,206
287,6,750
287,7,270
288,1,0
288,2,1
288,3,30
288,4,141
288,5,1205
288,6,3969
288,7,953
289,1,0
289,2,0
289,3,35
289,4,31
289,5,203
289,6,520
289,7,130
290,1,0
290,2,0
290,3,36
290,4,399
290,5,967
290,6,1446
290,7,112
291,1,0
291,2,0
291,3,18
291,4,60
291,5,319
291,6,1022
291,7,238
292,1,0
292,2,23
292,3,226
292,4,380
292,5,829
292,6,954
292,7,185
293,1,0
293,2,0
293,3,6
293,4,48
293,5,175
293,6,435
293,7,49
294,1,0
294,2,0
294,3,414
294,4,956
294,5,8994
294,6,7498
294,7,682
295,1,0
295,2,0
295,3,56
295,4,44
295,5,341
295,6,763
295,7,73
296,1,0
296,2,0
296,3,5
296,4,36
296,5,55
296,6,191
296,7,156
297,1,0
297,2,24
297,3,316
297,4,1847
297,5,2899
297,6,2757
297,7,726
298,1,0
298,2,0
298,3,73
298,4,131
298,5,1873
298,6,2551
298,7,237
299,1,0
299,2,4
299,3,266
299,4,1287
299,5,3322
299,6,3416
299,7,720
300,1,0
300,2,0
300,3,117
300,4,206
300,5,810
300,6,1713
300,7,228
301,1,0
301,2,0
301,3,42
301,4,31
301,5,294
301,6,607
301,7,72
302,1,0
302,2,0
302,3,16
302,4,75
302,5,490
302,6,1303
302,7,447
303,1,5
303,2,2
303,3,64
303,4,1244
303,5,4598
303,6,11505
303,7,3037
304,1,0
304,2,0
304,3,1
304,4,8
304,5,125
304,6,717
304,7,65
305,1,0
305,2,1
305,3,35
305,4,124
305,5,660
305,6,717
305,7,210
306,1,0
306,2,1
306,3,61
306,4,102
306,5,526
306,6,1850
306,7,246
307,1,0
307,2,0
307,3,65
307,4,57
307,5,165
307,6,1180
307,7,665
308,1,0
308,2,6
308,3,91
308,4,147
308,5,690
308,6,1773
308,7,243
309,1,0
309,2,2
309,3,78
309,4,264
309,5,1766
309,6,7128
309,7,1318
310,1,0
310,2,0
310,3,21
310,4,96
310,5,224
310,6,581
310,7,90
311,1,0
311,2,0
311,3,3
311,4,12
311,5,58
311,6,263
311,7,36
312,1,0
312,2,73
312,3,202
312,4,860
312,5,13319
312,6,21093
312,7,3671
313,1,0
313,2,3
313,3,133
313,4,83
313,5,285
313,6,1917
313,7,335
314,1,0
314,2,3
314,3,720
314,4,4573
314,5,3720
314,6,2864
314,7,1098
315,1,0
315,2,0
315,3,117
315,4,247
315,5,1882
315,6,3055
315,7,909
316,1,0
316,2,0
316,3,109
316,4,134
316,5,61
316,6,261
316,7,73
317,1,0
317,2,0
317,3,6
317,4,72
317,5,226
317,6,354
317,7,41
318,1,0
318,2,0
318,3,19
318,4,33
318,5,144
318,6,219
318,7,17
319,1,0
319,2,1
319,3,122
319,4,491
319,5,607
319,6,484
319,7,131
320,1,0
320,2,1
320,3,2
320,4,27
320,5,168
320,6,228
320,7,66
321,1,0
321,2,0
321,3,48
321,4,180
321,5,849
321,6,1465
321,7,296
322,1,0
322,2,0
322,3,61
322,4,245
322,5,1103
322,6,3302
322,7,714
323,1,0
323,2,0
323,3,158
323,4,239
323,5,1738
323,6,5917
323,7,1690
324,1,0
324,2,0
324,3,24
324,4,143
324,5,93
324,6,361
324,7,66
325,1,0
325,2,0
325,3,14
325,4,105
325,5,872
325,6,3308
325,7,778
326,1,0
326,2,0
326,3,69
326,4,120
326,5,423
326,6,1246
326,7,222
327,1,0
327,2,7
327,3,134
327,4,121
327,5,280
327,6,958
327,7,203
328,1,0
328,2,0
328,3,36
328,4,192
328,5,707
328,6,1385
328,7,490
329,1,0
329,2,0
329,3,287
329,4,716
329,5,2396
329,6,4245
329,7,703
330,1,0
330,2,3
330,3,2
330,4,4
330,5,160
330,6,345
330,7,74
331,1,0
331,2,4
331,3,109
331,4,58
331,5,354
331,6,1041
331,7,297
332,1,0
332,2,0
332,3,950
332,4,1663
332,5,5058
332,6,5692
332,7,645
333,1,0
333,2,4
333,3,9
333,4,76
333,5,695
333,6,942
333,7,116
334,1,0
334,2,310
334,3,2000
334,4,1223
334,5,2619
334,6,5664
334,7,1323
335,1,0
335,2,26
335,3,153
335,4,163
335,5,791
335,6,2913
335,7,633
336,1,0
336,2,0
336,3,68
336,4,230
336,5,412
336,6,1141
336,7,368
337,1,0
337,2,99
337,3,1084
337,4,1327
337,5,2100
337,6,5373
337,7,1615
338,1,0
338,2,1
338,3,39
338,4,35
338,5,79
338,6,205
338,7,79
339,1,0
339,2,18
339,3,233
339,4,245
339,5,730
339,6,2549
339,7,558
340,1,0
340,2,11
340,3,156
340,4,493
340,5,1511
340,6,4200
340,7,1169
341,1,0
341,2,2
341,3,40
341,4,144
341,5,230
341,6,898
341,7,172
342,1,0
342,2,21
342,3,576
342,4,2799
342,5,7411
342,6,16608
342,7,3296
343,1,0
343,2,0
343,3,123
343,4,427
343,5,1388
343,6,2406
343,7,577
344,1,0
344,2,0
344,3,162
344,4,137
344,5,817
344,6,242
344,7,17
345,1,0
345,2,0
345,3,8
345,4,340
345,5,961
345,6,2277
345,7,524
346,1,0
346,2,0
346,3,110
346,4,212
346,5,722
346,6,2218
346,7,1614
347,1,0
347,2,0
347,3,53
347,4,162
347,5,507
347,6,1954
347,7,600
348,1,0
348,2,2
348,3,0
348,4,26
348,5,57
348,6,340
348,7,72
349,1,0
349,2,0
349,3,39
349,4,40
349,5,755
349,6,736
349,7,133
350,1,0
350,2,0
350,3,15
350,4,219
350,5,214
350,6,667
350,7,459
351,1,0
351,2,0
351,3,32
351,4,157
351,5,36
351,6,224
351,7,110
352,1,0
352,2,3
352,3,174
352,4,353
352,5,1389
352,6,1754
352,7,252
353,1,0
353,2,3
353,3,153
353,4,95
353,5,628
353,6,1451
353,7,143
354,1,0
354,2,0
354,3,13
354,4,3
354,5,119
354,6,509
354,7,98
355,1,0
355,2,24
355,3,73
355,4,164
355,5,557
355,6,418
355,7,173
356,1,0
356,2,10
356,3,224
356,4,111
356,5,178
356,6,900
356,7,351
357,1,0
357,2,4
357,3,33
357,4,156
357,5,2082
357,6,2154
357,7,335
358,1,0
358,2,0
358,3,6
358,4,13
358,5,9
358,6,234
358,7,28
359,1,0
359,2,1
359,3,6
359,4,96
359,5,207
359,6,951
359,7,323
360,1,0
360,2,0
360,3,89
360,4,231
360,5,251
360,6,415
360,7,103
361,1,0
361,2,0
361,3,25
361,4,82
361,5,176
361,6,346
361,7,192
362,1,0
362,2,146
362,3,1020
362,4,1263
362,5,4058
362,6,5271
362,7,984
363,1,0
363,2,0
363,3,30
363,4,71
363,5,768
363,6,896
363,7,141
364,1,0
364,2,0
364,3,19
364,4,86
364,5,98
364,6,196
364,7,159
365,1,0
365,2,4
365,3,62
365,4,101
365,5,317
365,6,773
365,7,90
366,1,0
366,2,0
366,3,16
366,4,87
366,5,148
366,6,822
366,7,305
367,1,0
367,2,15
367,3,229
367,4,1154
367,5,3874
367,6,6402
367,7,1033
368,1,0
368,2,0
368,3,18
368,4,51
368,5,136
368,6,1126
368,7,220
369,1,0
369,2,0
369,3,0
369,4,45
369,5,37
369,6,381
369,7,60
370,1,0
370,2,3
370,3,242
370,4,599
370,5,2895
370,6,2338
370,7,696
371,1,0
371,2,0
371,3,0
371,4,0
371,5,1
371,6,2
371,7,0
372,1,0
372,2,7
372,3,373
372,4,1579
372,5,7117
372,6,8257
372,7,774
373,1,0
373,2,0
373,3,13
373,4,165
373,5,349
373,6,1676
373,7,163
374,1,0
374,2,0
374,3,82
374,4,185
374,5,188
374,6,400
374,7,171
375,1,0
375,2,0
375,3,52
375,4,178
375,5,612
375,6,829
375,7,97
376,1,0
376,2,4
376,3,120
376,4,240
376,5,910
376,6,2209
376,7,630
377,1,0
377,2,1
377,3,19
377,4,43
377,5,196
377,6,813
377,7,218
378,1,0
378,2,40
378,3,159
378,4,789
378,5,3860
378,6,9772
378,7,1865
379,1,0
379,2,0
379,3,55
379,4,297
379,5,4325
379,6,4865
379,7,541
380,1,0
380,2,9
380,3,24
380,4,60
380,5,159
380,6,1019
380,7,200
381,1,0
381,2,0
381,3,2
381,4,37
381,5,146
381,6,708
381,7,86
382,1,0
382,2,0
382,3,14
382,4,80
382,5,254
382,6,243
382,7,38
383,1,0
383,2,2
383,3,29
383,4,666
383,5,91
383,6,457
383,7,61
384,1,0
384,2,0
384,3,46
384,4,259
384,5,746
384,6,1812
384,7,844
385,1,0
385,2,0
385,3,40
385,4,59
385,5,356
385,6,1089
385,7,217
386,1,0
386,2,4
386,3,98
386,4,175
386,5,1191
386,6,3498
386,7,748
387,1,0
387,2,0
387,3,15
387,4,58
387,5,335
387,6,447
387,7,126
388,1,0
388,2,0
388,3,73
388,4,158
388,5,290
388,6,382
388,7,135
389,1,0
389,2,0
389,3,136
389,4,204
389,5,742
389,6,3500
389,7,231
390,1,0
390,2,0
390,3,1
390,4,18
390,5,128
390,6,334
390,7,49
391,1,0
391,2,0
391,3,46
391,4,37
391,5,248
391,6,604
391,7,103
392,1,0
392,2,0
392,3,87
392,4,158
392,5,230
392,6,1277
392,7,369
393,1,0
393,2,1
393,3,24
393,4,120
393,5,612
393,6,1162
393,7,383
394,1,0
394,2,0
394,3,157
394,4,147
394,5,790
394,6,1156
394,7,102
395,1,0
395,2,10
395,3,194
395,4,75
395,5,316
395,6,305
395,7,70
396,1,0
396,2,9
396,3,70
396,4,149
396,5,451
396,6,833
396,7,232
397,1,0
397,2,0
397,3,73
397,4,79
397,5,427
397,6,390
397,7,45
398,1,0
398,2,1
398,3,91
398,4,683
398,5,3379
398,6,12562
398,7,3856
399,1,0
399,2,0
399,3,14
399,4,53
399,5,325
399,6,540
399,7,193
400,1,0
400,2,0
400,3,5
400,4,23
400,5,54
400,6,631
400,7,174
401,1,0
401,2,0
401,3,0
401,4,8
401,5,37
401,6,36
401,7,22
402,1,0
402,2,0
402,3,0
402,4,4
402,5,0
402,6,11
402,7,0
403,1,0
403,2,0
403,3,65
403,4,103
403,5,560
403,6,1356
403,7,239
404,1,0
404,2,0
404,3,6
404,4,20
404,5,110
404,6,113
404,7,85
405,1,0
405,2,0
405,3,2
405,4,44
405,5,369
405,6,1015
405,7,233
406,1,0
406,2,0
406,3,40
406,4,137
406,5,389
406,6,943
406,7,222
407,1,0
407,2,0
407,3,16
407,4,30
407,5,356
407,6,760
407,7,85
408,1,0
408,2,0
408,3,23
408,4,99
408,5,1203
408,6,2137
408,7,448
409,1,0
409,2,0
409,3,0
409,4,11
409,5,2
409,6,161
409,7,7
410,1,0
410,2,4
410,3,443
410,4,389
410,5,4214
410,6,17419
410,7,2769
411,1,0
411,2,0
411,3,1941
411,4,3859
411,5,15655
411,6,18518
411,7,2386
412,1,0
412,2,6
412,3,40
412,4,284
412,5,1402
412,6,2598
412,7,589
413,1,0
413,2,0
413,3,0
413,4,3
413,5,98
413,6,241
413,7,93
414,1,0
414,2,0
414,3,4
414,4,80
414,5,994
414,6,5375
414,7,1100
415,1,0
415,2,1
415,3,7
415,4,39
415,5,724
415,6,2715
415,7,495
416,1,0
416,2,0
416,3,19
416,4,262
416,5,100
416,6,321
416,7,257
417,1,0
417,2,0
417,3,29
417,4,26
417,5,62
417,6,276
417,7,149
418,1,0
418,2,39
418,3,269
418,4,202
418,5,1018
418,6,3680
418,7,785
419,1,0
419,2,6
419,3,24
419,4,176
419,5,977
419,6,2820
419,7,664
420,1,0
420,2,0
420,3,42
420,4,196
420,5,1202
420,6,4113
420,7,901
421,1,0
421,2,0
421,3,0
421,4,0
421,5,0
421,6,2
421,7,2
422,1,0
422,2,69
422,3,224
422,4,997
422,5,5376
422,6,9441
422,7,1741
423,1,0
423,2,0
423,3,28
423,4,112
423,5,828
423,6,1160
423,7,350
424,1,0
424,2,5
424,3,284
424,4,536
424,5,673
424,6,421
424,7,61
425,1,0
425,2,0
425,3,2
425,4,3
425,5,30
425,6,248
425,7,8
426,1,0
426,2,2
426,3,220
426,4,268
426,5,557
426,6,1000
426,7,195
427,1,0
427,2,107
427,3,337
427,4,1232
427,5,14892
427,6,27898
427,7,3261
428,1,0
428,2,0
428,3,29
428,4,94
428,5,298
428,6,1338
428,7,463
429,1,0
429,2,0
429,3,0
429,4,0
429,5,0
429,6,0
429,7,7
430,1,0
430,2,0
430,3,17
430,4,113
430,5,554
430,6,2421
430,7,459
431,1,0
431,2,0
431,3,63
431,4,93
431,5,364
431,6,781
431,7,96
432,1,0
432,2,0
432,3,0
432,4,2
432,5,2
432,6,4
432,7,0
433,1,0
433,2,0
433,3,64
433,4,47
433,5,328
433,6,1974
433,7,213
434,1,0
434,2,3
434,3,33
434,4,90
434,5,640
434,6,1020
434,7,101
435,1,0
435,2,0
435,3,3
435,4,5
435,5,345
435,6,991
435,7,253
436,1,0
436,2,0
436,3,10
436,4,44
436,5,214
436,6,723
436,7,84
437,1,0
437,2,3
437,3,113
437,4,206
437,5,1736
437,6,5942
437,7,1673
438,1,0
438,2,0
438,3,0
438,4,8
438,5,14
438,6,9
438,7,0
439,1,0
439,2,0
439,3,26
439,4,230
439,5,340
439,6,820
439,7,254
440,1,0
440,2,0
440,3,0
440,4,1
440,5,11
440,6,18
440,7,29
441,1,0
441,2,0
441,3,4
441,4,53
441,5,193
441,6,396
441,7,74
442,1,0
442,2,0
442,3,0
442,4,3
442,5,19
442,6,113
442,7,15
443,1,0
443,2,0
443,3,0
443,4,4
443,5,8
443,6,10
443,7,23
444,1,0
444,2,0
444,3,0
444,4,2
444,5,3
444,6,2
444,7,0
445,1,0
445,2,0
445,3,0
445,4,3
445,5,18
445,6,27
445,7,26
446,1,0
446,2,0
446,3,0
446,4,1
446,5,20
446,6,101
446,7,3
447,1,0
447,2,0
447,3,0
447,4,0
447,5,36
447,6,16
447,7,8
448,1,0
448,2,12
448,3,180
448,4,752
448,5,7040
448,6,19250
448,7,4074
449,1,0
449,2,45
449,3,126
449,4,651
449,5,2371
449,6,7673
449,7,818
450,1,0
450,2,0
450,3,0
450,4,47
450,5,25
450,6,47
450,7,1
451,1,0
451,2,1
451,3,78
451,4,123
451,5,491
451,6,1402
451,7,223
452,1,0
452,2,5
452,3,185
452,4,266
452,5,641
452,6,3458
452,7,478
453,1,0
453,2,9
453,3,194
453,4,2279
453,5,8452
453,6,3143
453,7,522
454,1,0
454,2,1
454,3,54
454,4,107
454,5,535
454,6,2139
454,7,409
455,1,0
455,2,0
455,3,19
455,4,69
455,5,46
455,6,438
455,7,264
456,1,0
456,2,0
456,3,3
456,4,9
456,5,10
456,6,29
456,7,16
457,1,0
457,2,0
457,3,41
457,4,220
457,5,561
457,6,926
457,7,281
458,1,0
458,2,1
458,3,104
458,4,22
458,5,203
458,6,261
458,7,42
459,1,0
459,2,0
459,3,12
459,4,47
459,5,212
459,6,204
459,7,71
460,1,0
460,2,0
460,3,37
460,4,213
460,5,443
460,6,821
460,7,170
461,1,0
461,2,2
461,3,76
461,4,401
461,5,1558
461,6,7343
461,7,855
462,1,0
462,2,0
462,3,139
462,4,507
462,5,1641
462,6,2691
462,7,160
463,1,0
463,2,0
463,3,20
463,4,76
463,5,440
463,6,1837
463,7,142
464,1,0
464,2,0
464,3,0
464,4,20
464,5,1
464,6,9
464,7,3
465,1,0
465,2,0
465,3,12
465,4,18
465,5,135
465,6,235
465,7,47
466,1,0
466,2,0
466,3,4
466,4,2
466,5,17
466,6,158
466,7,106
467,1,0
467,2,0
467,3,83
467,4,23
467,5,293
467,6,392
467,7,122
468,1,0
468,2,2
468,3,252
468,4,146
468,5,1149
468,6,3886
468,7,1095
469,1,1
469,2,1
469,3,69
469,4,1163
469,5,1387
469,6,3631
469,7,631
470,1,0
470,2,0
470,3,19
470,4,16
470,5,64
470,6,491
470,7,170
471,1,0
471,2,3
471,3,64
471,4,270
471,5,531
471,6,1379
471,7,319
472,1,0
472,2,0
472,3,27
472,4,104
472,5,380
472,6,986
472,7,227
473,1,0
473,2,0
473,3,23
473,4,185
473,5,444
473,6,2790
473,7,1177
474,1,0
474,2,13
474,3,335
474,4,570
474,5,1245
474,6,1963
474,7,708
475,1,0
475,2,4
475,3,103
475,4,162
475,5,578
475,6,736
475,7,121
476,1,0
476,2,0
476,3,31
476,4,57
476,5,637
476,6,907
476,7,106
477,1,0
477,2,1
477,3,57
477,4,40
477,5,225
477,6,1120
477,7,154
478,1,0
478,2,0
478,3,0
478,4,1
478,5,17
478,6,9
478,7,2
479,1,0
479,2,0
479,3,0
479,4,63
479,5,110
479,6,127
479,7,18
480,1,0
480,2,9
480,3,117
480,4,226
480,5,1338
480,6,3310
480,7,606
481,1,0
481,2,0
481,3,3
481,4,18
481,5,257
481,6,648
481,7,120
482,1,0
482,2,0
482,3,80
482,4,315
482,5,1165
482,6,506
482,7,73
483,1,0
483,2,1654
483,3,32625
483,4,37972
483,5,36626
483,6,31521
483,7,7907
484,1,0
484,2,0
484,3,82
484,4,39
484,5,51
484,6,163
484,7,90
485,1,0
485,2,27
485,3,62
485,4,207
485,5,699
485,6,1305
485,7,87
486,1,0
486,2,0
486,3,92
486,4,142
486,5,578
486,6,2598
486,7,283
487,1,0
487,2,5
487,3,52
487,4,207
487,5,539
487,6,1282
487,7,423
488,1,0
488,2,0
488,3,66
488,4,247
488,5,1810
488,6,3829
488,7,534
489,1,0
489,2,1
489,3,6
489,4,174
489,5,3949
489,6,13732
489,7,3445
490,1,0
490,2,0
490,3,2
490,4,40
490,5,227
490,6,816
490,7,265
491,1,0
491,2,0
491,3,85
491,4,228
491,5,697
491,6,2875
491,7,471
492,1,0
492,2,0
492,3,16
492,4,194
492,5,481
492,6,1952
492,7,492
493,1,0
493,2,5
493,3,338
493,4,183
493,5,793
493,6,972
493,7,110
494,1,0
494,2,32
494,3,435
494,4,894
494,5,3367
494,6,23207
494,7,8201
495,1,0
495,2,0
495,3,250
495,4,214
495,5,630
495,6,1592
495,7,552
496,1,0
496,2,1
496,3,74
496,4,126
496,5,1909
496,6,2457
496,7,171
497,1,0
497,2,2
497,3,17
497,4,21
497,5,595
497,6,1450
497,7,369
498,1,0
498,2,0
498,3,0
498,4,11
498,5,76
498,6,109
498,7,5
499,1,0
499,2,2
499,3,108
499,4,233
499,5,1351
499,6,5472
499,7,1732
500,1,0
500,2,0
500,3,24
500,4,140
500,5,454
500,6,2125
500,7,415
501,1,0
501,2,0
501,3,0
501,4,11
501,5,159
501,6,306
501,7,96
502,1,0
502,2,0
502,3,6
502,4,72
502,5,233
502,6,301
502,7,58
503,1,0
503,2,0
503,3,10
503,4,21
503,5,134
503,6,239
503,7,124
504,1,0
504,2,66
504,3,938
504,4,3091
504,5,10524
504,6,25085
504,7,4349
505,1,0
505,2,3
505,3,19
505,4,72
505,5,454
505,6,338
505,7,60
506,1,0
506,2,1
506,3,83
506,4,219
506,5,1025
506,6,805
506,7,161
507,1,0
507,2,0
507,3,65
507,4,79
507,5,479
507,6,2363
507,7,333
508,1,0
508,2,0
508,3,205
508,4,238
508,5,263
508,6,509
508,7,106
509,1,0
509,2,0
509,3,5
509,4,75
509,5,677
509,6,848
509,7,243
510,1,0
510,2,0
510,3,0
510,4,9
510,5,37
510,6,128
510,7,30
511,1,0
511,2,0
511,3,688
511,4,2198
511,5,12198
511,6,18737
511,7,3253
512,1,0
512,2,0
512,3,1
512,4,0
512,5,1
512,6,17
512,7,4
513,1,0
513,2,0
513,3,8
513,4,18
513,5,385
513,6,645
513,7,208
514,1,0
514,2,0
514,3,30
514,4,52
514,5,56
514,6,292
514,7,315
515,1,0
515,2,1
515,3,12
515,4,122
515,5,351
515,6,197
515,7,79
516,1,0
516,2,0
516,3,70
516,4,142
516,5,756
516,6,4941
516,7,1178
517,1,0
517,2,0
517,3,0
517,4,1
517,5,0
517,6,26
517,7,1
518,1,0
518,2,0
518,3,5
518,4,26
518,5,207
518,6,277
518,7,33
519,1,0
519,2,1
519,3,142
519,4,374
519,5,1182
519,6,2968
519,7,272
520,1,0
520,2,0
520,3,15
520,4,35
520,5,372
520,6,1245
520,7,188
521,1,0
521,2,28
521,3,849
521,4,4840
521,5,9761
521,6,9872
521,7,2156
522,1,0
522,2,10
522,3,453
522,4,628
522,5,1554
522,6,1369
522,7,209
523,1,0
523,2,0
523,3,25
523,4,259
523,5,599
523,6,587
523,7,112
524,1,0
524,2,0
524,3,8
524,4,86
524,5,449
524,6,1669
524,7,711
525,1,0
525,2,17
525,3,54
525,4,90
525,5,305
525,6,964
525,7,165
526,1,0
526,2,1
526,3,49
526,4,132
526,5,859
526,6,2582
526,7,795
527,1,0
527,2,0
527,3,16
527,4,18
527,5,57
527,6,174
527,7,28
528,1,0
528,2,0
528,3,1
528,4,47
528,5,785
528,6,556
528,7,289
529,1,0
529,2,1
529,3,61
529,4,36
529,5,544
529,6,1990
529,7,569
530,1,0
530,2,0
530,3,47
530,4,87
530,5,667
530,6,2932
530,7,528
531,1,0
531,2,0
531,3,35
531,4,341
531,5,807
531,6,3555
531,7,751
532,1,0
532,2,0
532,3,62
532,4,127
532,5,391
532,6,416
532,7,108
533,1,0
533,2,0
533,3,31
533,4,241
533,5,1153
533,6,2003
533,7,436
534,1,0
534,2,0
534,3,35
534,4,157
534,5,184
534,6,883
534,7,161
535,1,0
535,2,3
535,3,54
535,4,211
535,5,1390
535,6,4495
535,7,840
536,1,0
536,2,11
536,3,207
536,4,484
536,5,8029
536,6,12281
536,7,1273
537,1,0
537,2,0
537,3,33
537,4,108
537,5,68
537,6,287
537,7,241
538,1,0
538,2,2
538,3,132
538,4,17
538,5,319
538,6,826
538,7,98
539,1,0
539,2,0
539,3,0
539,4,165
539,5,166
539,6,16
539,7,0
540,1,0
540,2,0
540,3,0
540,4,2
540,5,27
540,6,4
540,7,1
541,1,0
541,2,1
541,3,43
541,4,89
541,5,563
541,6,1571
541,7,284
542,1,0
542,2,0
542,3,21
542,4,44
542,5,78
542,6,196
542,7,77
543,1,0
543,2,0
543,3,7
543,4,9
543,5,54
543,6,248
543,7,14
544,1,0
544,2,4
544,3,19
544,4,291
544,5,4797
544,6,17663
544,7,5202
545,1,0
545,2,0
545,3,12
545,4,2
545,5,160
545,6,307
545,7,30
546,1,0
546,2,1
546,3,71
546,4,35
546,5,298
546,6,1372
546,7,338
547,1,0
547,2,0
547,3,88
547,4,193
547,5,2101
547,6,7178
547,7,1725
548,1,0
548,2,0
548,3,57
548,4,596
548,5,2459
548,6,9463
548,7,1883
549,1,0
549,2,0
549,3,25
549,4,148
549,5,1993
549,6,3904
549,7,507
550,1,0
550,2,4
550,3,66
550,4,411
550,5,996
550,6,1163
550,7,164
551,1,0
551,2,0
551,3,38
551,4,85
551,5,87
551,6,206
551,7,64
552,1,0
552,2,196
552,3,6671
552,4,14408
552,5,66904
552,6,85874
552,7,19454
553,1,0
553,2,0
553,3,90
553,4,80
553,5,689
553,6,1892
553,7,300
554,1,0
554,2,0
554,3,78
554,4,233
554,5,1185
554,6,4760
554,7,775
555,1,0
555,2,0
555,3,90
555,4,165
555,5,497
555,6,2747
555,7,806
556,1,0
556,2,1
556,3,84
556,4,212
556,5,888
556,6,2849
556,7,418
557,1,0
557,2,0
557,3,7
557,4,83
557,5,151
557,6,1134
557,7,263
558,1,0
558,2,1
558,3,28
558,4,63
558,5,426
558,6,907
558,7,226
559,1,0
559,2,0
559,3,217
559,4,271
559,5,1785
559,6,4891
559,7,993
560,1,0
560,2,14
560,3,1037
560,4,3146
560,5,12284
560,6,13744
560,7,3760
561,1,0
561,2,0
561,3,13
561,4,108
561,5,98
561,6,1477
561,7,697
562,1,0
562,2,0
562,3,9
562,4,309
562,5,2623
562,6,8387
562,7,4167
563,1,0
563,2,27
563,3,13
563,4,42
563,5,225
563,6,332
563,7,74
564,1,0
564,2,0
564,3,10
564,4,84
564,5,207
564,6,540
564,7,61
565,1,0
565,2,13
565,3,54
565,4,157
565,5,1535
565,6,2999
565,7,710
566,1,0
566,2,0
566,3,35
566,4,238
566,5,438
566,6,1379
566,7,1012
567,1,0
567,2,0
567,3,26
567,4,83
567,5,557
567,6,231
567,7,88
568,1,0
568,2,0
568,3,140
568,4,104
568,5,388
568,6,516
568,7,110
569,1,0
569,2,0
569,3,1
569,4,161
569,5,886
569,6,2237
569,7,396
570,1,0
570,2,3
570,3,66
570,4,755
570,5,2416
570,6,1463
570,7,213
571,1,0
571,2,0
571,3,90
571,4,131
571,5,313
571,6,119
571,7,38
572,1,0
572,2,0
572,3,25
572,4,96
572,5,272
572,6,1238
572,7,469
573,1,0
573,2,4
573,3,154
573,4,184
573,5,653
573,6,2311
573,7,428
574,1,0
574,2,26
574,3,49
574,4,92
574,5,1900
574,6,5681
574,7,2649
575,1,0
575,2,1
575,3,20
575,4,123
575,5,258
575,6,582
575,7,185
576,1,0
576,2,0
576,3,256
576,4,331
576,5,1105
576,6,2466
576,7,663
577,1,0
577,2,0
577,3,0
577,4,39
577,5,694
577,6,4090
577,7,385
578,1,0
578,2,1
578,3,13
578,4,31
578,5,101
578,6,249
578,7,44
579,1,0
579,2,2
579,3,33
579,4,23
579,5,273
579,6,396
579,7,134
580,1,0
580,2,0
580,3,23
580,4,273
580,5,1413
580,6,1813
580,7,366
581,1,0
581,2,0
581,3,0
581,4,1
581,5,88
581,6,103
581,7,92
582,1,0
582,2,0
582,3,27
582,4,542
582,5,921
582,6,1492
582,7,346
583,1,0
583,2,30
583,3,161
583,4,136
583,5,1739
583,6,2300
583,7,178
584,1,0
584,2,0
584,3,6
584,4,60
584,5,10
584,6,142
584,7,92
585,1,0
585,2,2
585,3,65
585,4,38
585,5,145
585,6,634
585,7,107
586,1,0
586,2,23
586,3,25
586,4,154
586,5,576
586,6,2881
586,7,741
587,1,0
587,2,12
587,3,155
587,4,369
587,5,6708
587,6,23364
587,7,5299
588,1,0
588,2,0
588,3,100
588,4,71
588,5,257
588,6,281
588,7,60
589,1,0
589,2,0
589,3,167
589,4,193
589,5,302
589,6,468
589,7,100
590,1,0
590,2,6
590,3,71
590,4,143
590,5,636
590,6,2842
590,7,767
591,1,0
591,2,0
591,3,65
591,4,110
591,5,508
591,6,2616
591,7,318
592,1,0
592,2,0
592,3,3
592,4,9
592,5,167
592,6,687
592,7,65
593,1,0
593,2,0
593,3,0
593,4,18
593,5,8
593,6,1
593,7,3
594,1,0
594,2,1
594,3,163
594,4,585
594,5,2842
594,6,7452
594,7,1461
595,1,0
595,2,0
595,3,71
595,4,291
595,5,859
595,6,2122
595,7,211
596,1,0
596,2,0
596,3,38
596,4,103
596,5,280
596,6,287
596,7,88
597,1,0
597,2,0
597,3,9
597,4,45
597,5,344
597,6,2425
597,7,392
598,1,0
598,2,5
598,3,83
598,4,241
598,5,639
598,6,594
598,7,105
599,1,0
599,2,2
599,3,83
599,4,264
599,5,1969
599,6,10927
599,7,4364
600,1,0
600,2,3
600,3,90
600,4,394
600,5,566
600,6,1174
600,7,143
601,1,0
601,2,2
601,3,59
601,4,152
601,5,718
601,6,1004
601,7,113
602,1,0
602,2,0
602,3,4
602,4,74
602,5,155
602,6,923
602,7,275
603,1,0
603,2,3
603,3,70
603,4,136
603,5,1398
603,6,2703
603,7,264
604,1,0
604,2,3
604,3,491
604,4,553
604,5,2796
604,6,10091
604,7,3768
605,1,0
605,2,0
605,3,21
605,4,13
605,5,152
605,6,346
605,7,90
606,1,0
606,2,0
606,3,12
606,4,85
606,5,92
606,6,305
606,7,77
607,1,0
607,2,0
607,3,11
607,4,4
607,5,249
607,6,393
607,7,137
608,1,0
608,2,0
608,3,2
608,4,12
608,5,28
608,6,204
608,7,39
609,1,0
609,2,0
609,3,0
609,4,3
609,5,4
609,6,8
609,7,0
610,1,0
610,2,3
610,3,7
610,4,12
610,5,55
610,6,488
610,7,151
611,1,0
611,2,3
611,3,83
611,4,35
611,5,172
611,6,409
611,7,73
612,1,0
612,2,0
612,3,22
612,4,106
612,5,856
612,6,2166
612,7,570
613,1,0
613,2,0
613,3,3
613,4,53
613,5,230
613,6,172
613,7,29
614,1,0
614,2,0
614,3,19
614,4,105
614,5,289
614,6,602
614,7,208
615,1,0
615,2,1
615,3,95
615,4,57
615,5,404
615,6,1171
615,7,101
616,1,0
616,2,0
616,3,9
616,4,82
616,5,208
616,6,456
616,7,98
617,1,0
617,2,0
617,3,10
617,4,62
617,5,171
617,6,259
617,7,56
618,1,0
618,2,0
618,3,0
618,4,0
618,5,2
618,6,12
618,7,4
619,1,0
619,2,0
619,3,9
619,4,31
619,5,125
619,6,173
619,7,51
620,1,0
620,2,0
620,3,44
620,4,129
620,5,1550
620,6,6585
620,7,1522
621,1,0
621,2,0
621,3,8
621,4,26
621,5,251
621,6,657
621,7,246
622,1,0
622,2,9
622,3,96
622,4,600
622,5,662
622,6,274
622,7,35
623,1,0
623,2,0
623,3,24
623,4,30
623,5,102
623,6,501
623,7,91
624,1,0
624,2,0
624,3,0
624,4,0
624,5,3
624,6,39
624,7,0
625,1,0
625,2,0
625,3,114
625,4,142
625,5,560
625,6,1427
625,7,150
626,1,0
626,2,0
626,3,14
626,4,6
626,5,67
626,6,228
626,7,21
627,1,0
627,2,1
627,3,201
627,4,349
627,5,507
627,6,1529
627,7,191
628,1,0
628,2,0
628,3,1
628,4,87
628,5,551
628,6,1013
628,7,249
629,1,0
629,2,0
629,3,12
629,4,339
629,5,166
629,6,543
629,7,41
630,1,0
630,2,1
630,3,31
630,4,186
630,5,149
630,6,917
630,7,370
631,1,0
631,2,0
631,3,11
631,4,5
631,5,73
631,6,274
631,7,47
632,1,0
632,2,0
632,3,50
632,4,512
632,5,561
632,6,574
632,7,217
633,1,0
633,2,0
633,3,2
633,4,34
633,5,292
633,6,557
633,7,137
634,1,0
634,2,0
634,3,159
634,4,332
634,5,388
634,6,433
634,7,61
635,1,0
635,2,0
635,3,11
635,4,93
635,5,263
635,6,1000
635,7,341
636,1,0
636,2,6
636,3,48
636,4,88
636,5,336
636,6,2176
636,7,211
637,1,0
637,2,0
637,3,21
637,4,22
637,5,449
637,6,1555
637,7,320
638,1,0
638,2,0
638,3,21
638,4,208
638,5,2124
638,6,1688
638,7,172
639,1,0
639,2,0
639,3,50
639,4,339
639,5,1079
639,6,1496
639,7,126
640,1,0
640,2,0
640,3,21
640,4,79
640,5,545
640,6,797
640,7,188
641,1,0
641,2,52
641,3,798
641,4,1754
641,5,6478
641,6,10437
641,7,2612
642,1,0
642,2,0
642,3,9
642,4,33
642,5,505
642,6,1052
642,7,201
643,1,0
643,2,5
643,3,174
643,4,1009
643,5,1690
643,6,1502
643,7,570
644,1,0
644,2,0
644,3,178
644,4,903
644,5,4089
644,6,6164
644,7,871
645,1,0
645,2,0
645,3,0
645,4,0
645,5,5
645,6,15
645,7,8
646,1,0
646,2,0
646,3,8
646,4,126
646,5,208
646,6,421
646,7,230
647,1,0
647,2,0
647,3,3
647,4,4
647,5,1
647,6,7
647,7,0
648,1,0
648,2,0
648,3,0
648,4,0
648,5,0
648,6,1
648,7,1
649,1,0
649,2,3
649,3,62
649,4,61
649,5,108
649,6,696
649,7,236
650,1,0
650,2,2
650,3,18
650,4,40
650,5,6507
650,6,17508
650,7,3088
651,1,0
651,2,4
651,3,191
651,4,658
651,5,3848
651,6,4487
651,7,712
652,1,0
652,2,0
652,3,5
652,4,31
652,5,55
652,6,607
652,7,263
653,1,0
653,2,0
653,3,0
653,4,5
653,5,72
653,6,456
653,7,54
654,1,0
654,2,0
654,3,85
654,4,111
654,5,509
654,6,1342
654,7,194
655,1,0
655,2,4
655,3,44
655,4,139
655,5,1180
655,6,3046
655,7,394
656,1,0
656,2,0
656,3,73
656,4,177
656,5,675
656,6,1531
656,7,270
657,1,0
657,2,3
657,3,5
657,4,16
657,5,38
657,6,249
657,7,162
658,1,0
658,2,88
658,3,1006
658,4,3209
658,5,8240
658,6,7599
658,7,1374
659,1,0
659,2,0
659,3,37
659,4,104
659,5,634
659,6,402
659,7,83
660,1,0
660,2,0
660,3,9
660,4,44
660,5,174
660,6,472
660,7,190
661,1,0
661,2,0
661,3,5
661,4,2
661,5,144
661,6,153
661,7,61
662,1,0
662,2,14
662,3,143
662,4,37
662,5,165
662,6,403
662,7,153
663,1,0
663,2,0
663,3,0
663,4,2
663,5,38
663,6,120
663,7,43
664,1,0
664,2,0
664,3,77
664,4,339
664,5,101
664,6,632
664,7,252
665,1,95
665,2,941
665,3,1660
665,4,13641
665,5,46364
665,6,62260
665,7,13432
666,1,0
666,2,205
666,3,8642
666,4,28045
666,5,55712
666,6,39298
666,7,8351
667,1,0
667,2,0
667,3,35
667,4,359
667,5,2300
667,6,3862
667,7,695
668,1,0
668,2,0
668,3,65
668,4,593
668,5,4326
668,6,7648
668,7,397
669,1,0
669,2,2
669,3,891
669,4,2883
669,5,10006
669,6,10931
669,7,1304
670,1,0
670,2,2
670,3,44
670,4,150
670,5,4281
670,6,11055
670,7,1839
671,1,0
671,2,0
671,3,17
671,4,408
671,5,1238
671,6,1893
671,7,521
672,1,0
672,2,0
672,3,199
672,4,717
672,5,6164
672,6,4302
672,7,271
673,1,0
673,2,0
673,3,51
673,4,339
673,5,1054
673,6,3009
673,7,720
674,1,0
674,2,0
674,3,7
674,4,33
674,5,264
674,6,119
674,7,44
675,1,0
675,2,0
675,3,0
675,4,3
675,5,47
675,6,82
675,7,77
676,1,0
676,2,0
676,3,39
676,4,592
676,5,3464
676,6,3332
676,7,533
677,1,0
677,2,0
677,3,292
677,4,439
677,5,4416
677,6,4325
677,7,657
678,1,0
678,2,0
678,3,2
678,4,66
678,5,693
678,6,1846
678,7,586
679,1,0
679,2,0
679,3,405
679,4,1408
679,5,4228
679,6,4405
679,7,973
680,1,0
680,2,19
680,3,30
680,4,37
680,5,73
680,6,378
680,7,112
681,1,0
681,2,0
681,3,2
681,4,28
681,5,21
681,6,21
681,7,1
682,1,0
682,2,2
682,3,26
682,4,63
682,5,1514
682,6,4064
682,7,1432
683,1,0
683,2,3
683,3,544
683,4,151
683,5,601
683,6,1114
683,7,124
684,1,0
684,2,3
684,3,75
684,4,177
684,5,993
684,6,2509
684,7,623
685,1,0
685,2,0
685,3,45
685,4,214
685,5,181
685,6,377
685,7,144
686,1,0
686,2,0
686,3,184
686,4,1019
686,5,3149
686,6,7243
686,7,920
687,1,0
687,2,32
687,3,532
687,4,189
687,5,315
687,6,601
687,7,150
688,1,0
688,2,0
688,3,7
688,4,3
688,5,35
688,6,83
688,7,19
689,1,0
689,2,0
689,3,22
689,4,70
689,5,99
689,6,280
689,7,94
690,1,0
690,2,0
690,3,34
690,4,135
690,5,603
690,6,1337
690,7,225
691,1,0
691,2,0
691,3,4
691,4,67
691,5,60
691,6,508
691,7,185
692,1,0
692,2,0
692,3,0
692,4,0
692,5,0
692,6,1
692,7,0
693,1,0
693,2,0
693,3,0
693,4,1
693,5,23
693,6,40
693,7,9
694,1,0
694,2,0
694,3,0
694,4,0
694,5,4
694,6,135
694,7,17
695,1,0
695,2,0
695,3,20
695,4,31
695,5,174
695,6,466
695,7,83
696,1,0
696,2,0
696,3,154
696,4,146
696,5,857
696,6,1125
696,7,176
697,1,0
697,2,0
697,3,73
697,4,169
697,5,1859
697,6,2827
697,7,807
698,1,0
698,2,0
698,3,21
698,4,45
698,5,125
698,6,678
698,7,181
699,1,0
699,2,55
699,3,754
699,4,1224
699,5,2385
699,6,3545
699,7,613
700,1,0
700,2,1
700,3,63
700,4,122
700,5,1113
700,6,2181
700,7,103
701,1,0
701,2,0
701,3,34
701,4,111
701,5,494
701,6,340
701,7,43
702,1,0
702,2,24
702,3,128
702,4,310
702,5,2286
702,6,5426
702,7,998
703,1,0
703,2,0
703,3,20
703,4,1265
703,5,4567
703,6,4910
703,7,732
704,1,0
704,2,0
704,3,14
704,4,18
704,5,256
704,6,605
704,7,123
705,1,0
705,2,4
705,3,79
705,4,277
705,5,2491
705,6,3783
705,7,508
706,1,0
706,2,3
706,3,313
706,4,548
706,5,2849
706,6,3665
706,7,835
707,1,0
707,2,0
707,3,91
707,4,370
707,5,7372
707,6,4847
707,7,469
708,1,0
708,2,1
708,3,78
708,4,441
708,5,10223
708,6,25929
708,7,3520
709,1,0
709,2,0
709,3,24
709,4,135
709,5,4045
709,6,16195
709,7,2919
710,1,0
710,2,0
710,3,12
710,4,7
710,5,177
710,6,694
710,7,540
711,1,0
711,2,1
711,3,6
711,4,94
711,5,489
711,6,1116
711,7,370
712,1,0
712,2,0
712,3,28
712,4,64
712,5,530
712,6,872
712,7,168
713,1,0
713,2,5
713,3,40
713,4,154
713,5,1194
713,6,2169
713,7,244
714,1,0
714,2,0
714,3,3
714,4,3
714,5,24
714,6,328
714,7,64
715,1,0
715,2,5
715,3,43
715,4,896
715,5,11315
715,6,24796
715,7,4696
716,1,0
716,2,0
716,3,0
716,4,5
716,5,14
716,6,8
716,7,7
717,1,0
717,2,0
717,3,0
717,4,19
717,5,23
717,6,325
717,7,36
718,1,0
718,2,0
718,3,1
718,4,0
718,5,3
718,6,54
718,7,1
719,1,0
719,2,0
719,3,0
719,4,2
719,5,30
719,6,108
719,7,110
720,1,0
720,2,0
720,3,15
720,4,43
720,5,271
720,6,1154
720,7,325
721,1,0
721,2,0
721,3,19
721,4,139
721,5,995
721,6,2750
721,7,1314
722,1,0
722,2,0
722,3,0
722,4,10
722,5,8
722,6,16
722,7,0
723,1,0
723,2,15
723,3,43
723,4,824
723,5,6936
723,6,18243
723,7,4458
724,1,0
724,2,0
724,3,284
724,4,657
724,5,1406
724,6,3047
724,7,592
725,1,0
725,2,0
725,3,6
725,4,92
725,5,164
725,6,1366
725,7,433
726,1,0
726,2,31
726,3,51
726,4,155
726,5,658
726,6,2270
726,7,792
727,1,0
727,2,0
727,3,0
727,4,5
727,5,9
727,6,102
727,7,0
