districtid,monthid,neighbormean,neighborstdev
101,1,0,0.0
101,2,8.6,13.74
101,3,157.8,228.69
101,4,112,50.78
101,5,237.6,52.33
101,6,559,259.18
101,7,155.2,126.54
102,1,0,0.0
102,2,4.44,9.13
102,3,72.56,48.38
102,4,387.33,400.28
102,5,479.11,364.1
102,6,804.33,443.62
102,7,156.33,109.82
103,1,0,0.0
103,2,9.57,10.34
103,3,82.43,68.85
103,4,145.43,111.88
103,5,568.71,335.95
103,6,643.86,430.51
103,7,112,80.73
104,1,0,0.0
104,2,85.71,84.29
104,3,2647.86,3500.21
104,4,7334,10367.43
104,5,21368.71,27721.02
104,6,25557.29,29468.52
104,7,5437.14,6720.71
105,1,0.29,0.49
105,2,6.14,15.82
105,3,195.14,486.55
105,4,1188.71,2627.44
105,5,4755,11964.12
105,6,10375.71,25784.6
105,7,2217.71,5589.34
106,1,0,0.0
106,2,22.83,37.88
106,3,358.5,388.62
106,4,398.67,502.02
106,5,881.67,786.33
106,6,1687.33,1860.8
106,7,377.17,607.71
107,1,0,0.0
107,2,3,4.36
107,3,81.67,102.26
107,4,205.67,124.56
107,5,998.33,490.7
107,6,2121.33,1018.76
107,7,504,116.67
108,1,0,0.0
108,2,3,3.46
108,3,30,7.35
108,4,226.25,46.81
108,5,1286,278.63
108,6,2929.25,974.27
108,7,652.5,202.59
109,1,0,0.0
109,2,5.88,8.51
109,3,77.62,99.67
109,4,426,589.57
109,5,766.38,887.44
109,6,1020.38,782.75
109,7,238.88,214.04
110,1,0.33,0.58
110,2,14,24.25
110,3,457.67,727.5
110,4,2547.67,3915.08
110,5,11076.33,18003.05
110,6,24415.67,38412.87
110,7,5377.33,8231.9
111,1,0,0.0
111,2,2.5,4.72
111,3,31.67,22.11
111,4,50.83,48.94
111,5,323.83,202.46
111,6,732.83,699.41
111,7,141.83,136.9
112,1,0,0.0
112,2,0,0.0
112,3,57.5,94.62
112,4,89.5,65.41
112,5,146.17,238.41
112,6,448.83,561.89
112,7,173.17,200.33
113,1,0,0.0
113,2,16.83,40.26
113,3,221.83,425.01
113,4,568.33,610.76
113,5,922.17,728.77
113,6,1616.83,1932.4
113,7,414.33,601.38
114,1,0,0.0
114,2,4.33,9.22
114,3,20.67,19.61
114,4,111.83,61.72
114,5,528.17,445.57
114,6,2051,1415.46
114,7,554.17,260.09
115,1,0,0.0
115,2,0.67,1.03
115,3,95.33,32.17
115,4,167.5,52.87
115,5,867,463.67
115,6,2551.67,2289.41
115,7,440.67,453.03
116,1,0,0.0
116,2,0.4,0.55
116,3,90.2,47.27
116,4,109.2,60.7
116,5,593.2,263.1
116,6,1645.8,639.93
116,7,356.8,153.01
117,1,0,0.0
117,2,8.5,12.76
117,3,161.5,199.66
117,4,253.6,357.0
117,5,746.2,989.61
117,6,3179.5,7077.07
117,7,1117.9,2502.9
118,1,0,0.0
118,2,5.6,5.59
118,3,47.8,16.98
118,4,86,59.65
118,5,771.8,575.92
118,6,1241.8,1072.63
118,7,244.6,272.33
119,1,0,0.0
119,2,8.67,5.51
119,3,100,66.01
119,4,60,23.0
119,5,203,71.08
119,6,1113,761.36
119,7,229.33,94.48
120,1,0,0.0
120,2,7.33,5.13
120,3,132.5,101.86
120,4,367.83,167.55
120,5,831.33,372.95
120,6,1388.67,1076.35
120,7,341.17,254.3
121,1,0,0.0
121,2,225.5,413.78
121,3,2497.5,4450.45
121,4,2556,4150.2
121,5,2266.25,2391.17
121,6,2405.75,2240.48
121,7,402,381.89
122,1,0,0.0
122,2,18.71,39.32
122,3,110.57,114.33
122,4,543.29,482.06
122,5,5768.43,5163.37
122,6,13714,11067.55
122,7,2524.14,1739.77
123,1,0,0.0
123,2,2.67,3.12
123,3,87.22,94.58
123,4,350.44,276.99
123,5,800.44,1182.2
123,6,912.33,1394.24
123,7,162.56,216.44
124,1,0,0.0
124,2,0.67,1.32
124,3,36.44,29.72
124,4,109.22,143.48
124,5,501.67,518.51
124,6,1970,1874.72
124,7,451.11,504.68
125,1,0,0.0
125,2,0,0.0
125,3,1,1.41
125,4,41,53.74
125,5,86.5,95.46
125,6,172.5,84.15
125,7,36.5,30.41
126,1,0,0.0
126,2,0.5,1.22
126,3,32.17,29.04
126,4,37,48.29
126,5,113.83,176.52
126,6,377.17,404.73
126,7,212.83,306.22
127,1,0,0.0
127,2,0.5,0.58
127,3,75,8.04
127,4,153.75,49.85
127,5,653.5,173.78
127,6,1784.5,713.52
127,7,287.5,89.16
128,1,0,0.0
128,2,4.5,9.14
128,3,234.33,185.78
128,4,130,129.23
128,5,412.17,261.95
128,6,573,366.65
128,7,94.33,56.03
129,1,0,0.0
129,2,0.75,0.96
129,3,160.25,188.57
129,4,394.75,276.67
129,5,2024.5,1298.32
129,6,4095.25,3136.96
129,7,886.5,924.05
130,1,0,0.0
130,2,9.83,10.65
130,3,122,59.57
130,4,191.33,144.87
130,5,2386.83,2811.22
130,6,3719.67,4212.18
130,7,369.67,444.96
131,1,0,0.0
131,2,0,0.0
131,3,39,71.7
131,4,50.8,79.87
131,5,242.4,109.93
131,6,596.8,267.91
131,7,151.6,94.92
132,1,0.03,0.17
132,2,0.03,0.17
132,3,6.09,16.91
132,4,66.3,204.75
132,5,153.7,285.96
132,6,399.67,769.32
132,7,94.88,190.62
133,1,0,0.0
133,2,0.75,0.96
133,3,40,14.9
133,4,152.25,83.83
133,5,359.25,190.45
133,6,988.25,285.56
133,7,196,83.79
134,1,0,0.0
134,2,7.5,15.0
134,3,73.25,63.11
134,4,91,50.34
134,5,1103.25,813.64
134,6,1720,842.35
134,7,173,61.65
135,1,0,0.0
135,2,18.6,27.85
135,3,352.2,392.02
135,4,1339.8,1474.57
135,5,4854.2,4146.19
135,6,12755.8,9459.78
135,7,2497,1774.63
136,1,0,0.0
136,2,0.17,0.41
136,3,110,45.46
136,4,126.33,47.25
136,5,453.33,255.83
136,6,1419.83,696.71
136,7,252.33,128.43
137,1,0,0.0
137,2,0.83,1.33
137,3,90.5,50.41
137,4,182.17,112.96
137,5,831.17,629.34
137,6,2253.33,2428.32
137,7,388,458.34
138,1,0,0.0
138,2,4,6.36
138,3,84.4,82.3
138,4,187.6,85.21
138,5,1875.4,816.6
138,6,5403.6,2114.36
138,7,1109,542.45
139,1,0,0.0
139,2,0,0.0
139,3,32,26.29
139,4,72.67,35.95
139,5,74,54.11
139,6,240,38.11
139,7,99.33,69.26
140,1,16.14,42.71
140,2,489,1281.43
140,3,2460.57,6116.56
140,4,10118,25314.24
140,5,8026,17760.17
140,6,7213.86,14112.02
140,7,2409.86,4870.23
141,1,0,0.0
141,2,0.2,0.45
141,3,65,54.16
141,4,75,63.54
141,5,444,262.11
141,6,1671,733.59
141,7,272.4,148.0
142,1,0,0.0
142,2,4.71,12.04
142,3,84.43,156.06
142,4,191,319.79
142,5,611.14,1223.33
142,6,3880.86,8536.64
142,7,1521.29,2965.88
143,1,0,0.0
143,2,0,0.0
143,3,17.83,11.51
143,4,66.17,55.18
143,5,167.67,131.18
143,6,985,624.37
143,7,337,270.67
144,1,0,0.0
144,2,0.67,1.21
144,3,43.33,34.7
144,4,168.5,112.4
144,5,571.83,401.29
144,6,2421.17,1638.12
144,7,611.5,390.35
145,1,0,0.0
145,2,14.75,37.37
145,3,118.12,118.39
145,4,420.25,544.62
145,5,4407.25,5960.24
145,6,10180.12,10600.18
145,7,1601.88,1095.4
146,1,0,0.0
146,2,3.86,5.93
146,3,72.29,28.79
146,4,166.57,83.19
146,5,958.86,351.37
146,6,1933.43,632.45
146,7,213.71,98.16
147,1,0,0.0
147,2,0,0.0
147,3,17,13.88
147,4,108,109.45
147,5,296,234.01
147,6,1154.25,1010.75
147,7,653.75,575.86
148,1,0,0.0
148,2,0,0.0
148,3,28.86,26.95
148,4,130,101.38
148,5,511.71,943.06
148,6,1790.86,2947.21
148,7,943.86,1449.03
149,1,0,0.0
149,2,0.38,1.06
149,3,19.12,17.25
149,4,54.88,49.21
149,5,200.62,161.96
149,6,542.25,294.45
149,7,119.62,57.39
150,1,0,0.0
150,2,0.33,0.58
150,3,66.33,45.24
150,4,91.33,56.76
150,5,396,255.18
150,6,1259.33,689.95
150,7,162.33,78.23
151,1,0,0.0
151,2,0,0.0
151,3,29.17,27.52
151,4,176,101.22
151,5,648.83,986.95
151,6,2177.5,3170.42
151,7,1154.17,1555.07
152,1,0,0.0
152,2,0.67,1.63
152,3,108.17,44.15
152,4,153.67,93.14
152,5,465.83,200.77
152,6,481.5,227.45
152,7,77.17,38.48
153,1,0,0.0
153,2,0,0.0
153,3,23.43,15.7
153,4,46.57,26.26
153,5,203,96.69
153,6,366.29,218.74
153,7,86.86,44.28
154,1,0,0.0
154,2,6,9.06
154,3,121.2,92.87
154,4,456,276.88
154,5,1171.2,1537.25
154,6,1578.2,1642.3
154,7,273.6,253.62
155,1,0,0.0
155,2,4.5,11.02
155,3,46.17,65.56
155,4,103.67,130.59
155,5,669.33,734.05
155,6,1206.33,910.28
155,7,149.17,122.77
156,1,0,0.0
156,2,0,0.0
156,3,78.67,106.64
156,4,220,268.17
156,5,786.5,851.24
156,6,2332,1519.59
156,7,428.83,280.56
157,1,0,0.0
157,2,0.5,0.55
157,3,89.83,136.35
157,4,41.67,48.31
157,5,234.17,142.79
157,6,454.17,147.51
157,7,90.5,55.74
158,1,0,0.0
158,2,2,4.43
158,3,89.14,59.66
158,4,182.43,256.25
158,5,1417.86,2489.08
158,6,4003.43,6740.77
158,7,834.14,1433.22
159,1,0,0.0
159,2,3,2.24
159,3,111.8,89.9
159,4,292.8,222.82
159,5,1158.4,1528.85
159,6,1674,1640.96
159,7,282.2,253.71
160,1,0,0.0
160,2,9.8,16.89
160,3,102.8,132.17
160,4,82.6,76.93
160,5,335.2,387.88
160,6,1151.8,1439.36
160,7,294.8,304.07
161,1,0,0.0
161,2,2,1.58
161,3,63.6,54.83
161,4,130.8,45.83
161,5,671.4,270.9
161,6,1930.2,583.93
161,7,428.2,170.14
162,1,0,0.0
162,2,0.14,0.38
162,3,23.14,26.53
162,4,72,30.69
162,5,149.71,116.0
162,6,1084.71,746.58
162,7,343.86,172.06
163,1,0,0.0
163,2,31.4,64.2
163,3,347.4,410.46
163,4,431.2,521.66
163,5,1374.4,1600.28
163,6,1573.6,2120.56
163,7,277,401.26
164,1,0,0.0
164,2,10.2,19.49
164,3,67.4,41.52
164,4,229.2,282.96
164,5,696.6,953.48
164,6,2501.2,2943.76
164,7,348.8,293.5
165,1,0,0.0
165,2,7,8.63
165,3,143.33,215.79
165,4,683.17,1094.45
165,5,1777,2840.02
165,6,4213.33,6292.71
165,7,916.83,1250.37
166,1,0,0.0
166,2,0.17,0.41
166,3,4.83,7.91
166,4,28.17,29.01
166,5,281.5,254.96
166,6,1049.83,1011.88
166,7,194.83,163.47
167,1,0,0.0
167,2,0.6,0.89
167,3,81.6,28.69
167,4,122.8,44.35
167,5,571,289.83
167,6,1402.2,620.91
167,7,230.4,178.47
168,1,0,0.0
168,2,1.17,1.47
168,3,37.83,22.83
168,4,48.17,26.33
168,5,168.33,73.52
168,6,848.5,225.31
168,7,223,82.88
169,1,0,0.0
169,2,15.17,32.33
169,3,302.5,523.54
169,4,824.83,1476.94
169,5,2883.5,3095.11
169,6,6686.5,5104.83
169,7,1523,1135.42
170,1,0,0.0
170,2,8.2,11.43
170,3,106,72.96
170,4,243.8,153.54
170,5,2203.4,3257.69
170,6,3576.8,4884.62
170,7,354.8,515.71
171,1,0.56,1.67
171,2,2.11,1.83
171,3,98.78,130.68
171,4,342.11,349.37
171,5,2413.56,1489.12
171,6,7013.11,5295.7
171,7,1651.89,1401.5
172,1,0,0.0
172,2,2.33,4.8
172,3,69,83.51
172,4,784.83,1671.46
172,5,9495.67,20329.77
172,6,14263,29074.91
172,7,3151.17,6127.51
173,1,0,0.0
173,2,0,0.0
173,3,12.67,13.87
173,4,129,27.73
173,5,1280.33,733.81
173,6,1978,724.12
173,7,508.33,235.53
174,1,0,0.0
174,2,4.4,4.39
174,3,80.2,105.73
174,4,99,137.26
174,5,444.4,577.35
174,6,864,1280.28
174,7,163.6,221.24
175,1,0,0.0
175,2,6.75,11.59
175,3,105.25,60.7
175,4,228.25,132.68
175,5,1603.25,751.32
175,6,3816.25,2978.21
175,7,770.25,746.82
176,1,0,0.0
176,2,7.25,8.46
176,3,119,87.97
176,4,180.5,53.76
176,5,548,218.73
176,6,1929.25,824.17
176,7,455,93.48
177,1,0,0.0
177,2,3.75,9.41
177,3,78.75,56.58
177,4,128.88,82.86
177,5,535.62,289.81
177,6,1582,1029.4
177,7,166.62,120.88
178,1,0,0.0
178,2,6.4,14.31
178,3,113,181.25
178,4,214,380.65
178,5,835,1417.98
178,6,5401,9977.0
178,7,2053.8,3467.71
179,1,0,0.0
179,2,15.57,35.55
179,3,89.29,144.4
179,4,285.14,207.1
179,5,827.43,1132.82
179,6,1137.86,1255.89
179,7,220.43,192.5
180,1,0,0.0
180,2,42,38.03
180,3,447.75,509.67
180,4,1156.75,1467.84
180,5,2777.25,3779.36
180,6,2940.75,3459.84
180,7,523.75,625.1
181,1,0,0.0
181,2,284.33,485.57
181,3,3067.67,5270.94
181,4,2946.33,5011.45
181,5,2039,3089.47
181,6,2033.33,2586.47
181,7,339.33,429.24
182,1,0,0.0
182,2,10.67,12.09
182,3,121,85.08
182,4,100,89.97
182,5,388.33,521.74
182,6,767,717.17
182,7,172.83,112.66
183,1,0,0.0
183,2,14.57,35.94
183,3,105.86,140.36
183,4,209,111.78
183,5,931.14,789.36
183,6,1369.43,941.71
183,7,326.71,284.03
184,1,0,0.0
184,2,0,0.0
184,3,45.14,32.48
184,4,213.86,165.0
184,5,430.14,310.86
184,6,691.71,572.95
184,7,202,174.88
185,1,0,0.0
185,2,9.83,11.62
185,3,101.67,66.59
185,4,167.33,158.05
185,5,2331,2835.68
185,6,3711.67,4249.28
185,7,361.33,451.81
186,1,0,0.0
186,2,5.4,12.07
186,3,10.2,4.32
186,4,32,32.34
186,5,199,81.19
186,6,426.6,142.77
186,7,86.2,42.54
187,1,19,42.49
187,2,192.2,418.63
187,3,436,686.82
187,4,3075.2,5921.17
187,5,10816.2,19906.58
187,6,17003.4,25305.03
187,7,3809.6,5387.65
188,1,19,42.49
188,2,188.2,420.83
188,3,339,738.62
188,4,2738.8,6094.52
188,5,9385.2,20671.83
188,6,12755.2,27674.26
188,7,2766.4,5962.32
189,1,0,0.0
189,2,3.88,4.85
189,3,119.75,112.16
189,4,228.25,149.81
189,5,797.38,441.25
189,6,1912.88,1076.68
189,7,506.62,203.32
190,1,0,0.0
190,2,25.33,59.15
190,3,252.33,395.73
190,4,296,480.29
190,5,933.17,1552.52
190,6,1231.83,1999.32
190,7,228.5,372.41
191,1,0,0.0
191,2,0,0.0
191,3,30.33,25.77
191,4,130.67,116.26
191,5,102.17,66.2
191,6,369.17,173.17
191,7,209,142.81
192,1,0,0.0
192,2,0.4,0.89
192,3,45.8,40.89
192,4,67.8,44.39
192,5,197,197.33
192,6,441.4,257.27
192,7,101.8,53.27
193,1,0,0.0
193,2,0.33,0.82
193,3,39.33,43.63
193,4,61.17,51.13
193,5,383.5,292.56
193,6,1428.67,1196.31
193,7,215,191.45
194,1,0,0.0
194,2,0,0.0
194,3,33.6,25.73
194,4,97.6,19.35
194,5,339.4,132.45
194,6,1495,595.13
194,7,332.2,116.23
195,1,0,0.0
195,2,173,375.7
195,3,1865.8,4074.3
195,4,1841.8,3852.43
195,5,1852.4,2144.48
195,6,2135.2,1880.75
195,7,403.8,343.53
196,1,0,0.0
196,2,0,0.0
196,3,37.6,33.07
196,4,84.4,53.28
196,5,277.2,155.53
196,6,1314,769.43
196,7,241,79.81
197,1,0,0.0
197,2,5.25,7.46
197,3,74.25,51.63
197,4,184.5,89.83
197,5,888.25,587.92
197,6,2097.25,1372.93
197,7,424.88,257.07
198,1,0,0.0
198,2,7.33,7.74
198,3,137.17,90.74
198,4,486.33,215.25
198,5,1217.83,1332.88
198,6,1246,1632.24
198,7,199.67,256.88
199,1,0,0.0
199,2,10.6,11.46
199,3,135,107.11
199,4,600.8,712.69
199,5,1099.8,1017.52
199,6,1561.6,1184.46
199,7,373.4,320.03
200,1,0,0.0
200,2,6,7.7
200,3,258.57,227.11
200,4,677.71,986.82
200,5,1776.71,2535.29
200,6,3804.71,5730.99
200,7,834.43,1103.26
201,1,0,0.0
201,2,16,15.35
201,3,114.8,104.16
201,4,94.4,68.62
201,5,325.4,409.41
201,6,1290.8,1420.95
201,7,246.4,302.23
202,1,0,0.0
202,2,9.6,7.5
202,3,215.8,213.51
202,4,709.2,1172.23
202,5,2136.8,2984.5
202,6,4598.8,6804.38
202,7,948,1330.53
203,1,0,0.0
203,2,8.6,12.52
203,3,92.4,45.96
203,4,133.2,49.16
203,5,1160.8,589.83
203,6,1813.6,631.24
203,7,175.8,63.85
204,1,0,0.0
204,2,0.44,0.73
204,3,54.67,90.04
204,4,163.89,163.1
204,5,1345.33,1209.14
204,6,3680.89,4349.5
204,7,875.67,1060.67
205,1,0,0.0
205,2,0,0.0
205,3,33.5,36.35
205,4,99,78.26
205,5,161,96.69
205,6,322.83,315.31
205,7,103.5,64.96
206,1,0,0.0
206,2,0,0.0
206,3,26.5,19.46
206,4,72.83,30.51
206,5,71,49.85
206,6,289.5,197.99
206,7,133,79.16
207,1,0,0.0
207,2,0.75,1.5
207,3,102,101.31
207,4,137,74.73
207,5,456.75,436.05
207,6,1139.75,1116.61
207,7,357.25,270.54
208,1,0.33,0.58
208,2,0.33,0.58
208,3,23,39.84
208,4,401,660.13
208,5,527,750.57
208,6,1333.67,1997.41
208,7,222.67,354.11
209,1,0,0.0
209,2,5.6,10.43
209,3,69.4,52.15
209,4,141.4,115.22
209,5,911,789.55
209,6,1974.2,1963.12
209,7,324.6,381.08
210,1,0,0.0
210,2,11.5,16.26
210,3,16.5,12.02
210,4,120,48.08
210,5,512.5,89.8
210,6,2275,857.01
210,7,726,21.21
211,1,15.83,38.78
211,2,167.5,379.24
211,3,370.67,651.98
211,4,2462.67,5486.62
211,5,8489,18596.3
211,6,14965.5,24810.04
211,7,3927,5591.08
212,1,0.2,0.45
212,2,8.4,18.78
212,3,259.4,580.04
212,4,1417,3159.01
212,5,6401.6,14232.82
212,6,13823.6,30716.54
212,7,2996.8,6644.1
213,1,0,0.0
213,2,6,12.0
213,3,42.75,21.05
213,4,327,170.56
213,5,601,232.11
213,6,862.75,468.74
213,7,257,73.92
214,1,0,0.0
214,2,5.2,11.63
214,3,43.2,29.52
214,4,84.4,43.5
214,5,956.4,852.6
214,6,2289.2,2012.74
214,7,676,1104.56
215,1,0,0.0
215,2,4.5,3.54
215,3,632,366.28
215,4,2231,922.07
215,5,8561.5,2042.83
215,6,9594,1890.8
215,7,1039,374.77
216,1,0,0.0
216,2,0.62,1.41
216,3,35.25,54.08
216,4,60.88,71.92
216,5,461.12,661.19
216,6,640.75,672.89
216,7,140.12,106.35
217,1,0,0.0
217,2,7.17,12.56
217,3,112,175.44
217,4,217,356.05
217,5,887.83,1329.32
217,6,4601.17,9185.97
217,7,1516.83,3280.16
218,1,0,0.0
218,2,12.17,22.03
218,3,144.83,299.05
218,4,258.33,475.64
218,5,674.67,848.05
218,6,1330.5,1269.01
218,7,239.33,224.69
219,1,0,0.0
219,2,3.4,3.85
219,3,78,80.96
219,4,485.6,574.23
219,5,5459.2,5443.59
219,6,12287.6,12857.4
219,7,2212.6,1931.32
220,1,0,0.0
220,2,1,1.29
220,3,102,65.25
220,4,319.86,364.65
220,5,2185.71,1438.78
220,6,5769.29,1947.43
220,7,1394.57,389.6
221,1,0,0.0
221,2,2.4,3.29
221,3,76.8,69.39
221,4,484.2,573.02
221,5,4583.2,5115.33
221,6,11175.8,9715.82
221,7,1863,960.77
222,1,0,0.0
222,2,0.5,0.84
222,3,43.17,25.34
222,4,61.33,69.28
222,5,566.33,754.52
222,6,1655.17,2710.97
222,7,392.67,653.21
223,1,0,0.0
223,2,4.62,6.16
223,3,179.12,293.44
223,4,873.12,963.08
223,5,5616.25,4450.31
223,6,11196.62,10208.7
223,7,2082.38,1997.61
224,1,0,0.0
224,2,5.75,13.53
224,3,170.12,175.93
224,4,105.62,88.85
224,5,403.38,289.78
224,6,1054.38,1141.56
224,7,193,241.95
225,1,0,0.0
225,2,1,2.0
225,3,124.33,123.15
225,4,234.33,125.04
225,5,618.17,553.04
225,6,1034.83,836.95
225,7,160,104.48
226,1,0,0.0
226,2,0.71,1.5
226,3,33.71,50.9
226,4,174.14,133.61
226,5,925.71,376.62
226,6,2337.43,1231.88
226,7,487,288.66
227,1,0.33,0.58
227,2,14,24.25
227,3,436.33,745.36
227,4,2528.67,3932.01
227,5,10996,18074.87
227,6,24252.67,38555.05
227,7,5337.67,8265.74
228,1,0,0.0
228,2,1.29,1.38
228,3,164.86,139.83
228,4,344.29,245.22
228,5,1679.86,1198.76
228,6,3419.14,2868.28
228,7,712.29,576.33
229,1,0,0.0
229,2,2.38,6.32
229,3,84.62,66.27
229,4,208.12,205.97
229,5,775.5,1065.91
229,6,3061.38,3917.55
229,7,861.88,1221.99
230,1,0,0.0
230,2,14,19.8
230,3,441.5,576.29
230,4,2475.5,3343.91
230,5,5127.5,6552.76
230,6,5106,6740.14
230,7,1099.5,1494.12
231,1,0,0.0
231,2,3.67,6.71
231,3,35,38.24
231,4,25.33,32.93
231,5,165.83,78.62
231,6,443.83,281.87
231,7,98.17,49.42
232,1,0,0.0
232,2,0,0.0
232,3,0.4,0.89
232,4,5,3.74
232,5,118.4,52.85
232,6,416.2,160.39
232,7,101.4,39.58
233,1,0,0.0
233,2,0,0.0
233,3,146.5,10.61
233,4,326.5,255.27
233,5,1249,554.37
233,6,1908,1107.33
233,7,168,11.31
234,1,0,0.0
234,2,0.8,1.79
234,3,92,81.29
234,4,307.8,405.64
234,5,1472,1059.62
234,6,4147,2455.91
234,7,900.4,522.64
235,1,0,0
235,2,0,0
235,3,34,0
235,4,111,0
235,5,494,0
235,6,340,0
235,7,43,0
236,1,0,0.0
236,2,4.33,10.61
236,3,61.17,76.95
236,4,74.83,80.75
236,5,282.33,266.73
236,6,731.17,1073.59
236,7,172,228.63
237,1,0,0.0
237,2,17.25,32.53
237,3,269.25,448.51
237,4,1029.75,1440.84
237,5,3272.25,4899.66
237,6,7594.25,11856.84
237,7,1447.5,2023.4
238,1,0,0.0
238,2,2.2,3.03
238,3,87,55.47
238,4,200.4,94.19
238,5,830.8,579.8
238,6,2840.2,769.19
238,7,350.4,149.92
239,1,0,0.0
239,2,0,0.0
239,3,45.6,66.35
239,4,144.2,115.27
239,5,593.2,359.55
239,6,1230.4,687.57
239,7,249.6,170.86
240,1,0,0.0
240,2,0.8,1.79
240,3,43.4,46.28
240,4,120.2,102.1
240,5,958.4,938.06
240,6,1404.2,1178.4
240,7,354.4,330.1
241,1,0,0.0
241,2,20.17,39.31
241,3,221,425.52
241,4,563,631.35
241,5,1138.67,1339.01
241,6,1863.67,2182.61
241,7,408.83,617.64
242,1,0,0.0
242,2,0,0.0
242,3,29.8,13.08
242,4,221,318.45
242,5,1898.8,2081.53
242,6,6015.6,5259.8
242,7,1219,559.44
243,1,0,0.0
243,2,0.86,2.27
243,3,39.14,30.5
243,4,135,118.06
243,5,350,386.21
243,6,1210.14,1291.69
243,7,334.71,285.65
244,1,0,0.0
244,2,9.71,10.05
244,3,270,228.63
244,4,1781.43,1642.7
244,5,2495.29,1693.76
244,6,2180,1468.81
244,7,612.86,378.77
245,1,0,0.0
245,2,1.33,2.31
245,3,26,17.52
245,4,76,54.56
245,5,595,508.32
245,6,1997.33,1315.71
245,7,359.67,57.74
246,1,0,0.0
246,2,0.6,0.89
246,3,33.2,45.14
246,4,53.6,45.31
246,5,357.6,287.79
246,6,790.4,386.37
246,7,173.6,156.23
247,1,0,0.0
247,2,1.33,2.42
247,3,52.17,28.48
247,4,174,104.0
247,5,1010.83,570.43
247,6,2683.83,2240.13
247,7,436.33,445.41
248,1,0,0.0
248,2,0,0.0
248,3,30,32.53
248,4,85.5,108.19
248,5,280.5,320.32
248,6,1101,1206.32
248,7,307,414.36
249,1,0,0.0
249,2,51.71,114.44
249,3,401.71,729.85
249,4,245.71,435.93
249,5,621.14,885.44
249,6,1170.86,1994.52
249,7,286.71,461.9
250,1,0,0.0
250,2,0.25,0.5
250,3,15.25,13.79
250,4,65.5,44.11
250,5,357.5,246.19
250,6,602.5,96.18
250,7,199,12.03
251,1,0,0.0
251,2,0,0.0
251,3,10.43,9.81
251,4,85.14,111.0
251,5,537.43,935.09
251,6,1841,2996.6
251,7,901.71,1498.36
252,1,0,0.0
252,2,0.4,0.89
252,3,16.4,18.12
252,4,59,31.34
252,5,317.6,253.19
252,6,1397.2,944.18
252,7,387.8,221.72
253,1,0,0.0
253,2,50.57,114.97
253,3,380.29,739.02
253,4,249.86,435.03
253,5,638.57,886.23
253,6,1298.29,1929.63
253,7,311.71,448.95
254,1,0,0.0
254,2,0.67,1.21
254,3,140,162.69
254,4,470.33,524.8
254,5,1999.33,1533.72
254,6,3250.83,2334.0
254,7,712.83,447.99
255,1,0,0.0
255,2,4,7.35
255,3,52.25,36.37
255,4,146,30.35
255,5,1709.5,894.49
255,6,4776,2854.65
255,7,1132.25,577.6
256,1,0,0.0
256,2,4.75,8.85
256,3,95.25,98.32
256,4,220.75,188.07
256,5,775,520.92
256,6,2610.75,2545.03
256,7,748.75,683.74
257,1,0,0.0
257,2,24.25,47.84
257,3,162.5,175.62
257,4,528,577.99
257,5,732.75,402.32
257,6,737.5,432.71
257,7,149.25,167.77
258,1,0,0.0
258,2,15,26.28
258,3,261.67,400.53
258,4,1015.83,1498.03
258,5,3182.17,4592.29
258,6,7415.17,10769.82
258,7,1370.17,1933.75
259,1,0.33,0.58
259,2,14,24.25
259,3,437.67,744.25
259,4,2421,4024.99
259,5,10794.67,18245.09
259,6,23182.33,39482.7
259,7,4989,8567.69
260,1,0,0.0
260,2,2.17,3.71
260,3,58.17,70.38
260,4,610.83,856.84
260,5,2997.67,3140.82
260,6,3000,2488.11
260,7,395.17,190.36
261,1,0,0.0
261,2,4.33,10.61
261,3,47,59.32
261,4,50.83,63.46
261,5,172.5,304.21
261,6,641.67,1115.85
261,7,179.67,226.73
262,1,0,0
262,2,0,0
262,3,42,0
262,4,31,0
262,5,294,0
262,6,607,0
262,7,72,0
263,1,0,0.0
263,2,5.83,14.29
263,3,80.5,91.47
263,4,147.17,115.74
263,5,263.33,207.06
263,6,391.67,337.03
263,7,103.67,52.63
264,1,0,0.0
264,2,0.5,0.84
264,3,41.33,60.93
264,4,65.83,66.63
264,5,222,117.91
264,6,808.83,466.56
264,7,114.83,72.65
265,1,0,0.0
265,2,1.8,1.64
265,3,154,221.9
265,4,57.6,64.61
265,5,234.2,209.3
265,6,429,392.61
265,7,74,51.0
266,1,0,0.0
266,2,0,0.0
266,3,17.8,13.08
266,4,121,141.83
266,5,643.2,1119.44
266,6,2120.8,3535.16
266,7,1162.2,1716.52
267,1,0,0.0
267,2,3.4,3.13
267,3,50.8,30.49
267,4,143.6,66.52
267,5,847.6,659.9
267,6,2080.6,1204.96
267,7,266,161.31
268,1,0,0.0
268,2,0,0.0
268,3,1.25,1.26
268,4,0.75,1.5
268,5,8.25,10.63
268,6,103.5,150.74
268,7,19.25,29.97
269,1,19,42.49
269,2,189.4,420.16
269,3,360.2,727.19
269,4,3011.8,5952.42
269,5,13682.8,19014.88
269,6,23055.6,25046.16
269,7,4368.8,5464.72
270,1,0.5,0.71
270,2,21,29.7
270,3,648.5,917.12
270,4,3536.5,4994.3
270,5,15938,22519.94
270,6,34389.5,48622.78
270,7,7444.5,10518.21
271,1,0,0.0
271,2,0,0.0
271,3,0.2,0.45
271,4,13.8,20.14
271,5,169.2,344.62
271,6,205.4,233.93
271,7,75.2,120.87
272,1,0,0.0
272,2,0,0.0
272,3,0.25,0.5
272,4,1.5,2.38
272,5,26.25,41.6
272,6,41.5,47.26
272,7,25.25,44.59
273,1,0.2,0.45
273,2,8.4,18.78
273,3,259.4,580.04
273,4,1414.6,3160.35
273,5,6385.2,14241.97
273,6,13795.6,30732.2
273,7,2984,6651.19
274,1,0,0.0
274,2,0,0.0
274,3,10,8.76
274,4,88.75,71.3
274,5,189.75,182.59
274,6,1270.25,1083.61
274,7,435.75,507.08
275,1,0,0.0
275,2,2,2.83
275,3,26,20.36
275,4,247.4,126.59
275,5,1686.6,1474.55
275,6,4297.2,3733.69
275,7,987,1106.07
276,1,0,0.0
276,2,0.38,0.74
276,3,29.75,55.38
276,4,163.12,208.44
276,5,1345.25,1425.77
276,6,3192.38,3748.58
276,7,776.75,964.36
277,1,0,0.0
277,2,20.67,38.57
277,3,114.67,156.34
277,4,187.33,99.4
277,5,325,169.15
277,6,718.17,271.61
277,7,199.67,118.26
278,1,0,0.0
278,2,18,35.91
278,3,111.43,141.36
278,4,194.29,83.39
278,5,365.29,173.75
278,6,764.43,287.72
278,7,196.29,120.63
279,1,28.25,56.5
279,2,855.5,1693.03
279,3,4347.5,7992.75
279,4,18548.75,32693.41
279,5,13864,22954.04
279,6,11339.5,18569.99
279,7,3845.25,6412.73
280,1,0,0.0
280,2,1.75,0.96
280,3,51.5,9.54
280,4,49.5,9.11
280,5,226,86.85
280,6,1325.75,569.62
280,7,255.75,139.92
281,1,0,0.0
281,2,0.43,0.79
281,3,32.29,13.84
281,4,134.14,56.17
281,5,512.29,265.95
281,6,1056.86,592.85
281,7,233.57,163.35
282,1,0,0.0
282,2,0.5,1.22
282,3,33.33,28.97
282,4,135,141.04
282,5,320,257.21
282,6,769.17,480.74
282,7,225.5,166.0
283,1,0,0.0
283,2,15.2,18.85
283,3,72,38.15
283,4,289.6,239.47
283,5,1009.6,884.65
283,6,3371.4,2842.91
283,7,529.8,371.57
284,1,0,0.0
284,2,5.38,14.0
284,3,50.25,47.89
284,4,150.88,260.22
284,5,759.62,1260.67
284,6,1916.25,3198.19
284,7,385.5,604.6
285,1,0,0.0
285,2,1,1.41
285,3,32.25,24.8
285,4,48.5,11.68
285,5,185.25,90.09
285,6,697.25,531.57
285,7,119,103.31
286,1,0,0.0
286,2,5.86,5.43
286,3,77.71,50.71
286,4,111.43,168.52
286,5,361.29,508.17
286,6,1274,1312.83
286,7,342.86,367.75
287,1,0,0.0
287,2,24.25,47.84
287,3,132,188.2
287,4,225.75,96.42
287,5,403,154.33
287,6,976.5,360.27
287,7,251.5,119.58
288,1,0,0.0
288,2,3.33,6.06
288,3,38.5,30.91
288,4,258.17,270.33
288,5,2595.67,1844.69
288,6,7398.67,4206.22
288,7,1331.83,595.85
289,1,11.88,33.59
289,2,117.75,332.64
289,3,229.25,578.48
289,4,1762,4800.41
289,5,5984.38,16316.24
289,6,8599.12,21689.37
289,7,2133.5,4585.47
290,1,0,0.0
290,2,0.5,1.0
290,3,111.25,201.98
290,4,300,441.32
290,5,4136,4297.69
290,6,7693,6965.59
290,7,1079.5,1355.78
291,1,0,0.0
291,2,11,16.02
291,3,123.75,117.6
291,4,449.75,256.0
291,5,1252.75,1744.64
291,6,1856,1800.37
291,7,272.5,296.66
292,1,0,0.0
292,2,170,377.34
292,3,1904.2,4052.78
292,4,1828.8,3859.73
292,5,1393,2360.87
292,6,1305.2,2078.99
292,7,219.4,343.99
293,1,0,0.0
293,2,0,0.0
293,3,44.67,25.03
293,4,102,109.28
293,5,656,860.1
293,6,1100,1194.05
293,7,172.67,147.76
294,1,0,0.0
294,2,0.5,0.84
294,3,52.17,34.83
294,4,255.17,243.85
294,5,2029.67,2472.84
294,6,6383.67,6897.19
294,7,1393,1646.9
295,1,0,0.0
295,2,6,13.42
295,3,42.2,66.48
295,4,72.8,49.25
295,5,578.6,669.59
295,6,1085,805.35
295,7,146,59.47
296,1,0,0.0
296,2,0,0.0
296,3,13.5,10.82
296,4,87.67,110.51
296,5,520,1032.86
296,6,1890.33,3199.77
296,7,913.67,1594.1
297,1,16.14,42.71
297,2,491.86,1280.19
297,3,2463.57,6114.95
297,4,10536.71,25149.25
297,5,8474.57,17613.97
297,6,7360.71,14090.96
297,7,2326.57,4913.78
298,1,0,0.0
298,2,1.22,2.05
298,3,60.56,44.23
298,4,110.67,58.45
298,5,688.56,509.46
298,6,1238.44,599.68
298,7,167.33,62.41
299,1,22.6,50.54
299,2,686.6,1514.07
299,3,3425.8,7214.28
299,4,14129.6,29850.5
299,5,10669.2,21024.96
299,6,8925.6,16927.45
299,7,3015,5838.81
300,1,0,0.0
300,2,5.75,8.96
300,3,78.5,51.51
300,4,165.25,104.87
300,5,1031.62,673.53
300,6,2050.25,1480.52
300,7,298.12,289.89
301,1,0,0.0
301,2,0,0.0
301,3,13.33,15.28
301,4,53,34.7
301,5,401.67,351.57
301,6,626.33,412.89
301,7,97.33,74.77
302,1,0,0.0
302,2,0.38,0.74
302,3,37.12,30.47
302,4,89.88,69.57
302,5,439.12,309.37
302,6,1108,655.39
302,7,230.5,171.79
303,1,0,0.0
303,2,5.33,8.39
303,3,65.33,31.21
303,4,174.67,9.81
303,5,1636.67,1389.9
303,6,4248,4224.71
303,7,1056,838.7
304,1,0,0.0
304,2,0.2,0.45
304,3,57.8,77.64
304,4,96.8,134.41
304,5,582.8,828.96
304,6,1104.2,1086.55
304,7,141,145.28
305,1,0,0.0
305,2,0,0.0
305,3,61.75,77.74
305,4,182.25,223.17
305,5,375.75,148.48
305,6,507,66.26
305,7,240.75,56.93
306,1,0,0.0
306,2,0,0.0
306,3,95.86,51.51
306,4,109.43,70.06
306,5,504.57,301.58
306,6,1471.57,707.37
306,7,258.57,178.77
307,1,0,0.0
307,2,0.25,0.5
307,3,27,13.47
307,4,84,103.35
307,5,227.5,146.14
307,6,724.75,517.98
307,7,417.25,434.49
308,1,0,0.0
308,2,1.14,2.04
308,3,61,27.47
308,4,176.43,84.95
308,5,1135.43,395.26
308,6,2741.86,850.48
308,7,343.14,139.71
309,1,0,0.0
309,2,0.38,0.74
309,3,64,32.78
309,4,116.75,30.2
309,5,565.25,236.5
309,6,1691.12,788.74
309,7,265.75,139.96
310,1,0,0.0
310,2,3.71,9.83
310,3,18.29,16.46
310,4,117.71,107.83
310,5,375.14,676.22
310,6,1186.14,1994.12
310,7,458.71,966.7
311,1,0,0.0
311,2,15,34.58
311,3,177.14,353.76
311,4,234.71,480.62
311,5,647.43,1271.13
311,6,1062,1396.08
311,7,282.71,309.36
312,1,31.67,54.85
312,2,338,523.22
312,3,634.33,894.15
312,4,4976.33,7512.12
312,5,18845.67,23833.33
312,6,29788,28420.48
312,7,6791.67,6005.43
313,1,0,0.0
313,2,8.2,11.67
313,3,117,126.67
313,4,198.8,195.82
313,5,367.4,335.85
313,6,1103.6,652.44
313,7,286.2,184.54
314,1,18.83,46.13
314,2,571.33,1383.34
314,3,2796,6630.77
314,4,11950,27251.09
314,5,9346.67,19129.86
314,6,7699,15473.54
314,7,2518.83,5362.15
315,1,0,0.0
315,2,0,0.0
315,3,38,36.0
315,4,131.25,140.44
315,5,459.25,471.21
315,6,447.75,206.52
315,7,112.5,93.92
316,1,0,0.0
316,2,0,0.0
316,3,33.5,32.59
316,4,74.75,76.97
316,5,116.5,60.6
316,6,287.5,77.94
316,7,92.5,56.05
317,1,0,0.0
317,2,6.86,14.68
317,3,47.71,50.89
317,4,183,272.18
317,5,1029.14,1423.27
317,6,2178.29,3402.1
317,7,423.57,640.69
318,1,0,0.0
318,2,0.33,1.0
318,3,40.67,29.26
318,4,151.44,112.28
318,5,444.33,485.13
318,6,902.78,665.35
318,7,239.33,128.7
319,1,0,0.0
319,2,11,9.03
319,3,204.4,141.48
319,4,855,704.6
319,5,1734.4,1295.72
319,6,2027.6,1069.83
319,7,512.2,282.15
320,1,0,0.0
320,2,2.8,4.21
320,3,60,79.07
320,4,48.4,53.13
320,5,221.4,63.66
320,6,357.6,69.98
320,7,92.4,28.29
321,1,0,0.0
321,2,6.5,14.17
321,3,71,62.71
321,4,269.5,313.27
321,5,1756.25,2439.47
321,6,4714.62,6572.77
321,7,941.38,1391.14
322,1,0,0.0
322,2,3.4,2.3
322,3,85.4,67.46
322,4,220.6,138.18
322,5,525.2,327.34
322,6,1574.8,1044.48
322,7,552.6,349.92
323,1,0,0.0
323,2,1.33,1.21
323,3,69.67,98.41
323,4,183.33,215.87
323,5,2143.5,1859.05
323,6,5460.67,4488.82
323,7,1500.5,1100.33
324,1,0,0.0
324,2,24.4,41.03
324,3,128,164.88
324,4,224,134.1
324,5,505.4,262.95
324,6,1282.6,988.22
324,7,340.6,241.54
325,1,0,0.0
325,2,0.5,0.84
325,3,61.5,45.97
325,4,279.83,255.52
325,5,2620.17,1695.66
325,6,7156.83,4238.92
325,7,1371.17,449.24
326,1,0,0.0
326,2,3.71,9.83
326,3,30.86,24.8
326,4,85.86,41.49
326,5,779.86,760.85
326,6,1922.29,1773.88
326,7,673.43,891.37
327,1,0,0.0
327,2,8.75,14.84
327,3,56.5,41.84
327,4,129.5,84.39
327,5,760.5,399.91
327,6,2712,1904.51
327,7,865.75,602.68
328,1,0,0.0
328,2,0,0.0
328,3,23,6.44
328,4,227.8,222.51
328,5,362.6,323.51
328,6,659.2,497.15
328,7,192,118.18
329,1,0,0.0
329,2,0,0.0
329,3,314,400.53
329,4,787,905.56
329,5,3322.17,4690.41
329,6,5764.33,6510.9
329,7,989,1119.76
330,1,0,0.0
330,2,4.67,10.95
330,3,11,7.97
330,4,29,15.91
330,5,176,52.82
330,6,323.33,90.24
330,7,92.33,34.76
331,1,0,0.0
331,2,4,4.32
331,3,80.71,50.53
331,4,137.71,164.61
331,5,365.57,508.25
331,6,1265.57,1411.22
331,7,307,390.28
332,1,0,0.0
332,2,0,0.0
332,3,534.5,727.74
332,4,1375,1405.56
332,5,6055,6299.34
332,6,9329.83,7252.96
332,7,1456.5,1092.17
333,1,0,0.0
333,2,0.67,2.0
333,3,65.89,89.69
333,4,312.78,158.57
333,5,3019.11,2227.92
333,6,4688.89,2839.62
333,7,849.56,791.97
334,1,0,0.0
334,2,13.5,13.18
334,3,186.25,230.52
334,4,130.5,55.74
334,5,298.75,112.03
334,6,553.25,227.74
334,7,147.5,64.26
335,1,0,0.0
335,2,0,0.0
335,3,9.57,8.81
335,4,11.71,7.27
335,5,71.86,63.2
335,6,222.71,125.66
335,7,73.14,47.03
336,1,0,0.0
336,2,0,0.0
336,3,92,6.24
336,4,265.67,180.46
336,5,741.33,667.9
336,6,3411.67,2533.26
336,7,978.67,711.88
337,1,0,0.0
337,2,7.71,10.83
337,3,125,120.76
337,4,218,149.29
337,5,985,1142.71
337,6,1441.86,1226.63
337,7,239.14,171.32
338,1,0,0.0
338,2,48.67,84.29
338,3,395.33,541.16
338,4,581.67,590.2
338,5,2242,1603.94
338,6,2862,2234.92
338,7,465.33,461.29
339,1,0,0.0
339,2,0.8,1.3
339,3,64.4,39.9
339,4,186.4,164.47
339,5,585.8,533.66
339,6,2401.4,2156.39
339,7,676,613.28
340,1,0,0.0
340,2,10.5,17.16
340,3,73.5,39.55
340,4,149.33,245.96
340,5,599.17,871.44
340,6,2116.83,2742.39
340,7,286,270.51
341,1,0,0.0
341,2,0.83,1.6
341,3,30.33,19.3
341,4,126.17,76.04
341,5,566.33,745.92
341,6,948.5,732.18
341,7,192.83,129.26
342,1,0,0.0
342,2,19.88,33.47
342,3,373.12,502.74
342,4,1098.5,1497.98
342,5,3070.25,4073.17
342,6,5624.5,8411.0
342,7,1082.5,1427.14
343,1,0,0.0
343,2,20.6,34.93
343,3,418.8,578.62
343,4,1383.2,1799.58
343,5,3640,3995.85
343,6,6791.8,6221.7
343,7,1312.8,1176.25
344,1,0,0.0
344,2,2,4.47
344,3,171,161.67
344,4,274.8,226.21
344,5,773,509.97
344,6,771.6,388.29
344,7,117.2,55.45
345,1,0,0.0
345,2,0,0.0
345,3,22.25,31.35
345,4,231.25,176.18
345,5,571.5,753.36
345,6,1795,1059.7
345,7,453,290.89
346,1,0,0.0
346,2,0.25,0.5
346,3,30.5,14.06
346,4,107.75,77.06
346,5,279.75,198.81
346,6,286,65.0
346,7,91,40.97
347,1,0,0.0
347,2,3.25,6.5
347,3,19.25,23.53
347,4,48.5,72.45
347,5,467.5,719.15
347,6,1028,1328.58
347,7,228.25,324.07
348,1,0,0.0
348,2,0,0.0
348,3,41.5,48.26
348,4,82.67,58.94
348,5,363.5,194.9
348,6,1633.5,929.21
348,7,281,174.79
349,1,0,0.0
349,2,4.71,9.88
349,3,57.29,40.87
349,4,115.43,71.51
349,5,560.14,251.96
349,6,1086.71,183.86
349,7,169.14,125.58
350,1,0,0.0
350,2,0,0.0
350,3,25.25,16.13
350,4,182,73.74
350,5,203.25,180.37
350,6,848.75,553.71
350,7,502.5,305.18
351,1,0,0.0
351,2,0.67,1.63
351,3,19.17,12.83
351,4,140.33,102.33
351,5,317.5,426.41
351,6,1037.33,1083.47
351,7,248.5,254.03
352,1,0,0.0
352,2,3.57,9.02
352,3,88.29,28.45
352,4,154.43,90.28
352,5,1028.57,815.52
352,6,2820.71,2483.58
352,7,546.86,599.83
353,1,0,0.0
353,2,3,5.35
353,3,99.5,73.0
353,4,200.75,191.43
353,5,3060,3383.63
353,6,4518.25,5238.44
353,7,442.5,556.97
354,1,0,0.0
354,2,3.6,4.93
354,3,29,28.03
354,4,43.4,48.92
354,5,250.8,155.03
354,6,493.8,115.2
354,7,127.2,39.51
355,1,16.14,42.71
355,2,486.14,1282.69
355,3,2475.14,6114.24
355,4,10599.71,25147.18
355,5,8088.57,17742.56
355,6,6837.57,14272.92
355,7,2307.29,4922.2
356,1,0,0.0
356,2,6,14.56
356,3,57.14,97.55
356,4,71,71.74
356,5,282.29,338.44
356,6,855.29,1255.84
356,7,204.57,265.17
357,1,0,0.0
357,2,0.2,0.63
357,3,16,18.08
357,4,55.6,56.33
357,5,226.8,79.37
357,6,423.8,321.6
357,7,108.6,86.01
358,1,0,0.0
358,2,1.67,4.08
358,3,56.5,50.21
358,4,217.67,88.84
358,5,671.83,470.6
358,6,2867.33,1402.07
358,7,769.83,437.76
359,1,0,0.0
359,2,1,2.0
359,3,18.5,17.14
359,4,95.25,39.33
359,5,484.25,476.65
359,6,2171.25,707.14
359,7,590.25,239.45
360,1,0,0.0
360,2,0.25,0.5
360,3,91,78.15
360,4,291.25,86.82
360,5,445.75,104.44
360,6,839.75,528.0
360,7,208,62.7
361,1,0,0.0
361,2,1.33,1.87
361,3,56.22,49.8
361,4,325.11,295.65
361,5,803.78,500.16
361,6,1765.33,1169.99
361,7,501.11,278.27
362,1,0,0.0
362,2,3.2,4.32
362,3,199.2,184.89
362,4,265.6,219.59
362,5,1018.8,635.96
362,6,1172.2,832.18
362,7,162,97.11
363,1,0,0.0
363,2,3.25,6.5
363,3,28.25,23.36
363,4,68,65.37
363,5,563.25,661.68
363,6,1171.5,1241.84
363,7,234,321.48
364,1,0,0.0
364,2,0,0.0
364,3,27,29.07
364,4,57,89.77
364,5,116,161.84
364,6,370.5,496.49
364,7,235,381.51
365,1,0,0.0
365,2,9,13.42
365,3,77.4,63.85
365,4,123.4,62.16
365,5,921,473.71
365,6,1604.8,545.6
365,7,183,40.33
366,1,0,0.0
366,2,0.75,1.5
366,3,38.5,13.77
366,4,161.5,87.24
366,5,652.5,549.35
366,6,1997.75,1773.35
366,7,584.75,316.99
367,1,15.83,38.78
367,2,166.17,380.14
367,3,506.83,626.96
367,4,2819,5332.87
367,5,9849.83,18004.42
367,6,14466.17,23592.59
367,7,3109.67,5125.04
368,1,0,0.0
368,2,0.14,0.38
368,3,19.57,28.48
368,4,67.71,48.95
368,5,335.29,275.97
368,6,1597.57,1402.3
368,7,276,131.52
369,1,0,0.0
369,2,0,0.0
369,3,8.67,8.02
369,4,298,193.45
369,5,1063.33,570.43
369,6,2060,957.13
369,7,397.33,138.77
370,1,0,0.0
370,2,1.17,1.17
370,3,242.5,168.77
370,4,540.33,500.43
370,5,2155.5,1470.85
370,6,4199.5,3267.43
370,7,959.83,802.29
371,1,0.17,0.41
371,2,7,17.15
371,3,216.33,529.42
371,4,1186,2881.64
371,5,5451.17,12942.28
371,6,11596.83,28010.24
371,7,2533.5,6050.55
372,1,0,0.0
372,2,77.4,170.28
372,3,3103.6,6037.36
372,4,9926.4,18803.02
372,5,12623.4,16353.37
372,6,11942.8,13648.57
372,7,1786.4,1858.21
373,1,0,0.0
373,2,0,0.0
373,3,92.29,144.4
373,4,233.71,344.44
373,5,1658.14,3250.08
373,6,2628.29,2440.17
373,7,295.43,196.27
374,1,0,0.0
374,2,0.78,1.56
374,3,48.44,52.89
374,4,61.89,55.51
374,5,133.67,119.92
374,6,577.22,603.03
374,7,118.67,121.89
375,1,0,0.0
375,2,5.86,15.06
375,3,52.43,48.53
375,4,238.71,253.16
375,5,901.71,1321.81
375,6,2273,3319.85
375,7,464.29,619.89
376,1,0,0.0
376,2,0.8,1.79
376,3,34.6,39.3
376,4,97.6,82.95
376,5,660.4,524.36
376,6,1905.4,1788.26
376,7,413.2,387.43
377,1,0,0.0
377,2,8.4,17.69
377,3,55.2,60.72
377,4,251.6,303.82
377,5,1038.2,1585.72
377,6,2529.2,4054.49
377,7,482.4,776.45
378,1,0,0.0
378,2,0.17,0.41
378,3,35,19.04
378,4,115.17,57.71
378,5,472.67,257.08
378,6,937.17,404.54
378,7,171,93.39
379,1,0,0.0
379,2,1,1.41
379,3,168,175.36
379,4,294.5,204.35
379,5,4348.5,95.46
379,6,7690,4758.83
379,7,1248,835.8
380,1,0,0.0
380,2,9.14,9.58
380,3,143,93.18
380,4,184.57,225.57
380,5,536.14,506.5
380,6,1654.86,1314.01
380,7,400.43,379.91
381,1,0,0.0
381,2,0,0.0
381,3,16.5,0.71
381,4,301,151.32
381,5,859.5,535.28
381,6,1922.5,41.72
381,7,506.5,20.51
382,1,0,0.0
382,2,1.33,2.8
382,3,53.5,50.56
382,4,425.17,512.98
382,5,513.67,452.39
382,6,574.5,376.69
382,7,79.5,25.62
383,1,0,0.0
383,2,6.33,14.09
383,3,54.17,98.85
383,4,131.17,128.74
383,5,307.17,226.61
383,6,739.83,566.82
383,7,149,95.47
384,1,0,0.0
384,2,1,2.24
384,3,30.71,22.2
384,4,105,23.51
384,5,367.14,274.14
384,6,1414,962.8
384,7,451.86,247.02
385,1,0,0.0
385,2,0.4,0.89
385,3,23.8,24.83
385,4,219.4,241.19
385,5,1531.8,1313.26
385,6,2565.4,968.99
385,7,527,91.95
386,1,0,0.0
386,2,2.33,2.08
386,3,78.67,66.46
386,4,298.33,287.97
386,5,2082,2513.08
386,6,3409.67,3170.37
386,7,916.67,863.46
387,1,0,0.0
387,2,5,9.54
387,3,46.2,40.99
387,4,164,103.26
387,5,355.4,311.07
387,6,1156,1021.03
387,7,265.6,260.67
388,1,0,0.0
388,2,0,0.0
388,3,27.4,17.04
388,4,115.6,71.49
388,5,178,81.04
388,6,405.6,279.25
388,7,103,47.24
389,1,0,0.0
389,2,0.2,0.45
389,3,110,68.01
389,4,239.2,187.74
389,5,1121.4,737.39
389,6,2067.2,1076.28
389,7,242,154.58
390,1,0,0.0
390,2,5.2,11.63
390,3,44.2,61.16
390,4,42.6,67.55
390,5,237.6,314.01
390,6,790,1194.81
390,7,181,257.08
391,1,0,0.0
391,2,0.4,0.55
391,3,55.2,24.39
391,4,86.2,62.11
391,5,663.4,810.35
391,6,2136.8,2839.07
391,7,513.8,681.97
392,1,0,0.0
392,2,5.25,8.62
392,3,123.5,74.25
392,4,267,149.0
392,5,753.25,520.89
392,6,2981.75,2229.88
392,7,810.5,639.87
393,1,0,0.0
393,2,4.38,6.5
393,3,73,77.05
393,4,129.38,76.47
393,5,512,324.65
393,6,2018.25,918.06
393,7,515.5,288.58
394,1,0,0.0
394,2,5,10.81
394,3,113.5,72.15
394,4,209.83,85.67
394,5,978.17,597.7
394,6,2344.17,913.13
394,7,245.83,103.19
395,1,0,0.0
395,2,3.33,4.03
395,3,110.67,115.3
395,4,128.5,114.91
395,5,424.83,526.12
395,6,840.5,1161.74
395,7,175.5,201.41
396,1,0,0.0
396,2,51,114.44
396,3,463,703.61
396,4,634,1045.19
396,5,1628.71,2699.06
396,6,3417,6148.57
396,7,714.14,1230.16
397,1,0,0.0
397,2,138.14,312.23
397,3,1486.86,3390.25
397,4,1524.29,3206.17
397,5,1382.29,2025.35
397,6,1594.43,1906.74
397,7,275.14,317.62
398,1,0,0.0
398,2,0,0.0
398,3,167,165.29
398,4,418.5,396.45
398,5,2866.75,4112.44
398,6,4704.75,2542.15
398,7,895.5,610.76
399,1,0,0.0
399,2,0.25,0.5
399,3,69.75,71.3
399,4,203.25,210.59
399,5,656.25,248.31
399,6,1133.5,1081.64
399,7,516,534.51
400,1,0,0.0
400,2,5.2,11.63
400,3,20.2,17.22
400,4,128.8,119.35
400,5,543.2,759.91
400,6,1776.4,2197.26
400,7,676,1109.43
401,1,0,0.0
401,2,0,0.0
401,3,8,9.49
401,4,20.25,21.28
401,5,70.5,63.96
401,6,275.75,286.93
401,7,60,83.72
402,1,0,0.0
402,2,0,0.0
402,3,0.67,1.15
402,4,11.67,14.22
402,5,19,9.17
402,6,42.33,52.37
402,7,0.67,0.58
403,1,0,0.0
403,2,0.5,0.58
403,3,73.75,60.29
403,4,227.75,167.6
403,5,979,499.32
403,6,2308,823.51
403,7,403.25,173.99
404,1,0,0.0
404,2,7.4,15.45
404,3,60.6,109.23
404,4,220,280.78
404,5,194.2,254.99
404,6,395,395.64
404,7,70,60.58
405,1,0,0.0
405,2,2,1.9
405,3,87.33,58.35
405,4,250.5,187.9
405,5,2214.17,1811.0
405,6,5538.83,4614.17
405,7,1428,1186.12
406,1,0,0.0
406,2,0.25,0.5
406,3,60.25,30.08
406,4,136.25,60.25
406,5,952.75,670.04
406,6,1476.25,750.27
406,7,266.75,124.58
407,1,0.29,0.49
407,2,6.14,15.82
407,3,198.71,484.97
407,4,1210.43,2616.75
407,5,4853.71,11919.85
407,6,10532.71,25714.76
407,7,2226.43,5585.37
408,1,0,0.0
408,2,1.75,3.5
408,3,83,78.66
408,4,275.25,348.23
408,5,3458.25,3946.46
408,6,8091.75,12135.31
408,7,1690.75,2203.5
409,1,0.33,0.58
409,2,14,24.25
409,3,432.33,748.82
409,4,2375,4064.27
409,5,10684.33,18340.64
409,6,23047.33,39598.25
409,7,4974,8580.6
410,1,0,0.0
410,2,4.5,7.05
410,3,115.5,97.45
410,4,237.5,74.81
410,5,1531.25,1177.98
410,6,5827.5,4881.34
410,7,1847,1820.2
411,1,0,0.0
411,2,0,0.0
411,3,605.33,392.58
411,4,1588,650.75
411,5,7115,4428.59
411,6,10197.67,7399.04
411,7,1589.67,1444.91
412,1,0,0.0
412,2,0.5,1.0
412,3,102.25,126.63
412,4,270.75,121.23
412,5,2818.5,1771.01
412,6,5357.25,3937.02
412,7,861.75,657.89
413,1,0,0.0
413,2,0,0.0
413,3,4.5,7.69
413,4,16.33,15.28
413,5,151.5,67.08
413,6,460.5,233.28
413,7,163.17,78.6
414,1,0,0.0
414,2,1.5,2.38
414,3,82.75,89.86
414,4,327,313.85
414,5,2512.5,2051.38
414,6,7083.25,5250.24
414,7,1169,613.43
415,1,0,0.0
415,2,0.14,0.38
415,3,20.57,27.17
415,4,112.43,150.41
415,5,2279.14,3770.31
415,6,7235.86,9921.0
415,7,1087.86,1468.61
416,1,0,0.0
416,2,0.5,1.22
416,3,20,16.38
416,4,90.83,77.99
416,5,176.33,159.49
416,6,714.5,497.52
416,7,414.17,295.78
417,1,0,0.0
417,2,0.86,1.46
417,3,17.43,14.81
417,4,63.57,98.64
417,5,121.14,156.09
417,6,434.71,325.14
417,7,219.57,280.15
418,1,0,0.0
418,2,4.14,7.13
418,3,71.71,87.71
418,4,54,35.06
418,5,141.57,80.62
418,6,464.43,216.37
418,7,160.71,98.33
419,1,0,0.0
419,2,1,2.0
419,3,26.75,13.77
419,4,193.5,81.06
419,5,1221,398.07
419,6,2821.75,1620.29
419,7,497,331.15
420,1,0,0.0
420,2,1.5,1.91
420,3,56.75,51.92
420,4,178.5,178.07
420,5,752,651.78
420,6,2613.25,3278.43
420,7,417.25,391.58
421,1,0,0.0
421,2,0,0.0
421,3,0.2,0.45
421,4,9.4,21.02
421,5,165.2,346.8
421,6,141.8,238.27
421,7,64.2,125.81
422,1,31.67,54.85
422,2,339.67,521.88
422,3,635,891.23
422,4,5132.33,7368.74
422,5,23666,19682.57
422,6,36049.67,22774.2
422,7,7266.33,5364.16
423,1,0,0.0
423,2,2.11,4.37
423,3,95.56,142.2
423,4,905.11,1346.59
423,5,8293.33,16256.37
423,6,13140.33,24012.89
423,7,2707,5071.93
424,1,0,0.0
424,2,7.29,12.72
424,3,86.86,81.57
424,4,223.43,201.67
424,5,459.14,297.37
424,6,477.43,453.04
424,7,103.71,94.11
425,1,0,0.0
425,2,0,0.0
425,3,20.6,34.74
425,4,48.8,76.93
425,5,97.4,76.05
425,6,169.6,160.19
425,7,58.2,66.33
426,1,0,0.0
426,2,12.5,13.44
426,3,84,90.51
426,4,387.5,340.12
426,5,740,425.68
426,6,1186,369.11
426,7,156,8.49
427,1,15.83,38.78
427,2,161.33,382.0
427,3,354.83,644.16
427,4,2861.33,5296.12
427,5,13096.5,16722.29
427,6,24070.67,19951.3
427,7,4927.83,4440.35
428,1,0,0.0
428,2,0.8,1.3
428,3,32.4,20.46
428,4,182.8,87.72
428,5,734.4,578.55
428,6,2158.8,1415.39
428,7,595,241.94
429,1,0,0.0
429,2,0,0.0
429,3,0.25,0.5
429,4,11.75,23.5
429,5,206.5,386.02
429,6,217.5,237.68
429,7,80.25,139.31
430,1,0,0.0
430,2,2.8,2.59
430,3,71,23.13
430,4,159.6,61.21
430,5,1018.6,485.66
430,6,3191.8,2228.02
430,7,521.6,452.19
431,1,0,0.0
431,2,0,0.0
431,3,74,54.6
431,4,117.83,79.67
431,5,609.67,278.63
431,6,497.17,218.35
431,7,91.33,38.87
432,1,0,0.0
432,2,0.29,0.76
432,3,22.71,28.48
432,4,163.43,239.87
432,5,121.29,110.63
432,6,342.86,258.28
432,7,93.43,88.47
433,1,0,0.0
433,2,0.2,0.45
433,3,42,22.55
433,4,87.2,62.34
433,5,620.6,221.01
433,6,1665.8,283.1
433,7,331.2,142.92
434,1,0,0.0
434,2,7,10.6
434,3,118.67,81.79
434,4,186.67,161.99
434,5,2175.67,2915.9
434,6,3597.67,4382.63
434,7,335,463.01
435,1,0,0.0
435,2,0.62,1.41
435,3,31.75,55.56
435,4,62.75,70.24
435,5,431.25,674.99
435,6,547.38,678.58
435,7,125.5,108.22
436,1,0,0.0
436,2,3.71,9.83
436,3,23.14,21.32
436,4,68.86,31.71
436,5,486.43,632.08
436,6,1319.14,1955.54
436,7,459.14,966.59
437,1,0,0.0
437,2,0.6,0.89
437,3,87,42.0
437,4,185,162.72
437,5,978.8,469.99
437,6,3757,1548.56
437,7,886.8,564.64
438,1,0,0.0
438,2,0,0.0
438,3,0,0.0
438,4,32.5,20.51
438,5,16.5,12.02
438,6,24,32.53
438,7,2,1.41
439,1,0,0.0
439,2,1,1.41
439,3,14.5,20.51
439,4,334,469.52
439,5,46.5,62.93
439,6,230.5,320.32
439,7,30.5,43.13
440,1,0,0.0
440,2,0,0.0
440,3,0,0.0
440,4,1,1.0
440,5,18,13.11
440,6,114.67,17.95
440,7,43.33,58.16
441,1,0,0.0
441,2,8.67,15.01
441,3,26.67,20.11
441,4,77.33,28.94
441,5,779.33,970.54
441,6,2328.33,2904.36
441,7,941,1479.17
442,1,0.2,0.45
442,2,8.4,18.78
442,3,259.8,579.81
442,4,1432.2,3150.67
442,5,6422.8,14221.07
442,6,13836.4,30709.48
442,7,2995.2,6644.96
443,1,0.33,0.58
443,2,14,24.25
443,3,432.33,748.82
443,4,2378,4061.77
443,5,10673,18350.24
443,6,22993.33,39644.63
443,7,4992.33,8564.75
444,1,0.25,0.5
444,2,10.5,21.0
444,3,324.75,648.17
444,4,1790,3518.76
444,5,8002.5,15906.39
444,6,17232,34359.37
444,7,3725.75,7437.5
445,1,0.2,0.45
445,2,8.4,18.78
445,3,259.4,580.04
445,4,1416.4,3159.34
445,5,6393,14237.62
445,6,13830.4,30712.85
445,7,2985.6,6650.29
446,1,0.14,0.38
446,2,6,15.87
446,3,185.29,490.22
446,4,1011.57,2670.64
446,5,4567.43,12035.79
446,6,9900,25959.79
446,7,2151.43,5613.78
447,1,0,0.0
447,2,0,0.0
447,3,0.33,0.58
447,4,15.67,27.14
447,5,262,452.93
447,6,186.67,319.85
447,7,97,166.28
448,1,0,0.0
448,2,0.2,0.45
448,3,57.2,55.57
448,4,114.8,69.75
448,5,628.4,198.29
448,6,1547.8,574.82
448,7,311.8,109.18
449,1,0,0.0
449,2,2.86,3.8
449,3,75.57,41.72
449,4,156.71,198.2
449,5,430.14,498.07
449,6,1318.86,1298.4
449,7,265.86,399.55
450,1,0,0.0
450,2,0,0.0
450,3,0,0.0
450,4,17,15.12
450,5,52.25,92.0
450,6,97,176.67
450,7,10,18.06
451,1,0,0.0
451,2,0.33,0.52
451,3,98.17,52.8
451,4,175.67,84.75
451,5,901.33,585.47
451,6,2250.67,742.86
451,7,349.83,165.97
452,1,0,0.0
452,2,2.75,3.2
452,3,67.25,14.8
452,4,148.25,59.96
452,5,512.5,138.95
452,6,1943.75,553.18
452,7,245.25,60.77
453,1,0,0.0
453,2,0,0.0
453,3,55,26.57
453,4,419.2,169.21
453,5,3925.2,2121.97
453,6,4252.2,2211.53
453,7,433.4,163.77
454,1,0,0.0
454,2,1.75,2.36
454,3,62.25,42.7
454,4,168.25,66.11
454,5,1018.5,581.82
454,6,3286.25,2595.69
454,7,542.75,532.77
455,1,0,0.0
455,2,0,0.0
455,3,14.17,9.33
455,4,136.67,107.77
455,5,548.33,1020.94
455,6,2089.17,3152.08
455,7,1073.5,1541.54
456,1,0,0.0
456,2,2,2.83
456,3,81,55.15
456,4,218,31.11
456,5,1056,206.48
456,6,3161,1346.33
456,7,765.5,191.63
457,1,0,0.0
457,2,15.75,34.64
457,3,194.5,364.41
457,4,407.88,392.71
457,5,1080.25,1147.1
457,6,1757.12,1882.47
457,7,405.62,511.51
458,1,0,0.0
458,2,3.83,6.62
458,3,104.5,127.44
458,4,63.67,35.99
458,5,267.33,174.03
458,6,480.5,288.36
458,7,95.33,50.3
459,1,0,0.0
459,2,1.25,1.89
459,3,19.75,11.03
459,4,70.75,60.98
459,5,716,911.0
459,6,837.25,888.24
459,7,157.25,127.31
460,1,0,0.0
460,2,5.8,12.42
460,3,65.4,54.87
460,4,179.6,63.94
460,5,343.6,170.79
460,6,880.4,315.48
460,7,194.2,85.79
461,1,0,0.0
461,2,0.2,0.45
461,3,53.6,52.38
461,4,209.6,144.29
461,5,929,306.95
461,6,2362,1446.04
461,7,460.8,327.79
462,1,0,0.0
462,2,0,0.0
462,3,80,68.76
462,4,140,78.71
462,5,657,305.87
462,6,2108,1165.74
462,7,200.6,85.08
463,1,0,0.0
463,2,1,1.22
463,3,50.2,71.47
463,4,282.6,402.7
463,5,6094.8,8522.33
463,6,13753.2,17721.43
463,7,2106.8,2746.58
464,1,0.2,0.45
464,2,8.4,18.78
464,3,261,579.15
464,4,1436.2,3148.3
464,5,6492.8,14182.65
464,6,13997.2,30620.33
464,7,3027,6627.69
465,1,0,0.0
465,2,0,0.0
465,3,40.17,44.22
465,4,76.33,70.86
465,5,165.5,195.04
465,6,352.33,230.28
465,7,91.5,71.71
466,1,0,0.0
466,2,5.2,11.63
466,3,40,63.61
466,4,58,66.61
466,5,205.8,329.84
466,6,715.6,1228.98
466,7,186.2,254.63
467,1,0,0.0
467,2,11.33,15.33
467,3,147.83,108.28
467,4,118.5,91.51
467,5,323.17,348.3
467,6,1092.17,1282.04
467,7,268,274.83
468,1,0,0.0
468,2,0.6,0.89
468,3,38.2,67.79
468,4,134,84.55
468,5,1744.6,1311.37
468,6,5529.4,4876.15
468,7,1441.8,1284.34
469,1,0.17,0.41
469,2,7,17.15
469,3,218.83,528.23
469,4,1218.5,2866.28
469,5,5434.17,12947.56
469,6,11652.67,27983.75
469,7,2500.83,6065.6
470,1,0,0.0
470,2,1,1.41
470,3,36.4,32.79
470,4,133.4,148.46
470,5,291.4,158.71
470,6,1154.4,537.64
470,7,251.8,142.34
471,1,0,0.0
471,2,20,38.22
471,3,122.67,152.83
471,4,431.17,472.95
471,5,574.33,321.53
471,6,1043.5,989.93
471,7,243.67,264.81
472,1,0,0.0
472,2,0.4,0.89
472,3,84.8,24.24
472,4,161.6,73.47
472,5,1162.8,480.83
472,6,3219,2216.01
472,7,490,467.46
473,1,0,0.0
473,2,1.83,4.02
473,3,47.83,56.19
473,4,122.5,103.2
473,5,532,544.79
473,6,1893.83,1797.35
473,7,487.5,476.26
474,1,0,0.0
474,2,2.33,1.97
474,3,95,90.3
474,4,412.5,449.61
474,5,950.67,1165.07
474,6,1258.5,1123.72
474,7,300.17,240.37
475,1,0,0.0
475,2,144.67,343.22
475,3,1610.33,3696.21
475,4,1580.33,3506.04
475,5,1375.83,2080.72
475,6,1245.67,1855.22
475,7,231.17,297.37
476,1,0,0.0
476,2,3.71,8.98
476,3,47.57,44.4
476,4,112.57,109.74
476,5,922.29,894.95
476,6,2270.14,2816.71
476,7,482,638.76
477,1,0,0.0
477,2,10.33,17.43
477,3,74.5,53.52
477,4,220,277.25
477,5,800.5,925.86
477,6,2857.33,2660.36
477,7,509.5,406.75
478,1,0.2,0.45
478,2,8.4,18.78
478,3,259.8,579.81
478,4,1422.6,3155.89
478,5,6380.6,14244.54
478,6,13782.4,30739.59
478,7,2976.6,6655.32
479,1,0.25,0.5
479,2,10.5,21.0
479,3,324.75,648.17
479,4,1775.5,3528.35
479,5,7973.5,15925.67
479,6,17201,34380.0
479,7,3726.5,7437.01
480,1,0,0.0
480,2,3,1.41
480,3,73.17,45.9
480,4,161,60.92
480,5,576,246.09
480,6,1433.83,780.38
480,7,309,187.57
481,1,0,0.0
481,2,3.25,6.5
481,3,51.75,10.81
481,4,129,35.56
481,5,760,528.31
481,6,1534,1179.13
481,7,372.25,329.61
482,1,0,0.0
482,2,14.71,35.94
482,3,95.29,145.68
482,4,220.43,208.54
482,5,558.14,604.98
482,6,922.71,1010.72
482,7,257.57,316.99
483,1,0,0
483,2,205,0
483,3,8642,0
483,4,28045,0
483,5,55712,0
483,6,39298,0
483,7,8351,0
484,1,0,0.0
484,2,0,0.0
484,3,23.17,12.78
484,4,83.33,84.41
484,5,140.33,168.92
484,6,415.83,376.62
484,7,238,296.66
485,1,0,0.0
485,2,1,1.26
485,3,123.83,79.07
485,4,154.33,99.15
485,5,980,598.25
485,6,1762,1224.49
485,7,185.67,113.61
486,1,0,0.0
486,2,0,0.0
486,3,75.33,59.21
486,4,170.83,185.32
486,5,613.5,555.74
486,6,1656.33,1046.24
486,7,210.17,162.21
487,1,0,0.0
487,2,3.67,5.16
487,3,96.83,118.69
487,4,245.67,166.99
487,5,674.33,406.65
487,6,1670,1233.94
487,7,456.33,307.76
488,1,0,0.0
488,2,2.62,2.72
488,3,65.88,27.29
488,4,150.5,70.57
488,5,767.5,404.06
488,6,2086,969.54
488,7,211.62,91.03
489,1,0,0.0
489,2,0.4,0.89
489,3,88,112.4
489,4,105.2,86.92
489,5,884.4,559.37
489,6,2677.4,2176.0
489,7,686.4,678.68
490,1,0,0.0
490,2,0.17,0.41
490,3,5.83,6.43
490,4,23.17,21.25
490,5,205.67,260.1
490,6,869,971.16
490,7,229.83,140.97
491,1,0,0.0
491,2,0,0.0
491,3,289.25,281.43
491,4,784,985.19
491,5,3965.25,5551.22
491,6,6868,7973.85
491,7,1134.75,1425.44
492,1,0,0.0
492,2,0.25,0.5
492,3,122.25,208.94
492,4,353.75,237.68
492,5,1424.75,963.42
492,6,3706,3364.93
492,7,880.5,929.0
493,1,0,0.0
493,2,40.43,58.46
493,3,444.43,433.69
493,4,597.57,500.12
493,5,1662.86,1228.65
493,6,2644.71,1956.82
493,7,548.57,551.16
494,1,0,0.0
494,2,1.29,2.98
494,3,39.71,70.56
494,4,77.71,117.86
494,5,341.14,505.89
494,6,1040,1116.13
494,7,418.14,423.71
495,1,0,0.0
495,2,1.2,1.64
495,3,50,26.58
495,4,125.6,58.53
495,5,333.4,396.21
495,6,855.8,986.58
495,7,282.4,202.48
496,1,0,0.0
496,2,3.17,4.02
496,3,107.33,62.4
496,4,179.33,159.24
496,5,2099.83,2950.76
496,6,3213.17,4484.39
496,7,336,461.76
497,1,0,0.0
497,2,0.25,0.5
497,3,61,70.26
497,4,330.25,298.4
497,5,1807.25,1576.9
497,6,3581.5,2740.38
497,7,690.5,536.08
498,1,0.33,0.58
498,2,14,24.25
498,3,433,748.25
498,4,2383.33,4057.22
498,5,10678.33,18345.72
498,6,23038.67,39605.41
498,7,4985,8571.08
499,1,15.83,38.78
499,2,163.83,380.91
499,3,361.5,637.35
499,4,2433.67,5492.16
499,5,8531,18543.71
499,6,12624.83,24375.2
499,7,2834.17,5217.81
500,1,0,0.0
500,2,0.33,0.82
500,3,28.83,43.42
500,4,185.33,377.74
500,5,525,724.48
500,6,1052.83,1840.94
500,7,279.17,510.42
501,1,0,0.0
501,2,0,0.0
501,3,11,15.97
501,4,14.4,15.26
501,5,135.4,53.11
501,6,376.2,131.49
501,7,105.2,19.38
502,1,0,0.0
502,2,24.17,38.13
502,3,303,454.04
502,4,797.5,1267.69
502,5,1995,3173.75
502,6,2378.5,2877.65
502,7,437.17,511.58
503,1,0,0.0
503,2,8,12.69
503,3,52.29,74.09
503,4,68.43,77.05
503,5,252.71,252.44
503,6,712.14,974.45
503,7,157.71,212.0
504,1,0,0.0
504,2,38.33,67.67
504,3,1298.11,2794.38
504,4,4551.22,8993.26
504,5,9854.44,17593.8
504,6,10682,12465.11
504,7,2264.44,2654.47
505,1,0,0.0
505,2,31,42.71
505,3,396.6,525.98
505,4,1283,1705.42
505,5,3883.2,5087.26
505,6,6643.6,10798.79
505,7,1168,1869.91
506,1,0,0.0
506,2,0.33,0.52
506,3,56.17,29.25
506,4,94.33,42.16
506,5,970,725.49
506,6,1526.83,781.94
506,7,218.5,123.24
507,1,0,0.0
507,2,0.17,0.41
507,3,112.5,151.94
507,4,388.5,381.77
507,5,2429.17,3445.13
507,6,4823.33,4823.2
507,7,1156.33,1453.15
508,1,0,0.0
508,2,5.5,8.54
508,3,89.5,60.21
508,4,43.25,48.46
508,5,224.25,141.5
508,6,697.5,557.01
508,7,102.5,51.67
509,1,0,0.0
509,2,0.5,0.84
509,3,42,56.85
509,4,225,180.99
509,5,1459.33,1442.05
509,6,4333.67,3834.83
509,7,835.33,1052.34
510,1,0,0.0
510,2,1.33,2.31
510,3,14.33,16.29
510,4,64.67,80.33
510,5,897,1027.04
510,6,1088,1020.96
510,7,210.67,150.05
511,1,0,0.0
511,2,0,0.0
511,3,688.2,778.33
511,4,1473.8,1429.78
511,5,5579,5873.3
511,6,7498.8,6293.56
511,7,1015.2,779.51
512,1,0.25,0.5
512,2,10.5,21.0
512,3,325.25,647.83
512,4,1767.75,3533.5
512,5,7972.5,15926.34
512,6,17308.25,34308.72
512,7,3742,7426.71
513,1,0.25,0.5
513,2,10.5,21.0
513,3,369,624.02
513,4,1798.25,3513.22
513,5,8083,15853.69
513,6,17445.25,34217.95
513,7,3848.25,7357.0
514,1,0,0.0
514,2,0,0.0
514,3,26,30.8
514,4,69.6,27.24
514,5,158.8,117.62
514,6,979,649.92
514,7,334.2,307.52
515,1,0,0.0
515,2,1.5,1.38
515,3,169.67,273.14
515,4,1204,1705.76
515,5,1762.67,1420.54
515,6,1921,1190.68
515,7,417.67,371.31
516,1,0,0.0
516,2,12.67,20.06
516,3,235.67,282.66
516,4,656.5,657.68
516,5,3106.67,2173.77
516,6,7465,4835.72
516,7,1652.83,1270.61
517,1,0.25,0.5
517,2,10.5,21.0
517,3,324.5,648.33
517,4,1783.5,3523.05
517,5,8176.75,15794.18
517,6,17457.25,34209.52
517,7,3805,7385.73
518,1,0,0.0
518,2,0,0.0
518,3,45.6,61.2
518,4,68,83.44
518,5,250.6,195.32
518,6,1210.2,865.32
518,7,143.8,105.41
519,1,0,0.0
519,2,0.5,1.0
519,3,34,35.56
519,4,302,153.82
519,5,1893,1633.7
519,6,5467.25,4395.34
519,7,1184.5,1186.41
520,1,0,0.0
520,2,6,12.0
520,3,61.17,57.26
520,4,92.83,53.43
520,5,864.83,749.42
520,6,1425.33,894.08
520,7,147,85.21
521,1,0,0.0
521,2,67.75,96.64
521,3,2404,4181.24
521,4,7838,13544.53
521,5,16784.75,26382.33
521,6,16331.75,19210.81
521,7,3205.75,3981.37
522,1,0,0.0
522,2,22.62,50.69
522,3,331.5,313.7
522,4,324.75,385.89
522,5,1185.75,1209.39
522,6,1453.38,1658.64
522,7,238.12,322.23
523,1,0,0.0
523,2,10.17,10.23
523,3,257.5,259.78
523,4,1754,1865.59
523,5,2219,1903.89
523,6,2356.83,1352.49
523,7,646.5,382.02
524,1,3,6.71
524,2,16.6,25.66
524,3,61.4,89.14
524,4,135.8,87.66
524,5,649.6,344.84
524,6,1965.8,1231.48
524,7,555,419.89
525,1,0,0.0
525,2,11.4,24.38
525,3,196.4,313.51
525,4,274,531.63
525,5,724.4,942.96
525,6,997.4,1434.76
525,7,164,251.46
526,1,0,0.0
526,2,1,2.24
526,3,58.2,65.52
526,4,335.8,383.82
526,5,651.6,618.8
526,6,907.2,703.83
526,7,375.8,322.28
527,1,0,0.0
527,2,0.2,0.45
527,3,17.2,9.2
527,4,20.4,9.02
527,5,197.8,73.95
527,6,391,123.52
527,7,105.4,41.26
528,1,0.14,0.38
528,2,6,15.87
528,3,185.29,490.22
528,4,1009.86,2671.39
528,5,4562.29,12038.05
528,6,9856.29,25979.02
528,7,2130.43,5622.92
529,1,0,0.0
529,2,1.86,2.54
529,3,81.57,49.62
529,4,190.71,120.04
529,5,988.71,536.32
529,6,3148.86,2025.3
529,7,822.43,618.89
530,1,0,0.0
530,2,0.33,0.82
530,3,52.33,50.03
530,4,115,68.09
530,5,337,229.06
530,6,1545.17,754.24
530,7,273.5,142.24
531,1,0,0.0
531,2,1.67,4.08
531,3,248.17,357.82
531,4,506,613.35
531,5,1625.33,1870.66
531,6,3249.17,2029.95
531,7,529.17,266.77
532,1,0,0.0
532,2,1,2.0
532,3,71.5,28.21
532,4,106.5,40.12
532,5,529,116.58
532,6,584.5,201.88
532,7,104.75,18.41
533,1,0,0.0
533,2,3.2,3.03
533,3,81.4,118.49
533,4,245.6,134.67
533,5,1782.8,1503.34
533,6,2946.2,1347.65
533,7,508.2,227.38
534,1,0,0.0
534,2,0.75,1.5
534,3,75.5,48.77
534,4,114.5,69.91
534,5,204,111.08
534,6,756.25,774.47
534,7,173.5,118.45
535,1,0,0.0
535,2,3.86,8.51
535,3,40.14,25.5
535,4,162.57,123.25
535,5,459.43,380.01
535,6,1375.57,903.28
535,7,353.29,242.11
536,1,0,0.0
536,2,2.44,2.74
536,3,90.56,63.67
536,4,141.56,69.21
536,5,1064,468.78
536,6,2037.44,877.16
536,7,162.78,64.46
537,1,0,0.0
537,2,0.75,1.39
537,3,92.5,87.49
537,4,209.62,138.37
537,5,421.38,435.51
537,6,1206.88,1152.82
537,7,395.38,350.61
538,1,0,0.0
538,2,1.2,1.1
538,3,247.6,156.71
538,4,496.8,223.7
538,5,2334.4,1170.29
538,6,4662.2,3027.71
538,7,1039.4,792.47
539,1,0.5,0.58
539,2,10.75,20.84
539,3,351.75,630.59
539,4,2080.25,3366.7
539,5,8530.5,15560.92
539,6,18587.75,33479.39
539,7,3917.25,7314.48
540,1,0.25,0.5
540,2,0.25,0.5
540,3,21.25,32.71
540,4,300.5,575.13
540,5,438,654.02
540,6,1126,1703.02
540,7,179,303.99
541,1,0,0.0
541,2,1.25,1.5
541,3,52.25,23.01
541,4,129.5,65.92
541,5,1067.25,740.89
541,6,2712.5,1016.71
541,7,521,210.01
542,1,0,0.0
542,2,0,0.0
542,3,25.75,24.23
542,4,71,29.8
542,5,56.75,50.91
542,6,220,48.74
542,7,86.5,66.49
543,1,0,0.0
543,2,3.25,6.5
543,3,37.5,19.74
543,4,100,73.11
543,5,708.5,631.34
543,6,1516.5,1219.69
543,7,380,322.05
544,1,19,42.49
544,2,229.6,399.7
544,3,479.4,668.34
544,4,3385.2,5741.33
544,5,17643.8,16472.51
544,6,30571.6,18063.02
544,7,6024.2,4213.88
545,1,0,0.0
545,2,3.71,6.5
545,3,198.14,193.35
545,4,94.43,81.69
545,5,248.71,177.77
545,6,565.14,257.86
545,7,133.29,27.36
546,1,0,0.0
546,2,0.57,1.13
546,3,88.29,54.01
546,4,139.43,107.1
546,5,743.29,722.63
546,6,1909.57,2356.45
546,7,414.57,580.46
547,1,0,0.0
547,2,0.86,1.21
547,3,62.14,51.09
547,4,93.29,116.62
547,5,492.71,427.04
547,6,849.14,528.61
547,7,163.43,95.0
548,1,0,0.0
548,2,2,1.41
548,3,374,86.27
548,4,579.5,44.55
548,5,2432,589.73
548,6,6013,3320.57
548,7,1527.5,979.34
549,1,0,0.0
549,2,0.75,1.5
549,3,40.25,18.82
549,4,478.5,242.75
549,5,2576,604.05
549,6,2586.25,1190.55
549,7,403.25,252.73
550,1,0,0.0
550,2,13.5,14.48
550,3,158,79.51
550,4,473,181.9
550,5,1501,1567.94
550,6,1756,1866.73
550,7,301,293.12
551,1,0,0.0
551,2,6.8,8.87
551,3,112.2,110.18
551,4,316.8,265.21
551,5,646.6,356.34
551,6,611.2,445.34
551,7,129,100.67
552,1,0,0.0
552,2,56,85.57
552,3,2209.2,3613.89
552,4,6761.8,11950.82
552,5,16315.8,22316.17
552,6,17839.4,12216.5
552,7,4427,2246.34
553,1,0,0.0
553,2,0,0.0
553,3,112.83,91.73
553,4,260,229.06
553,5,850.33,771.99
553,6,2666.83,961.81
553,7,455.17,173.14
554,1,0,0.0
554,2,2.5,5.0
554,3,323.75,421.73
554,4,776.5,664.59
554,5,2643.5,2264.7
554,6,4535,1654.72
554,7,694.25,153.66
555,1,0,0.0
555,2,0.25,0.5
555,3,168,164.53
555,4,585.75,308.54
555,5,3570.5,3817.79
555,6,6853,4692.11
555,7,1666.75,1576.72
556,1,0,0.0
556,2,0.33,0.52
556,3,107.17,53.13
556,4,164,87.61
556,5,866.17,600.03
556,6,2122.5,979.96
556,7,310,159.67
557,1,0,0.0
557,2,2.89,8.67
557,3,37.33,31.66
557,4,110.89,86.99
557,5,621.78,653.21
557,6,2426.11,1887.21
557,7,750.67,807.74
558,1,0,0.0
558,2,1.86,4.49
558,3,97.57,60.57
558,4,193.14,251.94
558,5,1362,2513.61
558,6,3802.86,6840.38
558,7,804.86,1447.22
559,1,13.57,35.91
559,2,151,350.56
559,3,349.71,592.12
559,4,2397.57,4974.95
559,5,10458.14,16574.02
559,6,17405.14,21718.77
559,7,3089,4668.67
560,1,0,0.0
560,2,101,114.96
560,3,4015,4282.22
560,4,10834.25,13228.81
560,5,31629.25,34580.21
560,6,34432.25,37790.06
560,7,8059,8226.88
561,1,0,0.0
561,2,0.56,1.33
561,3,19.11,12.25
561,4,144.56,76.99
561,5,268.33,352.91
561,6,923,918.45
561,7,344.78,225.61
562,1,0,0.0
562,2,0,0.0
562,3,12,7.16
562,4,88,85.81
562,5,149,195.5
562,6,685,889.74
562,7,378.33,440.67
563,1,0,0.0
563,2,16,37.74
563,3,193.83,380.15
563,4,260.33,525.18
563,5,770.83,1350.24
563,6,1038.83,1545.19
563,7,249.83,339.33
564,1,0,0.0
564,2,17.33,37.28
564,3,200.17,381.99
564,4,250.83,526.4
564,5,718,1376.96
564,6,1003.67,1582.97
564,7,254.83,358.1
565,1,0,0.0
565,2,1.14,3.02
565,3,25.57,19.06
565,4,67.14,54.06
565,5,390.43,260.8
565,6,749.43,590.96
565,7,163.43,198.38
566,1,0,0.0
566,2,0,0.0
566,3,24.75,18.57
566,4,54.38,47.44
566,5,175.88,156.47
566,6,695.5,794.94
566,7,343.38,422.62
567,1,0,0.0
567,2,1.5,2.38
567,3,111.25,122.29
567,4,216,226.42
567,5,395.75,349.05
567,6,773.5,967.47
567,7,445.75,778.88
568,1,0,0.0
568,2,12.4,10.11
568,3,290.4,195.09
568,4,220.2,234.0
568,5,804.2,654.65
568,6,1359.4,601.23
568,7,197.8,118.41
569,1,0,0.0
569,2,2.67,4.68
569,3,88.83,114.21
569,4,777.33,1675.28
569,5,9540.5,20312.45
569,6,14487.5,28972.8
569,7,3255.67,6079.52
570,1,0,0.0
570,2,0,0.0
570,3,84,83.11
570,4,360.75,255.34
570,5,4413.25,2763.91
570,6,3685.25,1386.47
570,7,354.75,159.84
571,1,0,0.0
571,2,8.2,15.12
571,3,120.4,137.31
571,4,236.2,204.86
571,5,356,273.75
571,6,447,344.03
571,7,97,54.77
572,1,0,0.0
572,2,6.5,13.0
572,3,34.25,29.79
572,4,79.75,40.37
572,5,674.25,825.23
572,6,2334.5,2231.85
572,7,940.75,1153.44
573,1,0,0.0
573,2,4,3.37
573,3,66,39.87
573,4,172.25,53.77
573,5,1178.75,748.38
573,6,2778.5,1318.61
573,7,535.75,202.18
574,1,0,0.0
574,2,0,0.0
574,3,16.22,21.41
574,4,70.56,31.19
574,5,222,105.87
574,6,815,330.65
574,7,190.22,133.7
575,1,0,0.0
575,2,7.38,11.02
575,3,119.88,181.83
575,4,50.12,67.43
575,5,182.38,87.79
575,6,457.38,232.92
575,7,131.5,99.54
576,1,0,0.0
576,2,4.8,5.26
576,3,417,403.46
576,4,907.6,1258.97
576,5,4282.4,4708.41
576,6,10619.6,6134.09
576,7,3006.2,1580.98
577,1,0,0.0
577,2,0.5,0.84
577,3,19.33,9.95
577,4,138.17,138.44
577,5,2121.33,2580.79
577,6,6777.67,7832.32
577,7,1166.17,1430.33
578,1,0,0.0
578,2,0.83,2.04
578,3,98.83,96.33
578,4,210.17,169.88
578,5,422.17,265.86
578,6,595.33,802.79
578,7,334.83,627.7
579,1,0,0.0
579,2,0,0.0
579,3,33.83,28.42
579,4,55.17,71.72
579,5,528.67,799.52
579,6,1555.83,2765.18
579,7,353.33,673.16
580,1,0,0.0
580,2,6,10.12
580,3,178,303.76
580,4,1110.2,1940.53
580,5,1712.2,1680.69
580,6,1636.6,1593.31
580,7,431,408.2
581,1,0.25,0.5
581,2,10.5,21.0
581,3,326.25,647.17
581,4,1770.75,3531.5
581,5,8124.5,15827.62
581,6,17434.75,34226.66
581,7,3806.75,7385.17
582,1,0,0.0
582,2,4.83,9.6
582,3,58.33,60.26
582,4,315.67,358.01
582,5,595.33,584.77
582,6,730.33,576.2
582,7,283,202.62
583,1,0,0.0
583,2,4.25,5.52
583,3,50.25,25.76
583,4,85.75,49.29
583,5,601.38,346.02
583,6,1281.88,524.9
583,7,143.38,63.08
584,1,0,0.0
584,2,0,0.0
584,3,36,28.54
584,4,138.25,136.48
584,5,78,46.32
584,6,464.75,220.72
584,7,179.5,95.57
585,1,0,0.0
585,2,9.38,16.37
585,3,57.5,43.43
585,4,141.88,209.33
585,5,548.62,761.68
585,6,1760.62,2535.12
585,7,293.12,311.15
586,1,2.14,5.67
586,2,9.29,21.95
586,3,66.14,70.38
586,4,126.86,84.29
586,5,656,476.6
586,6,1994,1467.95
586,7,518.71,412.79
587,1,0,0.0
587,2,7,5.72
587,3,282.5,411.58
587,4,1198.75,1149.28
587,5,7765.75,2376.89
587,6,18277,6278.16
587,7,3987.25,1815.91
588,1,0,0.0
588,2,5.17,8.89
588,3,201,176.45
588,4,198.5,127.71
588,5,505.83,244.65
588,6,628.83,373.35
588,7,108.17,51.86
589,1,0,0.0
589,2,4,10.15
589,3,13.57,6.85
589,4,24.29,12.92
589,5,205.43,102.08
589,6,427.14,291.73
589,7,122.29,65.25
590,1,0,0.0
590,2,1.14,2.04
590,3,55.57,68.96
590,4,200,141.64
590,5,585.71,363.54
590,6,1621,988.32
590,7,545,338.27
591,1,0,0.0
591,2,1.83,2.48
591,3,107.83,49.9
591,4,203.67,66.55
591,5,664.5,142.95
591,6,1853.5,848.77
591,7,244.33,127.26
592,1,0,0.0
592,2,0,0.0
592,3,90.5,72.2
592,4,201.5,189.55
592,5,891.17,786.11
592,6,2127.83,1309.21
592,7,193.83,135.51
593,1,0,0
593,2,0,0
593,3,0,0
593,4,8,0
593,5,14,0
593,6,9,0
593,7,0,0
594,1,0,0.0
594,2,1,1.29
594,3,62.71,91.58
594,4,202.86,269.44
594,5,1308,1294.12
594,6,1797.71,988.77
594,7,380.71,221.12
595,1,0,0.0
595,2,2.71,4.07
595,3,125.14,73.64
595,4,219.14,127.58
595,5,2005.57,2694.75
595,6,3878.71,3839.24
595,7,393.86,415.35
596,1,0,0.0
596,2,0,0.0
596,3,76,32.6
596,4,194.67,31.77
596,5,397.67,286.12
596,6,992.33,1061.46
596,7,631,851.31
597,1,0,0.0
597,2,1,1.55
597,3,19.83,16.04
597,4,70.67,44.76
597,5,342.5,425.01
597,6,1162.5,1071.81
597,7,365,278.44
598,1,0,0.0
598,2,9.4,8.62
598,3,73,44.46
598,4,248.2,173.7
598,5,745.4,405.49
598,6,1864.2,1149.4
598,7,393.6,249.36
599,1,0,0.0
599,2,13,19.78
599,3,359.83,274.77
599,4,578.83,589.61
599,5,3331,1833.81
599,6,8866,5365.4
599,7,2051.83,1271.95
600,1,0,0.0
600,2,6.86,16.86
600,3,45.14,39.43
600,4,165.29,223.28
600,5,657.14,883.9
600,6,2189.14,2820.54
600,7,344.57,333.12
601,1,0,0.0
601,2,0.5,1.0
601,3,101.25,39.66
601,4,160.25,86.73
601,5,754,703.85
601,6,2662.5,3004.97
601,7,449.25,580.98
602,1,0,0.0
602,2,4.33,10.61
602,3,34.17,38.63
602,4,118.67,99.26
602,5,724.17,785.55
602,6,2758.5,2193.34
602,7,998.67,958.62
603,1,0,0.0
603,2,3.86,4.74
603,3,85.57,55.35
603,4,223.14,144.55
603,5,2237,2580.02
603,6,3691.71,3860.89
603,7,380.29,419.91
604,1,0,0.0
604,2,52.8,82.74
604,3,1769,2767.67
604,4,3980.6,5948.06
604,5,17748,27834.99
604,6,24689.6,34459.29
604,7,6170.6,7558.45
605,1,0,0.0
605,2,0.75,1.16
605,3,17,12.94
605,4,19.5,16.62
605,5,128.88,96.56
605,6,335.88,166.26
605,7,86,61.83
606,1,0,0.0
606,2,9.67,16.26
606,3,59,103.46
606,4,80.67,66.03
606,5,300.83,356.42
606,6,874.67,1375.81
606,7,201.5,289.38
607,1,0,0.0
607,2,17.86,34.54
607,3,151,357.07
607,4,237.14,480.07
607,5,675.14,1256.52
607,6,869.43,1465.74
607,7,188.86,332.07
608,1,0,0.0
608,2,9.67,15.1
608,3,102.33,173.2
608,4,191.33,349.1
608,5,753.83,1311.03
608,6,4494,9231.09
608,7,1528.83,3276.15
609,1,0,0.0
609,2,0,0.0
609,3,0,0.0
609,4,31,19.7
609,5,73,101.87
609,6,137.33,195.81
609,7,12.67,21.08
610,1,0,0.0
610,2,0,0.0
610,3,17.6,8.17
610,4,12,8.86
610,5,71.8,46.73
610,6,254,106.95
610,7,70,53.95
611,1,0,0.0
611,2,14.2,17.6
611,3,96,52.0
611,4,260,290.37
611,5,908,994.24
611,6,2913.4,3024.87
611,7,518.2,456.26
612,1,0,0.0
612,2,0.83,0.98
612,3,43.83,13.39
612,4,121.5,54.83
612,5,737.67,697.62
612,6,1856.5,1214.26
612,7,312.33,185.26
613,1,0,0.0
613,2,6.8,14.1
613,3,124.4,229.4
613,4,81.6,80.46
613,5,210.4,90.05
613,6,386.2,197.24
613,7,92,49.56
614,1,0,0.0
614,2,2.4,2.88
614,3,49,15.7
614,4,193,54.16
614,5,627.4,192.81
614,6,1758.4,1035.11
614,7,578.8,331.95
615,1,0,0.0
615,2,1.25,1.26
615,3,57.25,24.93
615,4,118.75,75.57
615,5,1082.25,574.3
615,6,1254.5,810.74
615,7,141.5,31.43
616,1,0,0.0
616,2,2,3.46
616,3,68.67,22.12
616,4,151.67,84.1
616,5,1050.33,738.04
616,6,3276.67,953.21
616,7,375.33,161.57
617,1,0,0.0
617,2,6.67,15.85
617,3,66.17,103.05
617,4,126.33,110.52
617,5,475.5,485.44
617,6,968.33,1336.54
617,7,237.83,280.47
618,1,0,0.0
618,2,0,0.0
618,3,0,0.0
618,4,0.75,0.96
618,5,15,13.59
618,6,80.5,48.61
618,7,34,51.14
619,1,0,0.0
619,2,0.43,1.13
619,3,37.29,73.61
619,4,92.14,163.38
619,5,304.43,342.72
619,6,711,803.12
619,7,234.14,369.91
620,1,0,0.0
620,2,0.4,0.89
620,3,87.8,76.91
620,4,302,403.05
620,5,1717,926.94
620,6,4765.2,2333.94
620,7,981.2,291.2
621,1,0,0.0
621,2,0.67,1.32
621,3,31,40.35
621,4,99.56,113.57
621,5,667.56,822.93
621,6,915.67,1012.97
621,7,224.56,277.15
622,1,0,0.0
622,2,12.5,15.02
622,3,173.75,111.63
622,4,395.25,104.16
622,5,790.75,169.13
622,6,961.75,369.66
622,7,170.5,93.67
623,1,0,0.0
623,2,0.33,0.58
623,3,58.67,18.61
623,4,59.67,36.67
623,5,368.67,166.68
623,6,1372.33,602.83
623,7,189.67,54.59
624,1,0,0.0
624,2,0,0.0
624,3,0,0.0
624,4,2.8,4.09
624,5,27.2,21.53
624,6,97.6,82.93
624,7,29.6,45.58
625,1,0,0.0
625,2,1,0.89
625,3,73.67,39.91
625,4,140.5,77.53
625,5,716,542.06
625,6,2385.67,2382.97
625,7,407.17,458.29
626,1,0,0.0
626,2,1,1.41
626,3,20.2,11.19
626,4,15.8,8.58
626,5,123,92.45
626,6,356,89.79
626,7,114.2,44.89
627,1,0,0.0
627,2,20.8,43.77
627,3,328.8,437.84
627,4,435,498.96
627,5,811,750.08
627,6,1595,2133.48
627,7,448.2,656.3
628,1,0,0.0
628,2,0,0.0
628,3,8.5,12.02
628,4,256,298.4
628,5,857.5,1160.36
628,6,1635.5,1774.13
628,7,239.5,253.85
629,1,0,0.0
629,2,0.8,1.79
629,3,23.4,15.11
629,4,91.6,58.33
629,5,353,473.6
629,6,1127.2,1122.81
629,7,218.6,134.54
630,1,1.25,2.5
630,2,5.25,6.7
630,3,213.75,174.73
630,4,533.25,482.89
630,5,3204.75,1576.95
630,6,10097.5,6192.19
630,7,2115,1064.81
631,1,0,0.0
631,2,0.71,1.25
631,3,19.57,11.31
631,4,39.57,37.26
631,5,235,245.8
631,6,459,368.01
631,7,121.71,59.19
632,1,0,0.0
632,2,0.25,0.5
632,3,19,11.58
632,4,110.5,38.91
632,5,547,354.81
632,6,1107,1102.06
632,7,486.75,551.71
633,1,0,0.0
633,2,1.43,2.3
633,3,51.14,70.9
633,4,164.86,149.03
633,5,587.14,401.2
633,6,1653.14,951.69
633,7,537,346.8
634,1,0,0.0
634,2,2.6,4.34
634,3,268.4,214.53
634,4,210.8,236.27
634,5,753.8,489.94
634,6,685,520.12
634,7,105.8,72.7
635,1,0,0.0
635,2,1,1.41
635,3,31.8,20.8
635,4,51,31.96
635,5,156,77.0
635,6,815.6,712.59
635,7,211.8,160.16
636,1,0,0.0
636,2,2,2.74
636,3,87,63.58
636,4,186.6,81.11
636,5,839,612.91
636,6,2604,1554.17
636,7,334.6,188.24
637,1,0,0.0
637,2,2.4,5.37
637,3,104.6,58.94
637,4,238.4,294.85
637,5,1883.6,2892.38
637,6,5347.2,7782.02
637,7,1052.2,1693.48
638,1,0,0.0
638,2,2.4,3.91
638,3,83,67.03
638,4,828.8,842.41
638,5,4739.4,2969.91
638,6,3337.8,1240.07
638,7,448.8,134.02
639,1,0,0.0
639,2,2.25,2.87
639,3,75.75,19.94
639,4,121.5,30.88
639,5,1148,420.54
639,6,2381.25,453.22
639,7,286.5,72.29
640,1,0,0.0
640,2,3.57,8.6
640,3,19.86,21.24
640,4,55.29,48.78
640,5,252.29,195.75
640,6,912,1009.63
640,7,264.57,317.02
641,1,0,0.0
641,2,32.29,72.35
641,3,1100.14,2461.29
641,4,2444.14,5286.37
641,5,11871.29,24295.75
641,6,19663.57,29475.67
641,7,4849.86,6621.23
642,1,0,0.0
642,2,4.86,11.19
642,3,51.29,52.14
642,4,84.57,49.98
642,5,560.86,581.03
642,6,882.57,711.93
642,7,108.86,54.12
643,1,18.83,46.13
643,2,570,1383.99
643,3,2755,6649.9
643,4,11443.33,27470.37
643,5,8518,19460.84
643,6,7377,15591.43
643,7,2502.67,5366.76
644,1,0,0.0
644,2,0,0.0
644,3,914.25,775.89
644,4,1988.25,1497.82
644,5,8524,6588.46
644,6,11926.75,7747.23
644,7,1764.75,1269.42
645,1,0,0.0
645,2,0,0.0
645,3,1,1.41
645,4,0.75,1.5
645,5,7,11.4
645,6,115.75,145.27
645,7,21.75,29.7
646,1,0,0.0
646,2,0.5,0.71
646,3,42.5,10.61
646,4,318,274.36
646,5,610.5,70.0
646,6,645.5,101.12
646,7,213.5,4.95
647,1,0.5,0.71
647,2,21,29.7
647,3,650,915.0
647,4,3535.5,4995.71
647,5,15943,22512.87
647,6,34549.5,48396.51
647,7,7473,10477.91
648,1,0,0.0
648,2,0,0.0
648,3,2.67,3.79
648,4,3.33,5.77
648,5,209,355.07
648,6,325,503.54
648,7,115.33,192.0
649,1,0,0.0
649,2,1,1.26
649,3,36.5,17.49
649,4,52,21.0
649,5,223.17,64.73
649,6,1031,641.6
649,7,246.5,153.53
650,1,0,0.0
650,2,0,0.0
650,3,118.5,197.57
650,4,382.25,411.67
650,5,3675,3857.82
650,6,7307.25,6422.19
650,7,1024.5,1284.27
651,1,0,0.0
651,2,11.67,13.81
651,3,99.5,90.23
651,4,313.33,200.33
651,5,714.83,298.75
651,6,1136.67,186.77
651,7,195.17,56.09
652,1,0,0.0
652,2,0,0.0
652,3,31,29.39
652,4,58,37.92
652,5,251.4,96.52
652,6,1311.6,830.51
652,7,379.8,294.13
653,1,15.83,38.78
653,2,157.33,383.92
653,3,307.67,665.57
653,4,2442,5498.26
653,5,11076.83,18893.77
653,6,17402.83,26776.18
653,7,3376.5,5509.78
654,1,0,0.0
654,2,0.67,1.21
654,3,108.67,44.13
654,4,146.17,113.1
654,5,608.67,495.35
654,6,1469.67,684.19
654,7,291.83,140.01
655,1,0,0.0
655,2,0.33,0.5
655,3,18.56,9.63
655,4,108.56,96.97
655,5,225.78,179.7
655,6,952.22,717.39
655,7,289.22,207.49
656,1,0,0.0
656,2,1.75,2.22
656,3,92,63.97
656,4,146.25,81.29
656,5,533.25,72.23
656,6,2461,846.2
656,7,404.75,167.38
657,1,0,0.0
657,2,0,0.0
657,3,16.8,7.89
657,4,90.6,104.52
657,5,94.4,47.07
657,6,289.6,131.11
657,7,144.4,84.47
658,1,0,0.0
658,2,1.25,1.5
658,3,9.75,6.4
658,4,83.5,77.09
658,5,370,227.11
658,6,369.5,225.63
658,7,74.25,29.19
659,1,0,0.0
659,2,124.29,317.84
659,3,1354,3439.61
659,4,1331.57,3264.22
659,5,1267.43,1967.33
659,6,1549.71,1780.36
659,7,290.43,331.14
660,1,0,0.0
660,2,0.6,1.34
660,3,17,9.87
660,4,131.8,89.18
660,5,67,31.1
660,6,475.2,565.4
660,7,261,252.9
661,1,0,0.0
661,2,15.33,35.62
661,3,195,399.52
661,4,741.5,1260.07
661,5,1893.67,3184.89
661,6,2534.17,3065.44
661,7,540,641.88
662,1,0,0.0
662,2,12.67,13.87
662,3,133.67,174.59
662,4,215.33,276.0
662,5,475,420.3
662,6,1544.33,585.15
662,7,325.33,239.95
663,1,0,0.0
663,2,0,0.0
663,3,0,0.0
663,4,9.5,13.44
663,5,30,9.9
663,6,251,104.65
663,7,24.5,16.26
664,1,0,0.0
664,2,0.75,1.5
664,3,65.75,92.16
664,4,167.75,195.36
664,5,292.5,452.11
664,6,883.25,1053.12
664,7,392.5,446.55
665,1,0,0.0
665,2,19.31,33.48
665,3,130.38,109.67
665,4,513.62,438.71
665,5,5020.5,6176.13
665,6,10477.88,11897.76
665,7,1990.44,2003.54
666,1,0,0.0
666,2,327.33,653.7
666,3,7033,12765.55
666,4,10628,14245.78
666,5,23401.33,24113.77
666,6,30287.17,28368.49
666,7,6878.33,6451.18
667,1,0,0.0
667,2,0.33,0.52
667,3,148.5,194.16
667,4,341.67,227.5
667,5,1607.83,1139.54
667,6,3545,2513.28
667,7,760,721.08
668,1,0,0.0
668,2,3.25,4.27
668,3,88.25,78.16
668,4,764.5,1018.1
668,5,4714.75,3778.26
668,6,3169.5,1644.06
668,7,425.75,212.97
669,1,0,0.0
669,2,81.6,167.98
669,3,2922.8,6131.59
669,4,9507.6,19023.53
669,5,13836.6,15537.84
669,6,19721,12899.55
669,7,3375.6,2396.82
670,1,0,0.0
670,2,2,3.46
670,3,129,141.36
670,4,340,85.98
670,5,3381,1714.47
670,6,3929.33,1184.16
670,7,595.67,58.29
671,1,0,0.0
671,2,0,0.0
671,3,17.67,16.56
671,4,196.67,161.02
671,5,975.67,1159.07
671,6,2174,1588.68
671,7,424.33,310.09
672,1,0,0.0
672,2,1,1.73
672,3,149.67,123.9
672,4,521.33,205.28
672,5,4734.67,2493.32
672,6,3545,1821.86
672,7,446.33,222.87
673,1,0,0.0
673,2,0.75,0.96
673,3,61.75,61.45
673,4,343,93.36
673,5,2158.75,1429.02
673,6,6319,3429.91
673,7,1242,1156.06
674,1,0,0.0
674,2,1,2.0
674,3,14,15.43
674,4,51.5,71.01
674,5,686.5,939.77
674,6,883,928.53
674,7,179,139.73
675,1,0.33,0.58
675,2,14,24.25
675,3,433,748.25
675,4,2383.67,4056.92
675,5,10674.67,18348.91
675,6,23004.33,39635.25
675,7,4987.67,8568.76
676,1,0,0.0
676,2,1.5,2.76
676,3,104.5,110.03
676,4,410.6,680.58
676,5,2177.7,2406.68
676,6,2898.8,1992.51
676,7,492.4,391.94
677,1,0,0.0
677,2,1.71,2.43
677,3,67,63.33
677,4,305,206.17
677,5,3627.43,2615.47
677,6,4373.14,3308.08
677,7,608.71,566.38
678,1,0,0.0
678,2,0.8,1.79
678,3,22.8,25.41
678,4,189.2,160.34
678,5,1648.2,1670.94
678,6,3779.8,4016.1
678,7,880,1159.07
679,1,0,0.0
679,2,2.17,2.79
679,3,163.83,164.83
679,4,696,610.56
679,5,3156,2424.58
679,6,3469.67,2847.34
679,7,593.17,267.41
680,1,0,0.0
680,2,21.67,39.32
680,3,237.5,420.88
680,4,300.33,505.65
680,5,714.17,844.87
680,6,1684.17,1971.13
680,7,402.5,606.78
681,1,0,0.0
681,2,0,0.0
681,3,0,0.0
681,4,15,26.88
681,5,27.8,46.41
681,6,50.2,59.45
681,7,4,7.87
682,1,0,0.0
682,2,1.25,2.82
682,3,93.62,91.14
682,4,272.25,442.54
682,5,2760.62,4219.39
682,6,6081.5,8315.84
682,7,1220,965.57
683,1,0,0.0
683,2,3.62,6.76
683,3,183.88,147.15
683,4,168.5,210.54
683,5,383,488.75
683,6,504.5,378.17
683,7,96.25,61.31
684,1,0,0.0
684,2,2.71,3.15
684,3,98.86,82.07
684,4,161.57,68.4
684,5,822.29,677.13
684,6,2029.43,1367.9
684,7,417,209.54
685,1,0,0.0
685,2,0.17,0.41
685,3,54.83,42.72
685,4,117.83,64.05
685,5,316.33,213.74
685,6,568.33,813.63
685,7,331.33,629.35
686,1,0,0.0
686,2,0.75,1.5
686,3,62.25,41.17
686,4,242.75,249.44
686,5,2322.25,1806.62
686,6,4869.75,2231.75
686,7,1281.75,512.15
687,1,0,0.0
687,2,54.17,125.41
687,3,361.17,803.49
687,4,264.33,472.01
687,5,600.83,990.9
687,6,1218,2185.65
687,7,296.67,506.29
688,1,0,0.0
688,2,4.83,10.44
688,3,36.33,57.67
688,4,38,61.3
688,5,196.17,296.38
688,6,754.17,1064.65
688,7,172.33,229.1
689,1,0,0.0
689,2,1.2,1.79
689,3,76.6,37.74
689,4,88.2,68.5
689,5,158.4,124.39
689,6,514.2,334.28
689,7,141.2,97.35
690,1,0,0.0
690,2,10.6,17.2
690,3,93.2,70.6
690,4,373.4,365.43
690,5,2505,2920.22
690,6,6443.8,8094.62
690,7,1322,1695.45
691,1,0,0.0
691,2,0,0.0
691,3,91.5,118.09
691,4,28,14.14
691,5,397,16.97
691,6,569,107.48
691,7,265.5,81.32
692,1,0,0.0
692,2,0,0.0
692,3,0,0.0
692,4,2,1.41
692,5,20.5,3.54
692,6,33.5,9.19
692,7,17.5,12.02
693,1,0,0.0
693,2,0,0.0
693,3,0,0.0
693,4,2.6,4.34
693,5,16.8,25.72
693,6,61.2,93.8
693,7,10.4,12.6
694,1,0,0.0
694,2,0,0.0
694,3,0,0.0
694,4,0.57,0.79
694,5,9.14,11.84
694,6,34.71,48.14
694,7,22.14,39.97
695,1,0,0.0
695,2,0,0.0
695,3,16.67,17.44
695,4,51.17,92.1
695,5,162.5,150.03
695,6,504.33,439.53
695,7,310.17,352.85
696,1,0,0.0
696,2,0.17,0.41
696,3,76,54.69
696,4,282,164.17
696,5,1075,471.81
696,6,2652.67,706.57
696,7,285.83,107.39
697,1,0.83,2.04
697,2,2.83,6.01
697,3,72.5,60.63
697,4,494.17,503.25
697,5,2802.83,1381.27
697,6,7479.5,2714.16
697,7,1606.67,825.23
698,1,0,0.0
698,2,0.5,1.22
698,3,51.33,79.52
698,4,159.5,189.94
698,5,209.67,373.88
698,6,611.83,912.02
698,7,252.83,402.14
699,1,0,0.0
699,2,7.33,10.91
699,3,31.17,26.68
699,4,95.5,55.71
699,5,327.17,190.38
699,6,470.33,297.66
699,7,79.67,50.44
700,1,0,0.0
700,2,3.5,5.2
700,3,103.5,69.03
700,4,289.5,145.14
700,5,3024,3359.31
700,6,5233.75,4751.31
700,7,570.5,489.22
701,1,0,0.0
701,2,19.4,28.58
701,3,361.6,486.63
701,4,1640.2,2210.96
701,5,4321.6,5320.61
701,6,7272.4,10758.35
701,7,1343.6,1907.3
702,1,0,0.0
702,2,0.6,1.34
702,3,77.2,65.91
702,4,168,117.41
702,5,810.8,349.71
702,6,1187.8,536.98
702,7,171,75.23
703,1,0,0.0
703,2,3.2,3.56
703,3,374.8,326.64
703,4,1355.8,1030.07
703,5,6300.6,3800.74
703,6,10204.8,9719.7
703,7,1677.2,1881.09
704,1,0,0.0
704,2,24.2,40.16
704,3,230.6,412.91
704,4,320.2,564.63
704,5,830.4,1509.78
704,6,1075.2,1741.59
704,7,240,392.64
705,1,0,0.0
705,2,12.71,18.49
705,3,250.29,256.98
705,4,625.57,617.02
705,5,2843.57,1828.29
705,6,7034.14,3101.99
705,7,1750.29,1368.4
706,1,0,0.0
706,2,2.2,2.95
706,3,302.4,155.69
706,4,958.6,492.06
706,5,3742.8,2059.91
706,6,6564.8,3042.2
706,7,1309.2,695.39
707,1,0,0.0
707,2,2.29,3.4
707,3,120.86,107.52
707,4,723.86,730.71
707,5,4084.71,2635.77
707,6,3358.71,2327.14
707,7,335.43,198.33
708,1,0,0.0
708,2,1,1.41
708,3,53.75,73.86
708,4,293.25,421.69
708,5,6118.75,8916.32
708,6,14938.75,17339.58
708,7,2464.25,2840.08
709,1,0,0.0
709,2,1,0.82
709,3,25.75,35.61
709,4,139.75,200.83
709,5,4537,4673.3
709,6,12560.5,11133.7
709,7,1872,1663.52
710,1,0,0.0
710,2,17.75,16.21
710,3,176.75,188.5
710,4,364.5,370.67
710,5,1457.25,1359.32
710,6,7642.5,10388.96
710,7,2691.25,3683.12
711,1,0,0.0
711,2,9.5,11.26
711,3,171.67,192.55
711,4,297.83,335.6
711,5,840.83,427.79
711,6,1957,775.92
711,7,526.83,193.03
712,1,0,0.0
712,2,1,1.53
712,3,35.86,46.56
712,4,166.14,130.72
712,5,1328.71,1220.35
712,6,4422.43,4690.56
712,7,936.14,1143.61
713,1,0,0.0
713,2,1.75,2.87
713,3,63.5,35.69
713,4,121.75,17.65
713,5,696,217.26
713,6,2539.5,897.12
713,7,373,92.48
714,1,0.2,0.45
714,2,8.4,18.78
714,3,260.2,579.59
714,4,1414.4,3160.46
714,5,6374,14248.23
714,6,13778,30742.04
714,7,2983,6651.75
715,1,31.67,54.85
715,2,337.67,523.54
715,3,682.67,846.93
715,4,5187,7321.47
715,5,23668.67,20845.66
715,6,36903,26472.34
715,7,7158,5892.43
716,1,0.25,0.5
716,2,10.5,21.0
716,3,326,647.34
716,4,1770,3532.0
716,5,8146.25,15812.79
716,6,17451.5,34215.31
716,7,3831,7368.62
717,1,0.25,0.5
717,2,10.5,21.0
717,3,324.25,648.5
717,4,1767.75,3533.5
717,5,7984.25,15918.51
717,6,17273.5,34331.72
717,7,3734.75,7431.52
718,1,0.14,0.38
718,2,6,15.87
718,3,186.43,489.72
718,4,1011.29,2670.76
718,5,4653.71,11999.85
718,6,9984.71,25924.34
718,7,2192.14,5596.99
719,1,0,0.0
719,2,0,0.0
719,3,0,0.0
719,4,0.4,0.55
719,5,8,7.58
719,6,61,54.34
719,7,10.6,12.18
720,1,0,0.0
720,2,0.83,1.6
720,3,18.67,15.07
720,4,146.67,109.37
720,5,435.17,420.08
720,6,1515.83,1110.94
720,7,407.33,399.83
721,1,0,0.0
721,2,0,0.0
721,3,32,25.46
721,4,282.5,324.56
721,5,443,166.88
721,6,557,24.04
721,7,205,16.97
722,1,0.25,0.5
722,2,10.5,21.0
722,3,328.25,645.88
722,4,1776,3528.02
722,5,8061,15868.16
722,6,17410.5,34241.96
722,7,3742.25,7426.61
723,1,0,0.0
723,2,27.6,44.48
723,3,168.6,113.11
723,4,808.8,484.54
723,5,9769.8,4237.23
723,6,24325,4070.81
723,7,4433.2,1005.96
724,1,23.75,47.5
724,2,240,467.38
724,3,546.25,745.61
724,4,3835.75,6549.98
724,5,13628.5,21840.91
724,6,19334,28637.46
724,7,3991.5,6298.19
725,1,0,0.0
725,2,1.4,2.61
725,3,37.6,25.17
725,4,159,101.66
725,5,639.2,384.18
725,6,1769.6,878.75
725,7,552.8,279.12
726,1,13.57,35.91
726,2,137,354.55
726,3,305.86,601.43
726,4,2072.14,5102.59
726,5,7209.29,17273.51
726,6,10799,22753.28
726,7,2578.43,4815.49
727,1,0,0.0
727,2,0,0.0
727,3,3,6.42
727,4,12.5,13.17
727,5,71.5,139.7
727,6,136.83,305.34
727,7,14.83,34.38
