districtid,monthid,statemean,statestdev
101,1,0,0.0
101,2,10.47,45.15
101,3,107.16,312.76
101,4,107.86,248.91
101,5,355.76,638.63
101,6,628.39,1041.38
101,7,154.51,249.95
102,1,0,0.0
102,2,3.27,7.39
102,3,73.65,66.28
102,4,203.74,276.74
102,5,829.7,1036.85
102,6,1944.01,2615.13
102,7,391.24,548.67
103,1,0,0.0
103,2,7.78,18.48
103,3,100.94,211.67
103,4,220.16,585.93
103,5,724.03,1450.81
103,6,935.66,1445.81
103,7,179.34,277.84
104,1,0,0.0
104,2,71.26,283.95
104,3,1677.82,5759.09
104,4,3140.15,8114.67
104,5,7139.38,15349.61
104,6,10425.09,16372.3
104,7,2575.79,3756.82
105,1,0,0.0
105,2,0,0.0
105,3,0,0.0
105,4,16.57,14.64
105,5,8.29,8.58
105,6,34,58.13
105,7,2,2.58
106,1,0,0.0
106,2,11.56,30.78
106,3,187.28,264.39
106,4,278,377.57
106,5,705.53,942.54
106,6,1167.5,1412.21
106,7,227.25,330.52
107,1,0,0.0
107,2,71.15,283.98
107,3,1664.09,5762.43
107,4,3121.29,8120.65
107,5,7235.03,15320.66
107,6,10847.18,16314.17
107,7,2669.59,3742.05
108,1,0,0.0
108,2,2.23,2.31
108,3,56.15,40.7
108,4,224.62,104.11
108,5,1365.15,928.19
108,6,3671.23,2763.34
108,7,681.46,438.21
109,1,0,0.0
109,2,4.27,12.9
109,3,77.64,77.04
109,4,203.66,276.7
109,5,825.38,1037.26
109,6,1919.43,2614.43
109,7,386.92,547.31
110,1,0,0.0
110,2,0,0.0
110,3,229.59,447.08
110,4,585.09,908.52
110,5,2339.27,3987.33
110,6,4130.91,4930.1
110,7,650.73,754.36
111,1,0,0.0
111,2,10.49,45.15
111,3,107.18,312.75
111,4,107.9,248.89
111,5,353.94,639.33
111,6,622.33,1043.52
111,7,153.1,250.43
112,1,0,0.0
112,2,0.5,1.17
112,3,65.67,79.67
112,4,155.08,135.68
112,5,348,439.3
112,6,1031.83,1127.11
112,7,329.75,329.4
113,1,0,0.0
113,2,12.34,30.85
113,3,191.91,263.09
113,4,268.69,376.3
113,5,644.59,819.6
113,6,1118.91,1344.62
113,7,223.31,327.61
114,1,0,0.0
114,2,2,5.44
114,3,80.52,162.66
114,4,580.57,1162.69
114,5,913.95,1219.56
114,6,1309.67,961.42
114,7,427.95,297.41
115,1,0,0.0
115,2,4.57,13.06
115,3,78.41,77.17
115,4,207.59,276.62
115,5,835.62,1034.07
115,6,1950.76,2612.25
115,7,395.16,547.66
116,1,0,0.0
116,2,4.57,13.06
116,3,77.27,76.78
116,4,206.5,277.07
116,5,834.99,1034.49
116,6,1948.59,2613.32
116,7,393.22,548.43
117,1,0,0.0
117,2,71.21,283.97
117,3,1674.29,5760.06
117,4,3139.29,8114.98
117,5,7222.94,15325.51
117,6,10791.97,16344.15
117,7,2666.53,3743.87
118,1,0,0.0
118,2,34.19,149.1
118,3,386.69,1613.71
118,4,490.72,1613.93
118,5,887.59,1685.64
118,6,1065.97,1614.27
118,7,200.97,300.67
119,1,0,0.0
119,2,6.19,10.55
119,3,68.95,41.87
119,4,131.95,171.25
119,5,457.1,583.95
119,6,1699.9,1786.62
119,7,330.14,302.3
120,1,0,0.0
120,2,4.55,13.06
120,3,78.77,77.03
120,4,207.27,276.79
120,5,831.16,1036.41
120,6,1944.53,2614.96
120,7,394.12,548.14
121,1,0,0.0
121,2,33.41,149.21
121,3,386.22,1613.82
121,4,489.25,1614.3
121,5,891.31,1684.32
121,6,1082.03,1609.14
121,7,203.78,299.63
122,1,0,0.0
122,2,24.83,36.45
122,3,123.67,101.95
122,4,650.42,378.87
122,5,9392.33,4621.61
122,6,22284.08,7457.75
122,7,4095.08,1278.17
123,1,0,0.0
123,2,2.95,5.31
123,3,83,78.28
123,4,248.58,214.0
123,5,643.63,831.35
123,6,858.21,1047.47
123,7,230.32,367.98
124,1,0,0.0
124,2,1.38,3.77
124,3,61.38,84.61
124,4,174.9,211.15
124,5,846.62,1692.35
124,6,2453.03,2529.54
124,7,565.24,724.39
125,1,0,0.0
125,2,0,0.0
125,3,0.12,0.45
125,4,7.79,18.21
125,5,58.17,158.5
125,6,103.25,129.68
125,7,33.21,60.81
126,1,0,0.0
126,2,10.49,45.15
126,3,106.84,312.86
126,4,107.69,248.98
126,5,356.27,638.39
126,6,623.96,1043.13
126,7,153.8,250.24
127,1,0,0.0
127,2,3.97,6.89
127,3,90.32,50.98
127,4,164.7,89.91
127,5,1094.78,1268.25
127,6,2242.76,1933.97
127,7,241.19,207.25
128,1,0,0.0
128,2,34.16,149.11
128,3,384.16,1614.25
128,4,489.97,1614.12
128,5,896.06,1682.23
128,6,1088.31,1605.64
128,7,204.12,299.44
129,1,0,0.0
129,2,12.97,67.37
129,3,566.94,2438.26
129,4,1924.97,7619.95
129,5,4324.84,7228.97
129,6,4935.03,6293.8
129,7,817.97,975.46
130,1,0,0.0
130,2,4,6.88
130,3,90.22,51.09
130,4,165.35,89.23
130,5,1096.51,1267.36
130,6,2285.57,1918.25
130,7,255,213.75
131,1,0,0.0
131,2,10.47,45.15
131,3,106.96,312.82
131,4,107.29,249.12
131,5,356.27,638.39
131,6,628.02,1041.57
131,7,154.24,250.08
132,1,0,0
132,2,0,0
132,3,0,0
132,4,0,0
132,5,0,0
132,6,0,0
132,7,0,0
133,1,0,0.0
133,2,4.57,13.06
133,3,78.99,76.88
133,4,207.32,276.77
133,5,833.86,1035.16
133,6,1948.11,2613.54
133,7,393.43,548.37
134,1,0,0.0
134,2,3.84,6.9
134,3,89.62,51.5
134,4,162.81,90.83
134,5,1088.92,1270.58
134,6,2259.41,1932.28
134,7,250.68,215.49
135,1,0,0.0
135,2,69.06,284.17
135,3,1639.82,5765.44
135,4,3036.74,8128.05
135,5,7014.12,15354.97
135,6,10613.74,16394.85
135,7,2638.94,3756.19
136,1,0,0.0
136,2,4.57,13.06
136,3,77.73,77.09
136,4,206.14,277.15
136,5,825.01,1037.23
136,6,1930,2616.88
136,7,389.42,548.42
137,1,0,0.0
137,2,4.57,13.06
137,3,78.07,77.19
137,4,206.51,277.07
137,5,827.5,1037.23
137,6,1929.03,2616.79
137,7,393.05,548.47
138,1,0,0.0
138,2,1.97,4.31
138,3,89.83,87.98
138,4,410.24,785.23
138,5,3702.83,9189.78
138,6,7371.48,13156.77
138,7,1591.1,2784.98
139,1,0,0.0
139,2,0.5,1.17
139,3,69.5,78.15
139,4,158.92,133.6
139,5,356.92,433.05
139,6,1039.33,1121.15
139,7,342,319.83
140,1,0,0.0
140,2,4.57,13.06
140,3,78.88,76.96
140,4,205.31,277.18
140,5,832.59,1035.82
140,6,1955.12,2609.68
140,7,395.76,547.32
141,1,0,0.0
141,2,4.57,13.06
141,3,78.22,77.19
141,4,207.81,276.5
141,5,832.2,1035.99
141,6,1937.58,2616.64
141,7,394.12,548.14
142,1,0,0.0
142,2,10.49,45.15
142,3,107.04,312.8
142,4,107.55,249.04
142,5,355.08,638.93
142,6,627.47,1041.83
142,7,154.02,250.16
143,1,0,0.0
143,2,1.38,3.77
143,3,59.48,84.79
143,4,172.86,212.15
143,5,847.28,1692.11
143,6,2422.62,2547.85
143,7,570.07,722.0
144,1,0,0.0
144,2,1.03,3.4
144,3,57.69,83.75
144,4,169.55,212.48
144,5,834.24,1695.38
144,6,2376.9,2554.05
144,7,557.76,726.1
145,1,0,0.0
145,2,2.14,4.33
145,3,90.31,87.7
145,4,386.93,783.71
145,5,3562.21,9191.4
145,6,7012.76,13084.72
145,7,1542.97,2788.6
146,1,0,0.0
146,2,4.57,13.06
146,3,78.57,77.12
146,4,207.3,276.78
146,5,815.85,1033.32
146,6,1927.76,2616.63
146,7,393.32,548.4
147,1,0,0.0
147,2,0.12,0.59
147,3,16.38,18.24
147,4,90.08,94.06
147,5,240.58,504.4
147,6,844.35,1627.9
147,7,436.12,823.07
148,1,0,0.0
148,2,0.12,0.59
148,3,16.65,18.35
148,4,82.12,90.8
148,5,236.81,505.53
148,6,838.42,1629.67
148,7,438.08,822.61
149,1,0,0.0
149,2,0.12,0.59
149,3,16.81,18.36
149,4,86.35,94.92
149,5,239.88,504.67
149,6,851.73,1624.85
149,7,443.81,820.53
150,1,0,0.0
150,2,4.57,13.06
150,3,78.72,77.06
150,4,207.82,276.49
150,5,834.8,1034.61
150,6,1949.43,2612.92
150,7,394.78,547.85
151,1,0,0.0
151,2,0.12,0.59
151,3,16.85,18.36
151,4,89.5,94.47
151,5,239.31,504.87
151,6,845.85,1627.36
151,7,442.92,820.92
152,1,0,0.0
152,2,34.19,149.1
152,3,384.41,1614.2
152,4,490.97,1613.86
152,5,882.28,1687.04
152,6,1078.88,1610.58
152,7,201.62,300.51
153,1,0,0.0
153,2,4.55,13.06
153,3,78.97,76.89
153,4,208.08,276.32
153,5,833.72,1035.25
153,6,1950.96,2612.14
153,7,394.54,547.97
154,1,0,0.0
154,2,4.63,9.07
154,3,95.37,85.96
154,4,258.11,213.25
154,5,653.84,829.89
154,6,836.42,1038.81
154,7,231.21,367.79
155,1,0,0.0
155,2,3.97,6.89
155,3,88.46,51.54
155,4,163.76,90.56
155,5,1097.76,1266.67
155,6,2278.65,1923.32
155,7,253.57,214.7
156,1,0,0.0
156,2,0,0.0
156,3,228.14,447.79
156,4,583.55,909.22
156,5,2324.77,3994.97
156,6,4125.23,4932.94
156,7,654.95,753.82
157,1,0,0.0
157,2,12.28,30.87
157,3,192.69,262.6
157,4,283,375.01
157,5,746.59,944.29
157,6,1226.16,1415.97
157,7,235.47,331.42
158,1,0,0.0
158,2,4.57,13.06
158,3,77.15,76.66
158,4,205.99,277.17
158,5,826.41,1037.29
158,6,1925.38,2616.21
158,7,389.99,548.54
159,1,0,0.0
159,2,3.63,8.04
159,3,88.63,86.62
159,4,232.79,194.64
159,5,622.16,825.77
159,6,863.89,1048.15
159,7,230.58,367.93
160,1,0,0.0
160,2,12.38,30.83
160,3,192.84,262.49
160,4,281.88,375.78
160,5,747.69,943.5
160,6,1223.88,1417.37
160,7,233.19,331.87
161,1,0,0.0
161,2,4.54,13.06
161,3,78.59,77.11
161,4,205.8,277.19
161,5,809.15,1026.51
161,6,1902.05,2603.3
161,7,387.47,547.63
162,1,0,0.0
162,2,1.38,3.77
162,3,61.97,84.29
162,4,173.34,211.97
162,5,844.76,1692.98
162,6,2411.1,2551.81
162,7,545.07,723.51
163,1,0,0.0
163,2,12.41,30.82
163,3,190.25,263.88
163,4,275.5,378.0
163,5,718.12,949.53
163,6,1210.22,1423.12
163,7,236.53,331.03
164,1,0,0.0
164,2,7.52,11.46
164,3,83.86,70.35
164,4,155.71,190.65
164,5,494.62,589.47
164,6,1759.38,1780.35
164,7,352.19,304.54
165,1,0,0.0
165,2,10.45,45.16
165,3,106.65,312.91
165,4,106.73,249.26
165,5,346.41,639.28
165,6,621.18,1043.71
165,7,153.49,250.34
166,1,0,0.0
166,2,0.12,0.59
166,3,17.35,18.11
166,4,90.62,93.6
166,5,235.04,505.78
166,6,830.46,1631.09
166,7,440.54,821.86
167,1,0,0.0
167,2,4.57,13.06
167,3,77.2,76.72
167,4,205.91,277.18
167,5,829.89,1036.8
167,6,1938.58,2616.49
167,7,393.66,548.3
168,1,0,0.0
168,2,7.43,11.52
168,3,82.76,71.16
168,4,155.24,190.95
168,5,490.19,591.69
168,6,1705.95,1788.07
168,7,336.95,306.93
169,1,0,0.0
169,2,71.44,283.91
169,3,1678.76,5758.82
169,4,3147.21,8112.03
169,5,7247.32,15315.38
169,6,10765.5,16356.11
169,7,2664.76,3744.88
170,1,0,0.0
170,2,3.95,6.9
170,3,85.05,45.38
170,4,161.46,90.54
170,5,1074.11,1271.75
170,6,2208.49,1919.78
170,7,250.78,215.48
171,1,0,0.0
171,2,1.62,3.57
171,3,88.34,88.3
171,4,408.21,785.95
171,5,3654.17,9197.9
171,6,7217.52,13163.15
171,7,1545.45,2789.04
172,1,0,0.0
172,2,2.14,4.33
172,3,91.21,86.97
172,4,410.1,785.28
172,5,3680.9,9194.43
172,6,7440.38,13135.76
172,7,1587.24,2786.23
173,1,0,0.0
173,2,1.72,3.91
173,3,84,84.72
173,4,269.34,295.62
173,5,1996,1323.98
173,6,4990.59,3309.98
173,7,1075.07,685.47
174,1,0,0.0
174,2,10.49,45.15
174,3,106.69,312.9
174,4,107.31,249.12
174,5,353.78,639.38
174,6,621.57,1043.65
174,7,153.16,250.42
175,1,0,0.0
175,2,4.57,13.06
175,3,78.68,77.08
175,4,207.11,276.86
175,5,831.18,1036.4
175,6,1951.95,2611.61
175,7,395.55,547.45
176,1,0,0.0
176,2,1.28,3.77
176,3,59,84.63
176,4,172.31,212.32
176,5,842.72,1693.61
176,6,2401.14,2553.93
176,7,556.21,726.15
177,1,0,0.0
177,2,4,6.88
177,3,86.81,49.81
177,4,158.32,86.76
177,5,1052.59,1261.4
177,6,2226.11,1930.06
177,7,246.84,214.18
178,1,0,0.0
178,2,71.41,283.92
178,3,1679.21,5758.69
178,4,3147.88,8111.76
178,5,7261.26,15308.95
178,6,10859.94,16306.27
178,7,2669.24,3742.27
179,1,0,0.0
179,2,12.38,30.83
179,3,188.84,264.26
179,4,240.41,320.14
179,5,720.56,950.22
179,6,1202.44,1424.39
179,7,236.97,330.84
180,1,0,0.0
180,2,34.12,149.11
180,3,386.72,1613.7
180,4,487.19,1614.74
180,5,878.88,1687.64
180,6,1070.53,1613.37
180,7,201.66,300.5
181,1,0,0.0
181,2,33.97,149.15
181,3,384.69,1614.15
181,4,488.69,1614.42
181,5,864.19,1687.52
181,6,1046.94,1613.3
181,7,197.41,300.7
182,1,0,0.0
182,2,12.28,30.87
182,3,189.97,263.97
182,4,279.91,376.86
182,5,738.03,948.93
182,6,1189.59,1423.33
182,7,236.34,331.11
183,1,0,0.0
183,2,10.49,45.15
183,3,106.08,313.03
183,4,104.65,249.19
183,5,352.57,639.67
183,6,627.35,1041.88
183,7,154.63,249.89
184,1,0,0.0
184,2,2.05,5.43
184,3,81,162.52
184,4,575,1163.96
184,5,954.86,1214.62
184,6,1389.86,970.77
184,7,443.43,294.93
185,1,0,0.0
185,2,3.76,6.85
185,3,89.46,51.57
185,4,163.08,90.79
185,5,1071.84,1271.33
185,6,2253.16,1933.57
185,7,253.68,214.64
186,1,0,0.0
186,2,8.67,43.6
186,3,88.37,288.39
186,4,82,178.92
186,5,288.02,451.73
186,6,548.55,911.39
186,7,136.75,223.76
187,1,0,0.0
187,2,2.14,4.33
187,3,86.34,87.51
187,4,398.76,787.17
187,5,3698.93,9190.72
187,6,7447.55,13132.93
187,7,1602.52,2780.33
188,1,0,0.0
188,2,0.12,0.59
188,3,17.42,18.04
188,4,90.77,93.45
188,5,239.46,504.82
188,6,839.62,1629.37
188,7,443,820.89
189,1,0,0.0
189,2,4.53,13.07
189,3,78.32,77.18
189,4,205.81,277.18
189,5,831.8,1036.16
189,6,1944.81,2614.86
189,7,392.91,548.5
190,1,0,0.0
190,2,12.41,30.82
190,3,191.12,263.51
190,4,276.31,377.92
190,5,698.44,936.04
190,6,1160.12,1405.85
190,7,229.97,331.59
191,1,0,0.0
191,2,0.12,0.59
191,3,15.54,17.14
191,4,85.73,94.66
191,5,224.15,503.52
191,6,811.69,1630.13
191,7,415,819.65
192,1,0,0.0
192,2,0,0.0
192,3,24.82,36.31
192,4,54.18,58.8
192,5,142.45,157.12
192,6,301.55,224.94
192,7,76.73,63.98
193,1,0,0.0
193,2,0,0.0
193,3,223.86,449.22
193,4,585.23,908.46
193,5,2334.05,3990.23
193,6,4139.73,4925.37
193,7,667.77,748.66
194,1,0,0.0
194,2,1.22,5.42
194,3,22.3,27.32
194,4,79.61,82.73
194,5,373.96,441.37
194,6,1263.7,1398.14
194,7,326.61,581.55
195,1,0,0.0
195,2,33.94,149.15
195,3,385.78,1613.92
195,4,492.09,1613.54
195,5,894.69,1682.88
195,6,1083.66,1608.31
195,7,203.91,299.57
196,1,0,0.0
196,2,1.38,3.77
196,3,61.1,84.72
196,4,176.1,210.27
196,5,852.34,1690.0
196,6,2454.72,2528.18
196,7,569.03,722.6
197,1,0,0.0
197,2,4.54,13.06
197,3,78.92,76.93
197,4,207.01,276.9
197,5,833.47,1035.38
197,6,1944.04,2615.12
197,7,393.45,548.37
198,1,0,0.0
198,2,4.47,9.07
198,3,91.68,87.69
198,4,249.74,214.39
198,5,631.63,829.68
198,6,847.84,1044.56
198,7,223.84,367.95
199,1,0,0.0
199,2,4.39,13.03
199,3,78.3,77.19
199,4,201.69,275.13
199,5,827.38,1037.24
199,6,1946.07,2614.39
199,7,393.65,548.31
200,1,0,0.0
200,2,71.44,283.91
200,3,1678.91,5758.78
200,4,3143.91,8113.29
200,5,7235.59,15320.43
200,6,10823.09,16328.08
200,7,2665.82,3744.28
201,1,0,0.0
201,2,12.41,30.82
201,3,193.22,262.22
201,4,283.06,374.96
201,5,746.16,944.59
201,6,1224.44,1417.03
201,7,234.69,331.64
202,1,0,0.0
202,2,10.47,45.15
202,3,101.27,311.86
202,4,106.04,249.34
202,5,355.55,638.73
202,6,628.92,1041.11
202,7,154.9,249.74
203,1,0,0.0
203,2,3.59,6.65
203,3,89.3,51.62
203,4,164.08,90.38
203,5,1086.62,1271.21
203,6,2255.32,1933.21
203,7,254.19,214.34
204,1,0,0.0
204,2,2.14,4.33
204,3,91.52,86.65
204,4,412.9,784.04
204,5,3732.31,9180.95
204,6,7469.34,13123.56
204,7,1605.62,2778.81
205,1,0,0.0
205,2,0,0.0
205,3,25.18,36.21
205,4,53.64,59.05
205,5,141.64,157.65
205,6,293.27,225.63
205,7,77.18,63.81
206,1,0,0.0
206,2,0.5,1.17
206,3,69.75,77.96
206,4,159.42,133.21
206,5,357,432.98
206,6,1031.83,1127.11
206,7,340.83,321.04
207,1,0,0.0
207,2,0.5,1.17
207,3,69.83,77.89
207,4,160.92,131.88
207,5,353.17,436.01
207,6,1038.33,1121.99
207,7,336.58,324.91
208,1,0,0.0
208,2,0,0.0
208,3,0,0.0
208,4,20.57,15.99
208,5,34.86,68.92
208,6,85.29,134.47
208,7,7.29,13.33
209,1,0,0.0
209,2,4.57,13.06
209,3,78.95,76.91
209,4,206.54,277.06
209,5,827.2,1037.26
209,6,1944.55,2614.95
209,7,394.08,548.15
210,1,0,0
210,2,0,0
210,3,0,0
210,4,0,0
210,5,0,0
210,6,0,0
210,7,0,0
211,1,0,0.0
211,2,71.44,283.91
211,3,1679.44,5758.62
211,4,3147.26,8112.0
211,5,7256.24,15311.32
211,6,10827.65,16325.55
211,7,2647.29,3753.23
212,1,0,0.0
212,2,0,0.0
212,3,0.04,0.2
212,4,4.5,10.13
212,5,51.92,157.51
212,6,95.38,127.24
212,7,31,60.83
213,1,0,0.0
213,2,2.05,5.43
213,3,81.86,162.18
213,4,590.1,1159.06
213,5,968.57,1205.81
213,6,1413.62,943.76
213,7,452.14,285.11
214,1,0,0.0
214,2,1.22,5.42
214,3,22.78,27.02
214,4,78.65,83.26
214,5,370.09,442.32
214,6,1299.09,1387.21
214,7,351.3,581.82
215,1,0,0.0
215,2,1.06,2.09
215,3,144.12,192.13
215,4,567.75,661.32
215,5,3043.25,2558.14
215,6,3873.31,2832.53
215,7,667.94,590.94
216,1,0,0.0
216,2,10.49,45.15
216,3,106.78,312.87
216,4,107.22,249.14
216,5,351.59,639.82
216,6,625.49,1042.64
216,7,153.27,250.39
217,1,0,0.0
217,2,10.49,45.15
217,3,107.08,312.78
217,4,106.96,249.21
217,5,354.96,638.97
217,6,624.9,1042.84
217,7,154.24,250.08
218,1,0,0.0
218,2,34.19,149.1
218,3,386.38,1613.78
218,4,492.38,1613.46
218,5,896.09,1682.21
218,6,1086.88,1606.51
218,7,204.03,299.5
219,1,0,0.0
219,2,2.14,4.33
219,3,87.45,88.12
219,4,411.34,784.77
219,5,3700.66,9190.31
219,6,7445.14,13133.89
219,7,1591.72,2784.77
220,1,0,0.0
220,2,2.14,4.33
220,3,90.9,87.26
220,4,411.9,784.52
220,5,3722.76,9184.14
220,6,7422.28,13142.37
220,7,1582.69,2787.48
221,1,0,0.0
221,2,2.14,4.33
221,3,90.21,87.77
221,4,413.24,783.86
221,5,3733.9,9180.4
221,6,7452.52,13130.89
221,7,1585.79,2786.65
222,1,0,0.0
222,2,4.57,13.06
222,3,78.73,77.05
222,4,207.57,276.64
222,5,835.5,1034.15
222,6,1953.39,2610.76
222,7,394.86,547.81
223,1,0,0.0
223,2,24.92,36.4
223,3,121.83,101.09
223,4,696.92,429.38
223,5,9709.33,4745.3
223,6,22297.25,7465.56
223,7,3964.58,1258.85
224,1,0,0.0
224,2,11.84,30.88
224,3,188.38,264.33
224,4,282.34,375.48
224,5,748.03,943.24
224,6,1219,1419.94
224,7,234.97,331.57
225,1,0,0.0
225,2,12.41,30.82
225,3,190.41,263.82
225,4,276.75,377.85
225,5,739.03,948.52
225,6,1227.94,1414.78
225,7,235.56,331.39
226,1,0,0.0
226,2,13,67.37
226,3,578.03,2436.43
226,4,1915.72,7622.05
226,5,4205.25,7261.27
226,6,4658.75,6227.67
226,7,735.69,900.61
227,1,0,0.0
227,2,0,0.0
227,3,226.68,448.39
227,4,582.5,909.65
227,5,2328.32,3993.22
227,6,4108.68,4940.31
227,7,645.32,754.22
228,1,0,0.0
228,2,12.97,67.37
228,3,564.56,2438.43
228,4,1908.91,7623.35
228,5,4276.12,7250.26
228,6,4730.88,6285.04
228,7,757.56,945.22
229,1,0,0.0
229,2,1.38,3.77
229,3,58.83,84.55
229,4,160.07,204.39
229,5,804,1690.95
229,6,2256.83,2446.96
229,7,514.62,688.23
230,1,0,0.0
230,2,0,0.0
230,3,0,0.0
230,4,53,56.57
230,5,263.5,277.89
230,6,307,220.62
230,7,42,43.84
231,1,0,0.0
231,2,34.16,149.11
231,3,386.03,1613.86
231,4,492.34,1613.47
231,5,883.25,1686.83
231,6,1072.34,1612.89
231,7,202.91,300.05
232,1,0,0.0
232,2,0.12,0.59
232,3,17.42,18.04
232,4,90.58,93.63
232,5,237.38,505.41
232,6,846.77,1627.01
232,7,442.23,821.21
233,1,0,0.0
233,2,0,0.0
233,3,229.09,447.34
233,4,584.14,908.96
233,5,2304,4003.69
233,6,4089.09,4947.31
233,7,667.05,749.1
234,1,0,0.0
234,2,2.03,4.35
234,3,87.59,88.17
234,4,392.97,786.17
234,5,3582.97,9195.37
234,6,7286.31,13167.21
234,7,1549.03,2789.56
235,1,0,0.0
235,2,0,0.0
235,3,1,1.41
235,4,59,65.05
235,5,238,241.83
235,6,377.5,320.32
235,7,45.5,48.79
236,1,0,0.0
236,2,10.49,45.15
236,3,106.71,312.9
236,4,107.61,249.01
236,5,354.12,639.27
236,6,622.06,1043.57
236,7,152.55,250.5
237,1,0,0.0
237,2,34.16,149.11
237,3,387,1613.63
237,4,493,1613.27
237,5,898.72,1680.86
237,6,1090.69,1604.09
237,7,204.94,298.94
238,1,0,0.0
238,2,3.86,6.9
238,3,89.16,51.64
238,4,161.14,90.35
238,5,1093.76,1268.74
238,6,2267.51,1929.42
238,7,252.49,215.17
239,1,0,0.0
239,2,0,0.0
239,3,229,447.39
239,4,571.95,912.39
239,5,2270.5,4012.25
239,6,4077.27,4950.62
239,7,659.27,752.67
240,1,0,0.0
240,2,10.49,45.15
240,3,107.02,312.8
240,4,107.59,249.02
240,5,353.41,639.48
240,6,621.47,1043.67
240,7,153.2,250.41
241,1,0,0.0
241,2,12.41,30.82
241,3,192.38,262.81
241,4,280.59,376.53
241,5,744.75,945.51
241,6,1228,1414.74
241,7,237.88,330.37
242,1,0,0.0
242,2,2.07,4.35
242,3,86.34,87.51
242,4,408.69,785.8
242,5,3692.45,9192.18
242,6,7273.17,13167.3
242,7,1562.72,2790.24
243,1,0,0.0
243,2,0.25,0.87
243,3,53.92,66.95
243,4,126.33,96.58
243,5,277.92,396.58
243,6,851.5,1054.55
243,7,256.5,238.38
244,1,0,0
244,2,0,0
244,3,0,0
244,4,0,0
244,5,0,0
244,6,0,0
244,7,0,0
245,1,0,0.0
245,2,1.34,3.78
245,3,61.17,84.7
245,4,175.55,210.7
245,5,854.34,1689.03
245,6,2467.1,2517.16
245,7,574,719.31
246,1,0,0.0
246,2,1.22,5.42
246,3,22.7,27.09
246,4,78.96,83.12
246,5,371.48,442.08
246,6,1277.35,1396.61
246,7,347.65,583.43
247,1,0,0.0
247,2,4.57,13.06
247,3,78,77.18
247,4,206.64,277.03
247,5,825.15,1037.25
247,6,1921.66,2615.22
247,7,391.31,548.67
248,1,0,0.0
248,2,34.19,149.1
248,3,386.59,1613.73
248,4,492.75,1613.34
248,5,898.41,1681.03
248,6,1085.19,1607.48
248,7,203.19,299.93
249,1,0,0.0
249,2,10.47,45.15
249,3,105.84,313.07
249,4,105.41,249.32
249,5,352.96,639.59
249,6,624.96,1042.82
249,7,153.69,250.28
250,1,0,0.0
250,2,0.14,0.38
250,3,19.71,16.86
250,4,148.43,166.39
250,5,456.29,311.9
250,6,879.29,830.36
250,7,365.29,418.61
251,1,0,0.0
251,2,0.12,0.59
251,3,17.31,18.14
251,4,90.62,93.6
251,5,241.08,504.2
251,6,844.88,1627.71
251,7,437.19,822.84
252,1,0,0.0
252,2,1.22,5.42
252,3,20.61,26.66
252,4,75.7,83.16
252,5,367.96,442.49
252,6,1208.17,1369.64
252,7,342.65,584.71
253,1,0,0.0
253,2,10.25,45.17
253,3,105.71,313.08
253,4,106.82,249.24
253,5,352.86,639.61
253,6,620.9,1043.75
253,7,152.63,250.49
254,1,0,0.0
254,2,13,67.37
254,3,577.94,2436.45
254,4,1925.72,7619.76
254,5,4317.84,7232.72
254,6,4976.91,6267.66
254,7,821.56,973.21
255,1,0,0.0
255,2,2.14,4.33
255,3,90.24,87.75
255,4,403.72,786.97
255,5,3625.07,9198.94
255,6,7278.34,13167.31
255,7,1566.1,2790.08
256,1,0,0.0
256,2,1.38,3.77
256,3,61.62,84.49
256,4,174.31,211.5
256,5,848.17,1691.77
256,6,2425.1,2546.78
256,7,564.59,724.63
257,1,0,0.0
257,2,12.19,30.89
257,3,191.78,263.17
257,4,264.03,372.71
257,5,732.91,950.44
257,6,1206.19,1423.96
257,7,235.75,331.33
258,1,0,0.0
258,2,71.44,283.91
258,3,1676.74,5759.4
258,4,3121.24,8120.67
258,5,7208.26,15330.94
258,6,10743.5,16364.88
258,7,2644.15,3754.42
259,1,0,0.0
259,2,0,0.0
259,3,1.8,5.03
259,4,31,51.01
259,5,71.7,113.82
259,6,106.8,233.63
259,7,10.7,26.69
260,1,0,0.0
260,2,13,67.37
260,3,576.31,2436.82
260,4,1917.59,7621.66
260,5,4265.97,7253.29
260,6,4875.09,6314.59
260,7,808.31,979.25
261,1,0,0.0
261,2,10.49,45.15
261,3,106.8,312.87
261,4,107.73,248.97
261,5,356.96,638.03
261,6,628.47,1041.34
261,7,154.41,250.0
262,1,0,0.0
262,2,0,0.0
262,3,1,1.41
262,4,99,8.49
262,5,434.5,36.06
262,6,533.5,99.7
262,7,76.5,4.95
263,1,0,0.0
263,2,4.79,9.01
263,3,96.16,85.15
263,4,262.05,210.29
263,5,666.84,824.16
263,6,904.42,1034.01
263,7,235.47,366.27
264,1,0,0.0
264,2,1.22,5.42
264,3,22.74,27.06
264,4,80.39,82.08
264,5,379.17,438.72
264,6,1296.04,1389.05
264,7,350.74,582.1
265,1,0,0.0
265,2,12.41,30.82
265,3,182.06,262.53
265,4,281.03,376.29
265,5,745.09,945.29
265,6,1223.28,1417.71
265,7,236.25,331.15
266,1,0,0.0
266,2,0.12,0.59
266,3,17.04,18.31
266,4,84.73,94.0
266,5,221.54,501.99
266,6,760.04,1595.77
266,7,398.04,805.71
267,1,0,0.0
267,2,4,6.88
267,3,88.92,51.65
267,4,163.78,90.55
267,5,1080.95,1272.05
267,6,2203.38,1915.6
267,7,247.11,214.36
268,1,0,0.0
268,2,0,0.0
268,3,1.5,2.27
268,4,2.4,3.24
268,5,77.1,192.22
268,6,146.5,284.53
268,7,52.7,104.7
269,1,0,0.0
269,2,25.25,36.2
269,3,122.92,101.65
269,4,686.42,424.86
269,5,8880.83,3671.49
269,6,21235.83,5527.65
269,7,3854.92,1081.65
270,1,0,0.0
270,2,0,0.0
270,3,1.5,2.27
270,4,2.3,3.3
270,5,75.6,192.8
270,6,151.9,282.5
270,7,53.5,104.39
271,1,0,0.0
271,2,0,0.0
271,3,0.12,0.45
271,4,7.79,18.21
271,5,56.79,158.83
271,6,97.67,129.25
271,7,32.88,60.95
272,1,0,0.0
272,2,0,0.0
272,3,0.8,1.23
272,4,1.4,1.9
272,5,15.3,26.81
272,6,63.9,98.87
272,7,21.1,31.36
273,1,0,0.0
273,2,0,0.0
273,3,0.12,0.45
273,4,7.38,18.28
273,5,55.79,158.88
273,6,95.58,127.47
273,7,32.5,61.05
274,1,0,0.0
274,2,1.22,5.42
274,3,18.22,20.37
274,4,68.22,70.09
274,5,317.35,363.68
274,6,1094.83,1111.12
274,7,292.91,537.03
275,1,0,0.0
275,2,2.23,2.31
275,3,57.46,39.88
275,4,228.38,104.19
275,5,1350.69,925.48
275,6,3652,2759.5
275,7,650.23,434.16
276,1,0,0.0
276,2,13,67.37
276,3,578.09,2436.41
276,4,1925.34,7619.86
276,5,4321.38,7230.86
276,6,4915.5,6302.71
276,7,809.72,978.9
277,1,0,0.0
277,2,4.55,13.06
277,3,78.86,76.97
277,4,206.91,276.94
277,5,834.73,1034.65
277,6,1951.04,2612.1
277,7,394.74,547.87
278,1,0,0.0
278,2,4.57,13.06
278,3,78.58,77.12
278,4,205.04,277.16
278,5,832.03,1036.07
278,6,1939.73,2616.27
278,7,392.62,548.56
279,1,0,0.0
279,2,1.67,5.27
279,3,67.48,153.74
279,4,432.9,972.62
279,5,737.86,810.15
279,6,1227.29,772.28
279,7,409.62,275.45
280,1,0,0.0
280,2,7.38,11.54
280,3,82.24,71.4
280,4,155.29,190.92
280,5,493.57,590.06
280,6,1762.62,1778.69
280,7,344.62,307.91
281,1,0,0.0
281,2,4.57,13.06
281,3,78.76,77.03
281,4,206.62,277.04
281,5,833.34,1035.45
281,6,1947.55,2613.78
281,7,394.38,548.04
282,1,0,0.0
282,2,2.05,5.43
282,3,81.76,162.22
282,4,588.43,1159.83
282,5,962.38,1210.24
282,6,1389.43,971.13
282,7,445.86,292.83
283,1,0,0.0
283,2,7.52,11.46
283,3,82.24,71.4
283,4,154.43,191.4
283,5,491.57,591.08
283,6,1766.86,1776.31
283,7,355.19,301.98
284,1,0,0.0
284,2,4.57,13.06
284,3,78.55,77.13
284,4,207.22,276.82
284,5,832.69,1035.77
284,6,1947.68,2613.73
284,7,394.62,547.93
285,1,0,0.0
285,2,7.52,11.46
285,3,82.71,71.18
285,4,155.24,190.95
285,5,494.1,589.77
285,6,1773.86,1771.85
285,7,349.76,306.1
286,1,0,0.0
286,2,7.48,11.49
286,3,82.9,71.07
286,4,154.9,191.15
286,5,487.48,592.67
286,6,1734.95,1788.46
286,7,350.52,305.66
287,1,0,0.0
287,2,4.19,12.77
287,3,77.05,76.56
287,4,205.05,277.16
287,5,834.64,1034.71
287,6,1948.69,2613.27
287,7,392.99,548.49
288,1,0,0.0
288,2,2.1,4.35
288,3,90.48,87.59
288,4,409.17,785.63
288,5,3712.69,9187.15
288,6,7391,13151.96
288,7,1581.24,2787.83
289,1,0,0.0
289,2,71.44,283.91
289,3,1679.09,5758.72
289,4,3148.38,8111.56
289,5,7260.15,15309.48
289,6,10869.41,16300.18
289,7,2679.15,3735.78
290,1,0,0.0
290,2,1.38,3.77
290,3,61,84.75
290,4,162.66,207.96
290,5,822.28,1695.63
290,6,2421.14,2548.45
290,7,571.48,721.11
291,1,0,0.0
291,2,4.79,9.01
291,3,95.47,85.86
291,4,262.68,209.67
291,5,660.16,827.65
291,6,858.79,1047.57
291,7,226.58,368.26
292,1,0,0.0
292,2,33.47,149.21
292,3,379.94,1614.85
292,4,481.19,1615.5
292,5,873.25,1688.11
292,6,1062.16,1614.69
292,7,199.56,300.85
293,1,0,0.0
293,2,12.41,30.82
293,3,193.09,262.31
293,4,281.94,375.74
293,5,744.5,945.67
293,6,1223.38,1417.66
293,7,238.16,330.21
294,1,0,0.0
294,2,1.38,3.77
294,3,47.97,50.79
294,4,143.45,149.61
294,5,545.48,641.61
294,6,2212.45,2358.59
294,7,551.83,725.75
295,1,0,0.0
295,2,1.22,5.42
295,3,20.39,26.37
295,4,78.74,83.22
295,5,368.83,442.45
295,6,1286.04,1393.88
295,7,350.78,582.08
296,1,0,0.0
296,2,0.12,0.59
296,3,17.23,18.2
296,4,89.42,94.51
296,5,240.19,504.56
296,6,848.42,1626.33
296,7,440.85,821.75
297,1,0,0.0
297,2,4.24,12.86
297,3,74.97,71.93
297,4,183.38,198.57
297,5,798.24,1008.13
297,6,1921.57,2615.18
297,7,386.82,547.25
298,1,0,0.0
298,2,4,6.88
298,3,89.43,51.58
298,4,163.49,90.68
298,5,1057.49,1265.02
298,6,2237.81,1933.39
298,7,251,215.47
299,1,0,0.0
299,2,4.51,13.07
299,3,75.65,73.95
299,4,190.95,246.17
299,5,792.53,994.73
299,6,1912.66,2611.14
299,7,386.91,547.3
300,1,0,0.0
300,2,4.57,13.06
300,3,77.66,77.06
300,4,205.55,277.19
300,5,826.47,1037.29
300,6,1935.68,2616.86
300,7,393.55,548.34
301,1,0,0.0
301,2,34.19,149.1
301,3,385.69,1613.94
301,4,492.09,1613.54
301,5,889.97,1684.83
301,6,1073,1612.7
301,7,203.09,299.97
302,1,0,0.0
302,2,1.22,5.42
302,3,22.13,27.37
302,4,77.39,83.54
302,5,362.35,441.69
302,6,1262.57,1398.12
302,7,334.52,584.49
303,1,0,0
303,2,0,0
303,3,0,0
303,4,0,0
303,5,0,0
303,6,0,0
303,7,0,0
304,1,0,0.0
304,2,1.22,5.42
304,3,22.78,27.02
304,4,80.3,82.16
304,5,378.22,439.32
304,6,1288.04,1393.06
304,7,351.13,581.91
305,1,0,0.0
305,2,0,0.0
305,3,39.71,61.62
305,4,136.14,171.59
305,5,420.43,298.72
305,6,847.29,841.89
305,7,381.43,413.77
306,1,0,0.0
306,2,4.55,13.06
306,3,78.42,77.17
306,4,206.96,276.92
306,5,830.31,1036.69
306,6,1933.82,2616.97
306,7,393.31,548.41
307,1,0,0.0
307,2,71.44,283.91
307,3,1678.21,5758.98
307,4,3147.62,8111.86
307,5,7261.26,15308.95
307,6,10850,16312.46
307,7,2663.41,3745.63
308,1,0,0.0
308,2,3.84,6.9
308,3,88.95,51.65
308,4,163.05,90.8
308,5,1089.46,1270.41
308,6,2258.84,1932.43
308,7,250.84,215.48
309,1,0,0.0
309,2,4.54,13.06
309,3,78.19,77.19
309,4,204.77,277.11
309,5,813.55,1031.36
309,6,1862.5,2544.38
309,7,378.82,537.7
310,1,0,0.0
310,2,1.22,5.42
310,3,21.91,27.4
310,4,76.48,83.44
310,5,373.91,441.38
310,6,1293.96,1390.2
310,7,350.04,582.44
311,1,0,0.0
311,2,10.49,45.15
311,3,107.12,312.77
311,4,107.69,248.98
311,5,355.98,638.53
311,6,625.41,1042.67
311,7,154.49,249.96
312,1,0,0.0
312,2,19.42,33.33
312,3,119.75,99.54
312,4,691.67,427.58
312,5,9376.42,4607.16
312,6,22728.75,7538.91
312,7,4074.08,1287.8
313,1,0,0.0
313,2,7.38,11.54
313,3,78.57,70.64
313,4,153.43,191.85
313,5,488.86,592.2
313,6,1712.19,1789.07
313,7,342.86,308.08
314,1,0,0.0
314,2,1.9,5.44
314,3,48.14,70.65
314,4,375.43,718.09
314,5,795.1,1040.96
314,6,1282.76,922.88
314,7,402,257.06
315,1,0,0.0
315,2,10.49,45.15
315,3,104.88,313.11
315,4,103.08,248.53
315,5,320.22,601.35
315,6,570.67,984.21
315,7,137.37,226.0
316,1,0,0.0
316,2,0,0.0
316,3,16.55,23.22
316,4,44.36,52.85
316,5,140.91,158.08
316,6,299.18,225.55
316,7,75.36,64.22
317,1,0,0.0
317,2,4.57,13.06
317,3,79.16,76.72
317,4,207.36,276.75
317,5,834.36,1034.88
317,6,1954.04,2610.37
317,7,396.08,547.12
318,1,0,0.0
318,2,12.41,30.82
318,3,192.69,262.6
318,4,282.41,375.43
318,5,745.47,945.05
318,6,1230.12,1413.23
318,7,239.16,329.57
319,1,0,0.0
319,2,4.55,13.06
319,3,77.59,77.02
319,4,201.7,275.14
319,5,829.22,1036.97
319,6,1952.28,2611.41
319,7,394.86,547.81
320,1,0,0.0
320,2,10.47,45.15
320,3,107.14,312.76
320,4,107.39,249.09
320,5,353.82,639.37
320,6,626.1,1042.41
320,7,153.9,250.21
321,1,0,0.0
321,2,4.57,13.06
321,3,78.59,77.11
321,4,205.91,277.18
321,5,825.95,1037.29
321,6,1939.03,2616.41
321,7,392.64,548.56
322,1,0,0.0
322,2,0.5,1.17
322,3,65.75,79.66
322,4,144.08,133.06
322,5,266.58,372.04
322,6,778.5,886.42
322,7,285,308.25
323,1,0,0.0
323,2,2.14,4.33
323,3,86.07,87.29
323,4,405.79,786.6
323,5,3694.31,9191.78
323,6,7323.83,13164.72
323,7,1555.83,2790.16
324,1,0,0.0
324,2,4.57,13.06
324,3,78.92,76.93
324,4,206.41,277.09
324,5,836.16,1033.69
324,6,1953.95,2610.43
324,7,395.74,547.33
325,1,0,0.0
325,2,2.14,4.33
325,3,91.03,87.14
325,4,410.41,785.16
325,5,3724.17,9183.68
325,6,7413.79,13145.2
325,7,1587.28,2786.22
326,1,0,0.0
326,2,1.22,5.42
326,3,19.83,25.41
326,4,75.43,83.02
326,5,365.26,442.32
326,6,1265.04,1398.14
326,7,344.3,584.4
327,1,0,0.0
327,2,71.24,283.96
327,3,1676.18,5759.55
327,4,3145.74,8112.6
327,5,7257.88,15310.55
327,6,10856.53,16308.42
327,7,2677,3737.26
328,1,0,0.0
328,2,2.05,5.43
328,3,80.71,162.6
328,4,584.05,1161.57
328,5,938.57,1220.39
328,6,1353.19,985.39
328,7,430.95,298.38
329,1,0,0.0
329,2,0,0.0
329,3,216.73,449.42
329,4,560.64,912.06
329,5,2237.86,4014.1
329,6,4015.68,4956.86
329,7,646.36,754.32
330,1,0,0.0
330,2,10.43,45.16
330,3,107.14,312.76
330,4,107.84,248.92
330,5,353.98,639.32
330,6,623.8,1043.17
330,7,153.75,250.26
331,1,0,0.0
331,2,7.33,11.56
331,3,79.71,71.35
331,4,154.62,191.3
331,5,485.57,593.18
331,6,1753.9,1782.84
331,7,344.67,307.91
332,1,0,0.0
332,2,0,0.0
332,3,186.59,419.11
332,4,517.59,879.32
332,5,2116.86,3964.86
332,6,3949.91,4943.13
332,7,649,754.42
333,1,0,0.0
333,2,1.92,2.33
333,3,58.69,38.48
333,4,238.23,94.15
333,5,1421.23,906.08
333,6,3910,2639.18
333,7,712.15,408.25
334,1,0,0.0
334,2,4.41,14.45
334,3,67.96,157.54
334,4,83.94,191.63
334,5,305.76,551.82
334,6,519.51,755.38
334,7,129.25,186.55
335,1,0,0.0
335,2,9.98,45.12
335,3,104.18,313.04
335,4,104.73,249.21
335,5,341.61,636.79
335,6,573.45,991.14
335,7,142.78,240.92
336,1,0,0.0
336,2,1.38,3.77
336,3,59.9,84.87
336,4,168.48,212.24
336,5,841.41,1693.97
336,6,2431.66,2543.6
336,7,562.66,725.25
337,1,0,0.0
337,2,9.31,26.52
337,3,159.41,207.75
337,4,241.97,325.68
337,5,684.34,917.47
337,6,1069.06,1204.06
337,7,189.22,215.8
338,1,0,0.0
338,2,12.38,30.83
338,3,192.06,263.0
338,4,282.34,375.48
338,5,747.5,943.64
338,6,1230.56,1412.9
338,7,237.22,330.72
339,1,0,0.0
339,2,0.76,2.01
339,3,54.21,78.11
339,4,167.97,212.07
339,5,830.45,1695.74
339,6,2383.1,2554.7
339,7,556.1,726.15
340,1,0,0.0
340,2,7,11.55
340,3,77.48,69.55
340,4,133.9,175.75
340,5,430.48,544.95
340,6,1603.48,1697.35
340,7,303.14,243.17
341,1,0,0.0
341,2,4.54,13.06
341,3,78.7,77.06
341,4,206.39,277.1
341,5,834.31,1034.91
341,6,1946.69,2614.15
341,7,394.31,548.06
342,1,0,0.0
342,2,70.82,284.05
342,3,1663.18,5762.61
342,4,3066.97,8129.05
342,5,7048.15,15357.16
342,6,10396.24,16361.94
342,7,2586.03,3759.32
343,1,0,0.0
343,2,71.44,283.91
343,3,1676.5,5759.46
343,4,3136.74,8115.87
343,5,7225.29,15324.6
343,6,10813.94,16333.03
343,7,2666,3744.18
344,1,0,0.0
344,2,12.41,30.82
344,3,188.22,264.35
344,4,279.16,377.18
344,5,724.44,950.88
344,6,1229.41,1413.75
344,7,239.16,329.57
345,1,0,0.0
345,2,0,0.0
345,3,229.41,447.18
345,4,577.73,911.26
345,5,2303.09,4004.01
345,6,4105.14,4941.72
345,7,654.5,753.9
346,1,0,0.0
346,2,4.79,9.01
346,3,90.63,87.57
346,4,254.68,214.55
346,5,638.95,831.13
346,6,795.84,996.03
346,7,154.16,152.13
347,1,0,0.0
347,2,34.19,149.1
347,3,385.34,1614.01
347,4,488,1614.57
347,5,883.31,1686.81
347,6,1030.91,1606.53
347,7,186.59,291.84
348,1,0,0.0
348,2,1.13,5.42
348,3,22.83,26.98
348,4,79.52,82.79
348,5,381.17,437.28
348,6,1304.43,1383.58
348,7,350.83,582.06
349,1,0,0.0
349,2,4,6.88
349,3,90.35,50.95
349,4,165.95,88.44
349,5,1087.7,1270.93
349,6,2286.86,1917.19
349,7,253.81,214.57
350,1,0,0.0
350,2,0.12,0.59
350,3,16.85,18.36
350,4,82.38,91.24
350,5,234.08,505.85
350,6,830.12,1631.13
350,7,429.19,823.63
351,1,0,0.0
351,2,0.12,0.59
351,3,16.19,18.1
351,4,84.77,94.03
351,5,240.92,504.26
351,6,847.15,1626.85
351,7,442.62,821.06
352,1,0,0.0
352,2,4.53,13.07
352,3,76.89,76.36
352,4,203.57,276.65
352,5,818.65,1035.17
352,6,1935.12,2616.9
352,7,393.23,548.43
353,1,0,0.0
353,2,3.92,6.91
353,3,87.27,50.51
353,4,164.46,90.12
353,5,1091.14,1269.83
353,6,2267.54,1929.41
353,7,253.54,214.72
354,1,0,0.0
354,2,10.49,45.15
354,3,106.92,312.83
354,4,107.86,248.91
354,5,354.78,639.04
354,6,620.59,1043.78
354,7,153.27,250.39
355,1,0,0.0
355,2,0.9,2.05
355,3,78.95,162.89
355,4,585.38,1161.08
355,5,945.71,1218.48
355,6,1399.24,961.82
355,7,446.05,292.64
356,1,0,0.0
356,2,12.09,30.9
356,3,186.28,264.31
356,4,279.97,376.83
356,5,744.41,945.73
356,6,1208.84,1423.45
356,7,228.72,331.19
357,1,0,0.0
357,2,4.51,13.07
357,3,78.8,77.01
357,4,206.23,277.13
357,5,809.28,1026.68
357,6,1929.72,2616.86
357,7,392.11,548.63
358,1,0,0.0
358,2,0,0.0
358,3,229.5,447.13
358,4,592.59,904.25
358,5,2346.36,3983.12
358,6,4198,4884.37
358,7,677.05,741.59
359,1,0,0.0
359,2,1.34,3.78
359,3,62.03,84.24
359,4,173.1,212.07
359,5,848.48,1691.65
359,6,2438.21,2539.9
359,7,564.21,724.77
360,1,0,0.0
360,2,12.41,30.82
360,3,190.5,263.78
360,4,276.22,377.93
360,5,742.12,947.04
360,6,1224,1417.29
360,7,236.47,331.06
361,1,0,0.0
361,2,2.05,5.43
361,3,81.24,162.43
361,4,589.29,1159.44
361,5,963.86,1209.25
361,6,1402.67,958.0
361,7,445.14,293.5
362,1,0,0.0
362,2,7.84,18.91
362,3,161.41,216.43
362,4,243.97,332.29
362,5,623.16,731.7
362,6,1072.25,1215.62
362,7,208.94,302.27
363,1,0,0.0
363,2,34.19,149.1
363,3,386.06,1613.86
363,4,490.84,1613.89
363,5,875.16,1688.02
363,6,1063.97,1614.53
363,7,200.94,300.68
364,1,0,0.0
364,2,0.12,0.59
364,3,16.69,18.35
364,4,87.5,95.09
364,5,238.54,505.11
364,6,848.23,1626.42
364,7,440.73,821.79
365,1,0,0.0
365,2,3.89,6.91
365,3,89.73,51.45
365,4,164.3,90.24
365,5,1099.54,1265.58
365,6,2285.86,1918.01
365,7,254.97,213.77
366,1,0,0.0
366,2,2.05,5.43
366,3,81.67,162.26
366,4,589.05,1159.55
366,5,965.19,1208.32
366,6,1380,977.85
366,7,439.76,297.21
367,1,0,0.0
367,2,1.62,3.57
367,3,83.62,84.07
367,4,374.24,773.76
367,5,3620.66,9198.84
367,6,7307.1,13166.24
367,7,1578.48,2788.43
368,1,0,0.0
368,2,1.38,3.77
368,3,61.62,84.49
368,4,174.66,211.3
368,5,850.93,1690.63
368,6,2432.17,2543.33
368,7,567.76,723.27
369,1,0,0.0
369,2,0,0.0
369,3,229.77,446.99
369,4,591.14,905.19
369,5,2345.09,3983.9
369,6,4191.32,4889.94
369,7,675.59,742.89
370,1,0,0.0
370,2,12.91,67.38
370,3,570.59,2437.85
370,4,1909.28,7623.29
370,5,4248.62,7257.33
370,6,4919.09,6301.23
370,7,805.19,979.78
371,1,0,0.0
371,2,0,0.0
371,3,0.12,0.45
371,4,7.79,18.21
371,5,58.29,158.45
371,6,104.96,128.56
371,7,33.42,60.7
372,1,0,0.0
372,2,12.78,67.4
372,3,566.5,2438.3
372,4,1878.66,7626.62
372,5,4116.69,7241.87
372,6,4734.12,6286.94
372,7,802.75,979.95
373,1,0,0.0
373,2,1.38,3.77
373,3,61.79,84.4
373,4,170.72,212.55
373,5,843.59,1693.35
373,6,2413.21,2551.21
373,7,569.72,722.21
374,1,0,0.0
374,2,0,0.0
374,3,19,30.96
374,4,39.73,39.94
374,5,129.36,158.93
374,6,286.55,223.22
374,7,66.45,55.88
375,1,0,0.0
375,2,4.57,13.06
375,3,78.54,77.13
375,4,205.93,277.17
375,5,829.15,1036.98
375,6,1947.62,2613.75
375,7,395.32,547.58
376,1,0,0.0
376,2,1.92,2.33
376,3,50.15,35.98
376,4,225.62,104.33
376,5,1404.69,918.08
376,6,3812.54,2729.09
376,7,672.62,440.49
377,1,0,0.0
377,2,4.55,13.06
377,3,78.99,76.88
377,4,207.76,276.53
377,5,834.77,1034.63
377,6,1947.84,2613.66
377,7,393.69,548.29
378,1,0,0.0
378,2,4.03,12.38
378,3,77.09,76.6
378,4,197.68,268.53
378,5,785.26,973.75
378,6,1826.77,2448.55
378,7,371.43,520.47
379,1,0,0.0
379,2,13,67.37
379,3,576.44,2436.8
379,4,1918.72,7621.41
379,5,4203.94,7261.25
379,6,4840.12,6317.74
379,7,810.03,978.81
380,1,0,0.0
380,2,7.1,11.57
380,3,83.76,70.43
380,4,154.52,191.35
380,5,494.86,589.33
380,6,1754.95,1782.4
380,7,349.29,306.35
381,1,0,0.0
381,2,0,0.0
381,3,30,38.18
381,4,302.5,415.07
381,5,1234.5,1731.7
381,6,4746,6670.85
381,7,949.5,1320.17
382,1,0,0.0
382,2,12.41,30.82
382,3,192.84,262.49
382,4,280.94,376.34
382,5,742.03,947.09
382,6,1229.38,1413.77
382,7,238.5,330.0
383,1,0,0
383,2,0,0
383,3,26,0
383,4,230,0
383,5,340,0
383,6,820,0
383,7,254,0
384,1,0,0.0
384,2,2.05,5.43
384,3,80.24,162.72
384,4,580.86,1162.6
384,5,936.71,1220.73
384,6,1332.86,979.84
384,7,414.1,283.51
385,1,0,0.0
385,2,13,67.37
385,3,576.91,2436.69
385,4,1926.16,7619.65
385,5,4327.97,7227.22
385,6,4958.12,6280.57
385,7,820.16,974.14
386,1,0,0.0
386,2,1.92,2.33
386,3,51.85,38.82
386,4,230.62,103.25
386,5,1383.08,926.79
386,6,3713.38,2764.65
386,7,663.54,440.02
387,1,0,0.0
387,2,4.57,13.06
387,3,79.04,76.83
387,4,207.55,276.65
387,5,832.89,1035.67
387,6,1952.78,2611.13
387,7,394.93,547.78
388,1,0,0.0
388,2,4.79,9.01
388,3,92.58,87.57
388,4,257.53,213.56
388,5,661.68,826.96
388,6,892.47,1041.66
388,7,232,367.59
389,1,0,0.0
389,2,4,6.88
389,3,87.73,51.04
389,4,161.51,90.57
389,5,1088.05,1270.84
389,6,2212.16,1922.44
389,7,251.16,215.46
390,1,0,0.0
390,2,10.49,45.15
390,3,107.16,312.76
390,4,107.57,249.03
390,5,354.61,639.11
390,6,624.02,1043.11
390,7,154.24,250.08
391,1,0,0.0
391,2,4.57,13.06
391,3,78.62,77.1
391,4,207.84,276.48
391,5,834.07,1035.05
391,6,1950.66,2612.3
391,7,395.24,547.62
392,1,0,0.0
392,2,1.38,3.77
392,3,59.24,84.72
392,4,170.97,212.54
392,5,847.69,1691.96
392,6,2426.97,2545.93
392,7,562.62,725.26
393,1,0,0.0
393,2,1.34,3.78
393,3,61.41,84.6
393,4,172.28,212.33
393,5,834.52,1695.34
393,6,2430.93,2543.98
393,7,562.14,725.39
394,1,0,0.0
394,2,4,6.88
394,3,87.16,50.36
394,4,163.05,90.8
394,5,1086.76,1271.17
394,6,2275.51,1925.29
394,7,254.65,214.02
395,1,0,0.0
395,2,10.29,45.17
395,3,103.37,312.85
395,4,106.45,249.31
395,5,350.92,639.88
395,6,624.59,1042.94
395,7,153.82,250.23
396,1,0,0.0
396,2,10.31,45.17
396,3,105.8,313.07
396,4,105,249.27
396,5,348.27,639.73
396,6,614.24,1043.45
396,7,150.65,250.25
397,1,0,0.0
397,2,34.19,149.1
397,3,384.72,1614.14
397,4,490.59,1613.96
397,5,885.81,1686.17
397,6,1079.78,1610.19
397,7,203.94,299.55
398,1,0,0.0
398,2,1.34,3.78
398,3,59.1,84.67
398,4,152.86,188.35
398,5,739.1,1623.36
398,6,2037.83,1644.27
398,7,442.38,353.55
399,1,0,0.0
399,2,0.14,0.38
399,3,42.71,60.67
399,4,146.29,167.92
399,5,468.29,307.59
399,6,872.57,833.74
399,7,383.86,412.53
400,1,0,0.0
400,2,1.22,5.42
400,3,22.61,27.15
400,4,79.65,82.7
400,5,381.3,437.18
400,6,1291.78,1391.33
400,7,346.39,583.85
401,1,0,0.0
401,2,0,0.0
401,3,26.45,35.47
401,4,55.82,57.62
401,5,143.09,156.66
401,6,319.64,208.88
401,7,80,61.78
402,1,0,0.0
402,2,0,0.0
402,3,4.3,8.82
402,4,36.6,50.79
402,5,123.4,177.33
402,6,224.6,410.21
402,7,17.8,32.37
403,1,0,0.0
403,2,4,6.88
403,3,89.65,51.49
403,4,164.24,90.28
403,5,1092.97,1269.09
403,6,2270.11,1928.23
403,7,250.95,215.48
404,1,0,0.0
404,2,4.79,9.01
404,3,96.11,85.21
404,4,264.79,207.28
404,5,671.16,821.3
404,6,906.63,1032.26
404,7,234.63,366.66
405,1,0,0.0
405,2,2.14,4.33
405,3,91.45,86.73
405,4,412.52,784.23
405,5,3741.52,9177.59
405,6,7492.86,13112.19
405,7,1606.07,2778.58
406,1,0,0.0
406,2,1.22,5.42
406,3,21.09,27.11
406,4,74.7,82.52
406,5,366.74,442.46
406,6,1278.22,1396.39
406,7,344.3,584.4
407,1,0,0.0
407,2,0,0.0
407,3,2.7,7.86
407,4,34,51.82
407,5,87.8,160.37
407,6,149.7,367.78
407,7,9.3,22.38
408,1,0,0.0
408,2,2.14,4.33
408,3,90.72,87.4
408,4,410.62,785.08
408,5,3712.76,9187.13
408,6,7454.17,13130.2
408,7,1598.66,2782.07
409,1,0,0.0
409,2,0,0.0
409,3,0,0.0
409,4,20.29,16.2
409,5,35.14,68.77
409,6,62.71,132.89
409,7,6.29,13.61
410,1,0,0.0
410,2,71.32,283.94
410,3,1667.09,5761.8
410,4,3137.85,8115.49
410,5,7142.18,15349.07
410,6,10372.38,16351.98
410,7,2601.53,3761.18
411,1,0,0.0
411,2,0,0.0
411,3,141.55,233.91
411,4,417.77,541.82
411,5,1635.18,2676.06
411,6,3366.91,3757.24
411,7,569.86,647.23
412,1,0,0.0
412,2,1.77,2.09
412,3,56.31,40.64
412,4,222.23,102.98
412,5,1366.85,928.28
412,6,3782.62,2745.6
412,7,675.77,439.98
413,1,0,0.0
413,2,0.12,0.59
413,3,17.42,18.04
413,4,90.69,93.52
413,5,238.54,505.11
413,6,846.5,1627.11
413,7,443.27,820.77
414,1,0,0.0
414,2,2.14,4.33
414,3,91.38,86.8
414,4,411.28,784.8
414,5,3719.97,9185.01
414,6,7342.52,13162.24
414,7,1576.17,2788.87
415,1,0,0.0
415,2,1.34,3.78
415,3,62,84.26
415,4,175.07,211.04
415,5,830.66,1695.73
415,6,2377.38,2554.11
415,7,558.28,726.05
416,1,0,0.0
416,2,0.12,0.59
416,3,16.69,18.35
416,4,80.73,88.19
416,5,238.46,505.13
416,6,843.42,1628.22
416,7,436.96,822.89
417,1,0,0.0
417,2,0.12,0.59
417,3,16.31,18.19
417,4,89.81,94.27
417,5,239.92,504.66
417,6,845.15,1627.62
417,7,441.12,821.65
418,1,0,0.0
418,2,11.19,30.51
418,3,184.88,263.97
418,4,277.12,377.78
418,5,718.16,949.54
418,6,1121.97,1350.74
418,7,215.16,316.23
419,1,0,0.0
419,2,1.77,2.09
419,3,57.54,39.81
419,4,230.54,103.3
419,5,1399.54,920.86
419,6,3765.54,2752.77
419,7,670,440.64
420,1,0,0.0
420,2,2.23,2.31
420,3,56.15,40.7
420,4,229,104.0
420,5,1382.23,926.98
420,6,3666.08,2762.51
420,7,651.77,435.16
421,1,0,0.0
421,2,0,0.0
421,3,0.12,0.45
421,4,7.79,18.21
421,5,58.33,158.44
421,6,104.96,128.56
421,7,33.33,60.75
422,1,0,0.0
422,2,19.75,33.89
422,3,117.92,97.63
422,4,680.25,420.46
422,5,10038.33,4550.41
422,6,23699.75,6324.45
422,7,4234.92,1072.45
423,1,0,0.0
423,2,13,67.37
423,3,577.28,2436.61
423,4,1924.5,7620.07
423,5,4313.22,7235.07
423,6,4955.91,6281.97
423,7,816,976.5
424,1,0,0.0
424,2,4.53,9.08
424,3,81.47,74.32
424,4,237.63,203.54
424,5,641.53,831.32
424,6,890.42,1042.68
424,7,235.89,366.07
425,1,0,0.0
425,2,0,0.0
425,3,26.27,35.62
425,4,56.27,57.18
425,5,143.73,156.17
425,6,300.36,225.29
425,7,81.27,60.27
426,1,0,0.0
426,2,4.68,9.06
426,3,84.84,82.0
426,4,251.74,214.74
426,5,647.63,831.09
426,6,859.95,1047.75
426,7,228.84,368.18
427,1,0,0.0
427,2,16.58,25.81
427,3,108.5,78.06
427,4,660.67,397.26
427,5,9245.33,4455.86
427,6,22161.67,7368.75
427,7,4108.25,1269.58
428,1,0,0.0
428,2,2.05,5.43
428,3,81.05,162.5
428,4,588.71,1159.7
428,5,958.05,1212.9
428,6,1355.43,985.41
428,7,432.24,298.58
429,1,0,0.0
429,2,0,0.0
429,3,0.12,0.45
429,4,7.79,18.21
429,5,58.33,158.44
429,6,105.04,128.49
429,7,33.12,60.85
430,1,0,0.0
430,2,4.57,13.06
430,3,79.01,76.86
430,4,206.81,276.98
430,5,829.93,1036.79
430,6,1926.11,2616.35
430,7,390.43,548.61
431,1,0,0.0
431,2,34.19,149.1
431,3,385.03,1614.08
431,4,490.16,1614.07
431,5,887.78,1685.58
431,6,1067.56,1614.01
431,7,202.34,300.28
432,1,0,0.0
432,2,0,0.0
432,3,26.45,35.47
432,4,56.36,57.09
432,5,146.27,153.84
432,6,322.55,204.22
432,7,82,59.23
433,1,0,0.0
433,2,4.57,13.06
433,3,78.38,77.18
433,4,207.7,276.56
433,5,832.99,1035.63
433,6,1932.15,2616.98
433,7,393.76,548.27
434,1,0,0.0
434,2,3.92,6.91
434,3,90.51,50.78
434,4,164.59,90.0
434,5,1090.81,1269.95
434,6,2279.19,1922.96
434,7,254.68,214.0
435,1,0,0.0
435,2,4.57,13.06
435,3,79.2,76.68
435,4,208.27,276.18
435,5,832.76,1035.74
435,6,1945.43,2614.63
435,7,393.22,548.43
436,1,0,0.0
436,2,1.22,5.42
436,3,22.39,27.28
436,4,78.74,83.22
436,5,374.35,441.22
436,6,1287.78,1393.17
436,7,350.3,582.31
437,1,0,0.0
437,2,71.35,283.93
437,3,1676.79,5759.38
437,4,3143.24,8113.54
437,5,7215.06,15328.49
437,6,10709.94,16376.19
437,7,2633.76,3757.68
438,1,0,0.0
438,2,0,0.0
438,3,0,0.0
438,4,20.71,15.86
438,5,33.43,69.53
438,6,84.43,135.05
438,7,7.29,13.33
439,1,0,0
439,2,2,0
439,3,29,0
439,4,666,0
439,5,91,0
439,6,457,0
439,7,61,0
440,1,0,0.0
440,2,0,0.0
440,3,0.12,0.45
440,4,7.75,18.23
440,5,57.88,158.6
440,6,104.29,129.07
440,7,32.21,61.08
441,1,0,0.0
441,2,1.22,5.42
441,3,22.65,27.12
441,4,78.35,83.37
441,5,375.26,440.85
441,6,1302,1385.3
441,7,350.74,582.1
442,1,0,0.0
442,2,0,0.0
442,3,0.12,0.45
442,4,7.67,18.26
442,5,57.54,158.69
442,6,100.33,130.24
442,7,32.79,60.98
443,1,0,0.0
443,2,0,0.0
443,3,0.12,0.45
443,4,7.62,18.27
443,5,58,158.56
443,6,104.62,128.82
443,7,32.46,61.05
444,1,0,0.0
444,2,0,0.0
444,3,4.3,8.82
444,4,36.8,50.64
444,5,123.1,177.56
444,6,225.5,409.68
444,7,17.8,32.37
445,1,0,0.0
445,2,0,0.0
445,3,0.12,0.45
445,4,7.67,18.26
445,5,57.58,158.68
445,6,103.92,129.32
445,7,32.33,61.07
446,1,0,0.0
446,2,0,0.0
446,3,0.12,0.45
446,4,7.75,18.23
446,5,57.5,158.7
446,6,100.83,130.27
446,7,33.29,60.77
447,1,0,0.0
447,2,0,0.0
447,3,0.12,0.45
447,4,7.79,18.21
447,5,56.83,158.83
447,6,104.38,129.01
447,7,33.08,60.87
448,1,0,0.0
448,2,4.41,13.04
448,3,76.81,76.26
448,4,198.18,269.61
448,5,742.28,734.79
448,6,1698.69,1638.61
448,7,341.58,335.78
449,1,0,0.0
449,2,5.38,7.69
449,3,78.9,70.89
449,4,126.38,154.62
449,5,389.52,406.57
449,6,1438.1,1160.79
449,7,319.86,288.22
450,1,0,0.0
450,2,0,0.0
450,3,0,0.0
450,4,15.14,11.28
450,5,31.86,69.87
450,6,79,137.55
450,7,7.14,13.41
451,1,0,0.0
451,2,3.97,6.89
451,3,89.3,51.62
451,4,163.7,90.59
451,5,1094.84,1268.23
451,6,2268.86,1928.82
451,7,251.38,215.44
452,1,0,0.0
452,2,3.86,6.9
452,3,86.41,49.04
452,4,159.84,89.14
452,5,1090.78,1269.96
452,6,2213.3,1923.21
452,7,244.49,212.04
453,1,0,0.0
453,2,12.72,67.4
453,3,572.09,2437.62
453,4,1856.78,7626.44
453,5,4074.97,7219.9
453,6,4893.94,6310.15
453,7,810.62,978.64
454,1,0,0.0
454,2,4.55,13.06
454,3,78.51,77.14
454,4,206.89,276.95
454,5,830.19,1036.72
454,6,1929.92,2616.87
454,7,391.11,548.67
455,1,0,0.0
455,2,0.12,0.59
455,3,16.69,18.35
455,4,88.15,95.02
455,5,240.54,504.42
455,6,838.92,1629.55
455,7,436.69,822.95
456,1,0,0.0
456,2,0,0.0
456,3,29.5,38.89
456,4,316.5,395.27
456,5,1302.5,1635.54
456,6,5085.5,6190.72
456,7,984.5,1270.67
457,1,0,0.0
457,2,2.05,5.43
457,3,80.48,162.67
457,4,582.71,1162.03
457,5,945.52,1218.55
457,6,1375.05,980.52
457,7,440.9,296.61
458,1,0,0.0
458,2,34.16,149.11
458,3,383.75,1614.33
458,4,492.38,1613.46
458,5,892.81,1683.71
458,6,1083.81,1608.23
458,7,204.03,299.5
459,1,0,0.0
459,2,4.57,13.06
459,3,79.08,76.8
459,4,207.7,276.56
459,5,834.55,1034.76
459,6,1956.07,2609.05
459,7,395.68,547.37
460,1,0,0.0
460,2,4.57,13.06
460,3,78.74,77.04
460,4,205.46,277.19
460,5,831.43,1036.31
460,6,1947.73,2613.71
460,7,394.34,548.05
461,1,0,0.0
461,2,2.08,2.4
461,3,53.54,40.41
461,4,213.23,90.4
461,5,1354.85,926.61
461,6,3417.62,2540.58
461,7,655.31,437.13
462,1,0,0.0
462,2,0,0.0
462,3,223.45,449.31
462,4,570.14,912.57
462,5,2272.18,4011.98
462,6,4086.32,4948.14
462,7,671.05,746.49
463,1,0,0.0
463,2,1.38,3.77
463,3,61.55,84.53
463,4,173.79,211.77
463,5,840.45,1694.21
463,6,2407.66,2552.68
463,7,570.45,721.77
464,1,0,0.0
464,2,0,0.0
464,3,0,0.0
464,4,19,16.58
464,5,35.29,68.68
464,6,84.43,135.05
464,7,6.86,13.53
465,1,0,0.0
465,2,0,0.0
465,3,25.36,36.14
465,4,54.91,58.35
465,5,134.18,159.92
465,6,301.55,224.94
465,7,77.73,63.55
466,1,0,0.0
466,2,10.49,45.15
466,3,107.1,312.78
466,4,107.88,248.9
466,5,356.78,638.12
466,6,627.47,1041.83
466,7,153.12,250.42
467,1,0,0.0
467,2,10.49,45.15
467,3,105.55,313.1
467,4,107.47,249.06
467,5,351.37,639.84
467,6,622.88,1043.4
467,7,152.8,250.47
468,1,0,0.0
468,2,2.07,4.35
468,3,82.83,82.52
468,4,409,785.69
468,5,3714.62,9186.6
468,6,7393.86,13151.18
468,7,1576.34,2788.84
469,1,0,0
469,2,0,0
469,3,0,0
469,4,0,0
469,5,0,0
469,6,0,0
469,7,0,0
470,1,0,0.0
470,2,7.52,11.46
470,3,84,70.21
470,4,156.62,190.0
470,5,499.38,586.21
470,6,1780.1,1767.34
470,7,350.71,305.54
471,1,0,0.0
471,2,4.53,13.07
471,3,78.38,77.18
471,4,204.69,277.09
471,5,830.24,1036.71
471,6,1940.19,2616.17
471,7,392.32,548.61
472,1,0,0.0
472,2,4.57,13.06
472,3,78.88,76.96
472,4,206.93,276.93
472,5,832.28,1035.96
472,6,1945.5,2614.61
472,7,393.57,548.33
473,1,0,0.0
473,2,1.38,3.77
473,3,61.45,84.58
473,4,170.03,212.53
473,5,840.31,1694.24
473,6,2374.79,2553.72
473,7,534.76,716.28
474,1,0,0.0
474,2,4.39,13.03
474,3,74.72,71.02
474,4,200.64,273.85
474,5,820.59,1036.12
474,6,1932.3,2616.99
474,7,387.07,547.4
475,1,0,0.0
475,2,34.06,149.13
475,3,383.78,1614.32
475,4,488,1614.57
475,5,881.09,1687.27
475,6,1068.97,1613.73
475,7,201.56,300.53
476,1,0,0.0
476,2,4.57,13.06
476,3,78.82,76.99
476,4,207.57,276.64
476,5,828.81,1037.05
476,6,1946.57,2614.2
476,7,395.2,547.64
477,1,0,0.0
477,2,7.48,11.49
477,3,82.19,71.42
477,4,155.48,190.8
477,5,491.71,591.01
477,6,1750.14,1784.33
477,7,351.48,305.05
478,1,0,0.0
478,2,0,0.0
478,3,4.3,8.82
478,4,36.9,50.56
478,5,121.7,178.54
478,6,224.8,410.09
478,7,17.6,32.48
479,1,0,0.0
479,2,0,0.0
479,3,4.3,8.82
479,4,30.7,50.81
479,5,112.4,181.62
479,6,213,414.89
479,7,16,32.85
480,1,0,0.0
480,2,4.45,13.06
480,3,77.66,77.06
480,4,205.28,277.18
480,5,819.34,1035.54
480,6,1914.09,2611.95
480,7,388.45,548.09
481,1,0,0.0
481,2,34.19,149.1
481,3,386.91,1613.66
481,4,492.5,1613.42
481,5,891.12,1684.4
481,6,1071.72,1613.06
481,7,201.59,300.52
482,1,0,0.0
482,2,10.49,45.15
482,3,105.61,313.09
482,4,101.75,247.55
482,5,334.27,629.23
482,6,620.65,1043.78
482,7,153.76,250.25
483,1,0,0.0
483,2,22.79,49.27
483,3,720.56,1810.66
483,4,2032.47,5297.26
483,5,6188.88,14442.13
483,6,9957.62,15973.76
483,7,2450.41,3642.92
484,1,0,0.0
484,2,0.12,0.59
484,3,14.27,12.66
484,4,89.31,94.58
484,5,240.35,504.5
484,6,849.5,1625.87
484,7,443.38,820.72
485,1,0,0.0
485,2,3.27,5.7
485,3,89.73,51.45
485,4,161.43,90.53
485,5,1089.22,1270.49
485,6,2271.49,1927.53
485,7,255.05,213.71
486,1,0,0.0
486,2,0,0.0
486,3,225.59,448.76
486,4,586.73,907.72
486,5,2320.5,3996.98
486,6,4090.55,4946.85
486,7,665.45,749.99
487,1,0,0.0
487,2,4.5,13.07
487,3,78.54,77.13
487,4,205.54,277.19
487,5,830.14,1036.74
487,6,1941.5,2615.86
487,7,390.92,548.66
488,1,0,0.0
488,2,4,6.88
488,3,89.62,51.5
488,4,160.35,89.71
488,5,1059.19,1266.1
488,6,2203.27,1915.51
488,7,242.97,210.1
489,1,0,0.0
489,2,2.1,4.35
489,3,91.31,86.87
489,4,408.03,786.01
489,5,3618.07,9198.76
489,6,7054.34,13108.73
489,7,1495.31,2766.65
490,1,0,0.0
490,2,1.38,3.77
490,3,62.17,84.14
490,4,175.03,211.06
490,5,847.79,1691.92
490,6,2442.86,2536.94
490,7,566.21,723.99
491,1,0,0.0
491,2,0,0.0
491,3,225.91,448.66
491,4,582.82,909.52
491,5,2315.09,3999.36
491,6,4077.95,4950.44
491,7,656.91,753.37
492,1,0,0.0
492,2,13,67.37
492,3,577.66,2436.52
492,4,1921.94,7620.68
492,5,4324.06,7229.4
492,6,4931.16,6295.73
492,7,811.56,978.34
493,1,0,0.0
493,2,12.25,30.87
493,3,182.72,262.96
493,4,277.72,377.64
493,5,725.19,950.94
493,6,1206.59,1423.89
493,7,236.25,331.15
494,1,0,0.0
494,2,70.5,284.1
494,3,1667.32,5761.75
494,4,3123,8120.18
494,5,7167.09,15343.44
494,6,10202.15,16244.08
494,7,2441.76,3629.18
495,1,0,0.0
495,2,0.5,1.17
495,3,50,54.69
495,4,146.67,134.83
495,5,306,433.95
495,6,921,1132.4
495,7,298.5,324.14
496,1,0,0.0
496,2,3.97,6.89
496,3,89.41,51.59
496,4,163.62,90.63
496,5,1056.51,1264.36
496,6,2240.35,1933.75
496,7,252.78,215.07
497,1,0,0.0
497,2,12.94,67.38
497,3,577.62,2436.52
497,4,1927.34,7619.35
497,5,4320.5,7231.32
497,6,4946.84,6287.4
497,7,815.41,976.78
498,1,0,0.0
498,2,0,0.0
498,3,0.12,0.45
498,4,7.33,18.27
498,5,55.17,158.83
498,6,100.5,130.26
498,7,33.21,60.81
499,1,0,0.0
499,2,71.38,283.92
499,3,1676.94,5759.34
499,4,3142.44,8113.84
499,5,7226.38,15324.17
499,6,10723.76,16371.83
499,7,2632.03,3758.12
500,1,0,0.0
500,2,71.44,283.91
500,3,1679.41,5758.63
500,4,3145.18,8112.81
500,5,7252.76,15312.92
500,6,10822.21,16328.57
500,7,2670.76,3741.33
501,1,0,0.0
501,2,0.12,0.59
501,3,17.42,18.04
501,4,90.38,93.81
501,5,236.19,505.64
501,6,844,1628.02
501,7,443.15,820.82
502,1,0,0.0
502,2,34.19,149.1
502,3,386.81,1613.68
502,4,490.81,1613.9
502,5,891.88,1684.1
502,6,1082.56,1608.87
502,7,203.53,299.76
503,1,0,0.0
503,2,10.49,45.15
503,3,106.98,312.82
503,4,107.51,249.05
503,5,354.49,639.15
503,6,625.88,1042.49
503,7,152.76,250.48
504,1,0,0.0
504,2,69.5,284.17
504,3,1652.53,5764.32
504,4,3058.38,8129.18
504,5,6956.59,15345.09
504,6,10146.91,16195.06
504,7,2555.06,3748.68
505,1,0,0.0
505,2,34.09,149.12
505,3,386.41,1613.78
505,4,490.81,1613.9
505,5,884.97,1686.4
505,6,1081.41,1609.44
505,7,203.47,299.79
506,1,0,0.0
506,2,3.97,6.89
506,3,89.16,51.64
506,4,161.11,90.34
506,5,1080.41,1272.08
506,6,2285,1918.7
506,7,253.05,214.95
507,1,0,0.0
507,2,1.38,3.77
507,3,60,84.88
507,4,173.69,211.82
507,5,839.1,1694.52
507,6,2389.52,2554.88
507,7,563.86,724.88
508,1,0,0.0
508,2,10.49,45.15
508,3,103.16,312.79
508,4,103.25,248.63
508,5,351.96,639.77
508,6,620.59,1043.78
508,7,153.12,250.42
509,1,0,0.0
509,2,13,67.37
509,3,578,2436.43
509,4,1925.66,7619.78
509,5,4317.94,7232.67
509,6,4965.66,6275.63
509,7,819.34,974.65
510,1,0,0.0
510,2,10.49,45.15
510,3,107.18,312.75
510,4,107.75,248.96
510,5,356.39,638.33
510,6,628.06,1041.55
510,7,154.61,249.9
511,1,0,0.0
511,2,0,0.0
511,3,198.5,437.36
511,4,493.27,837.01
511,5,1792.32,3343.98
511,6,3356.95,3714.63
511,7,530.45,481.18
512,1,0,0.0
512,2,0,0.0
512,3,1.4,2.32
512,4,2.4,3.24
512,5,77.1,192.22
512,6,152.8,282.03
512,7,54.4,103.96
513,1,0,0.0
513,2,0.14,0.38
513,3,43.57,60.14
513,4,151.29,163.93
513,5,459.71,311.12
513,6,857.57,839.45
513,7,381.71,413.63
514,1,0,0.0
514,2,1.38,3.77
514,3,61.21,84.68
514,4,174.62,211.32
514,5,853.69,1689.35
514,6,2460.93,2522.9
514,7,564.48,724.67
515,1,0,0.0
515,2,2,5.44
515,3,81.86,162.18
515,4,587.38,1160.28
515,5,955.52,1214.28
515,6,1409.76,949.13
515,7,450.52,287.42
516,1,0,0.0
516,2,71.44,283.91
516,3,1678.06,5759.02
516,4,3145.12,8112.83
516,5,7243.88,15316.89
516,6,10739.38,16366.4
516,7,2648.32,3752.82
517,1,0,0.0
517,2,0,0.0
517,3,0.12,0.45
517,4,7.75,18.23
517,5,58.33,158.44
517,6,103.96,129.29
517,7,33.38,60.72
518,1,0,0.0
518,2,1.22,5.42
518,3,22.61,27.15
518,4,79.52,82.79
518,5,374.65,441.1
518,6,1307.17,1381.51
518,7,352.52,581.15
519,1,0,0.0
519,2,2.15,2.38
519,3,48.46,31.55
519,4,215.31,94.62
519,5,1383.77,926.63
519,6,3754.15,2756.64
519,7,700.15,424.25
520,1,0,0.0
520,2,1.22,5.42
520,3,22.17,27.36
520,4,79.13,83.03
520,5,367.48,442.49
520,6,1265.09,1398.14
520,7,345.78,584.03
521,1,0,0.0
521,2,70.62,284.08
521,3,1655.15,5763.97
521,4,3006.94,8123.09
521,5,6979.03,15349.87
521,6,10594.35,16396.14
521,7,2619.56,3760.45
522,1,0,0.0
522,2,12.09,30.9
522,3,179.12,259.92
522,4,263.81,372.49
522,5,701.41,938.99
522,6,1194.19,1424.16
522,7,233.16,331.87
523,1,0,0.0
523,2,2.05,5.43
523,3,81.24,162.43
523,4,580.86,1162.6
523,5,943.71,1219.11
523,6,1391.19,969.63
523,7,448.95,289.45
524,1,0,0.0
524,2,2.05,5.43
524,3,82.05,162.09
524,4,589.1,1159.53
524,5,950.86,1216.51
524,6,1339.67,982.79
524,7,420.43,291.84
525,1,0,0.0
525,2,33.66,149.19
525,3,385.31,1614.02
525,4,490.25,1614.05
525,5,889.62,1684.96
525,6,1061.84,1614.71
525,7,200.19,300.8
526,1,0,0.0
526,2,2,5.44
526,3,80.1,162.76
526,4,586.9,1160.48
526,5,931.33,1221.34
526,6,1296.19,944.53
526,7,416.43,286.98
527,1,0,0.0
527,2,10.49,45.15
527,3,106.86,312.85
527,4,107.57,249.03
527,5,356,638.52
527,6,627.16,1041.97
527,7,154.65,249.88
528,1,0,0.0
528,2,0,0.0
528,3,0.08,0.41
528,4,5.83,16.23
528,5,25.62,34.29
528,6,81.88,87.1
528,7,21.38,27.23
529,1,0,0.0
529,2,71.41,283.92
529,3,1678.32,5758.95
529,4,3148.24,8111.62
529,5,7250.12,15314.12
529,6,10826.18,16326.37
529,7,2666.24,3744.04
530,1,0,0.0
530,2,0,0.0
530,3,227.64,448.01
530,4,589.23,906.35
530,5,2316.45,3998.78
530,6,4075.36,4951.09
530,7,654.32,753.94
531,1,0,0.0
531,2,0,0.0
531,3,228.18,447.77
531,4,577.68,911.27
531,5,2310.09,4001.4
531,6,4047.05,4955.99
531,7,644.18,754.07
532,1,0,0.0
532,2,34.19,149.1
532,3,385.06,1614.07
532,4,489.09,1614.33
532,5,886.94,1685.84
532,6,1078.97,1610.54
532,7,201.97,300.41
533,1,0,0.0
533,2,2.23,2.31
533,3,57,40.25
533,4,225.54,104.32
533,5,1386,926.07
533,6,3828.38,2718.28
533,7,687.54,435.06
534,1,0,0.0
534,2,7.52,11.46
534,3,83.24,70.85
534,4,149.9,192.46
534,5,493.67,590.01
534,6,1761.43,1779.31
534,7,351.14,305.27
535,1,0,0.0
535,2,7.38,11.54
535,3,82.33,71.36
535,4,147.33,191.96
535,5,436.24,556.12
535,6,1589.43,1673.28
535,7,318.81,286.27
536,1,0,0.0
536,2,3.7,6.8
536,3,85.81,47.65
536,4,153.95,72.83
536,5,891.11,490.15
536,6,1974.84,931.57
536,7,223,128.9
537,1,0,0.0
537,2,0.5,1.17
537,3,68.08,79.02
537,4,155.5,135.53
537,5,352.83,436.25
537,6,1029.75,1128.64
537,7,324.42,331.48
538,1,0,0.0
538,2,12.94,67.38
538,3,574.03,2437.29
538,4,1927.47,7619.32
538,5,4329.12,7226.56
538,6,4966.34,6275.16
538,7,823.88,971.52
539,1,0,0.0
539,2,0,0.0
539,3,4.3,8.82
539,4,20.5,24.04
539,5,106.8,180.64
539,6,224.1,410.5
539,7,17.8,32.37
540,1,0,0.0
540,2,0,0.0
540,3,4.3,8.82
540,4,36.8,50.64
540,5,120.7,179.16
540,6,225.3,409.8
540,7,17.7,32.42
541,1,0,0.0
541,2,4.55,13.06
541,3,78.66,77.08
541,4,207.14,276.85
541,5,829.81,1036.83
541,6,1937.59,2616.64
541,7,392.8,548.53
542,1,0,0.0
542,2,0.5,1.17
542,3,69.08,78.45
542,4,160.83,131.96
542,5,352,436.83
542,6,1037.33,1122.82
542,7,338.08,323.64
543,1,0,0.0
543,2,34.19,149.1
543,3,386.78,1613.69
543,4,492.78,1613.33
543,5,897.47,1681.52
543,6,1084.22,1608.01
543,7,204.91,298.96
544,1,0,0.0
544,2,25.17,36.26
544,3,135,96.67
544,4,739.08,410.31
544,5,10086.58,4492.48
544,6,23014.58,7393.0
544,7,3946.5,1240.89
545,1,0,0.0
545,2,12.41,30.82
545,3,192.91,262.45
545,4,283.38,374.73
545,5,744.97,945.37
545,6,1227.38,1415.16
545,7,238.75,329.84
546,1,0,0.0
546,2,4.55,13.06
546,3,78.28,77.19
546,4,207.86,276.46
546,5,833.39,1035.42
546,6,1940.28,2616.15
546,7,392.07,548.64
547,1,0,0.0
547,2,4.57,13.06
547,3,78.05,77.19
547,4,205.73,277.19
547,5,809.03,1026.36
547,6,1861.82,2542.96
547,7,373.32,525.69
548,1,0,0.0
548,2,0,0.0
548,3,2.5,0.71
548,4,23,19.8
548,5,78,96.17
548,6,368.5,480.13
548,7,51,49.5
549,1,0,0.0
549,2,13,67.37
549,3,577.38,2436.58
549,4,1923.38,7620.34
549,5,4276.81,7250.04
549,6,4870.16,6315.43
549,7,811.09,978.49
550,1,0,0.0
550,2,4.58,9.08
550,3,92.95,87.47
550,4,244.21,211.33
550,5,624.53,826.96
550,6,851.37,1045.79
550,7,230.47,367.95
551,1,0,0.0
551,2,4.79,9.01
551,3,94.42,86.72
551,4,261.37,210.92
551,5,672.37,820.4
551,6,901.74,1035.98
551,7,235.74,366.15
552,1,0,0.0
552,2,65.68,283.29
552,3,1483.91,5696.53
552,4,2725.53,7878.19
552,5,5298.35,11141.12
552,6,8359,9590.26
552,7,2110.79,2300.65
553,1,0,0.0
553,2,0,0.0
553,3,225.68,448.73
553,4,589.55,906.16
553,5,2315.45,3999.2
553,6,4122.64,4934.18
553,7,664.68,750.39
554,1,0,0.0
554,2,0,0.0
554,3,226.23,448.55
554,4,582.59,909.61
554,5,2292.91,4007.27
554,6,3992.27,4954.39
554,7,643.09,753.89
555,1,0,0.0
555,2,1.38,3.77
555,3,59.14,84.69
555,4,170.72,212.55
555,5,838.48,1694.66
555,6,2376.28,2553.95
555,7,547.55,724.56
556,1,0,0.0
556,2,3.97,6.89
556,3,89.14,51.64
556,4,161.3,90.45
556,5,1084.11,1271.7
556,6,2229.76,1931.39
556,7,246.11,213.62
557,1,0,0.0
557,2,0,0.0
557,3,229.45,447.15
557,4,589.41,906.24
557,5,2339.91,3986.96
557,6,4157.09,4914.93
557,7,666.36,749.49
558,1,0,0.0
558,2,4.55,13.06
558,3,78.86,76.97
558,4,207.49,276.68
558,5,831.66,1036.22
558,6,1946.57,2614.2
558,7,393.58,548.33
559,1,0,0.0
559,2,2.14,4.33
559,3,84.03,84.78
559,4,404.69,786.82
559,5,3692.69,9192.13
559,6,7359.21,13159.33
559,7,1579.86,2788.14
560,1,0,0.0
560,2,71.03,284.01
560,3,1649.62,5764.67
560,4,3056.76,8129.16
560,5,6904.82,15329.53
560,6,10480.47,16387.05
560,7,2572.38,3755.77
561,1,0,0.0
561,2,0.12,0.59
561,3,16.92,18.34
561,4,86.65,95.0
561,5,238.54,505.11
561,6,798.96,1626.01
561,7,420.04,821.85
562,1,0,0.0
562,2,0.12,0.59
562,3,17.08,18.29
562,4,78.92,83.69
562,5,141.42,136.72
562,6,533.19,534.51
562,7,286.58,313.68
563,1,0,0.0
563,2,9.96,45.11
563,3,106.92,312.83
563,4,107.1,249.18
563,5,352.71,639.64
563,6,624.06,1043.1
563,7,153.75,250.26
564,1,0,0.0
564,2,10.49,45.15
564,3,106.98,312.82
564,4,106.27,249.32
564,5,353.06,639.57
564,6,619.98,1043.84
564,7,154,250.17
565,1,0,0.0
565,2,33.78,149.18
565,3,385.31,1614.02
565,4,488.16,1614.54
565,5,851.19,1683.79
565,6,998.25,1575.55
565,7,183.16,286.07
566,1,0,0.0
566,2,0.12,0.59
566,3,16.08,17.98
566,4,81.65,90.01
566,5,225.46,504.14
566,6,802.73,1627.52
566,7,407.92,815.07
567,1,0,0.0
567,2,4.79,9.01
567,3,95.05,86.24
567,4,261.47,210.83
567,5,647.63,831.09
567,6,900.42,1036.9
567,7,234.47,366.73
568,1,0,0.0
568,2,12.41,30.82
568,3,188.91,264.25
568,4,280.19,376.73
568,5,737.84,949.0
568,6,1220.84,1419.03
568,7,236.25,331.15
569,1,0,0.0
569,2,2.14,4.33
569,3,91.48,86.69
569,4,408.48,785.87
569,5,3723.69,9183.84
569,6,7450.72,13131.63
569,7,1600.45,2781.28
570,1,0,0.0
570,2,12.91,67.38
570,3,576.09,2436.87
570,4,1904.41,7624.1
570,5,4263.59,7253.93
570,6,4946.44,6287.63
570,7,820.28,974.06
571,1,0,0.0
571,2,4.79,9.01
571,3,91.68,87.69
571,4,258.95,212.76
571,5,660.47,827.51
571,6,906.32,1032.52
571,7,237.11,365.41
572,1,0,0.0
572,2,1.22,5.42
572,3,21.74,27.39
572,4,76.48,83.44
572,5,371.83,442.0
572,6,1265.39,1398.13
572,7,333.57,584.28
573,1,0,0.0
573,2,4.51,13.07
573,3,77.16,76.68
573,4,205.85,277.18
573,5,828.59,1037.09
573,6,1927.59,2616.61
573,7,390.85,548.66
574,1,0,0.0
574,2,0.09,0.42
574,3,20.7,26.76
574,4,76.65,83.48
574,5,301.04,290.56
574,6,1072.22,1014.67
574,7,238.78,298.55
575,1,0,0.0
575,2,10.47,45.15
575,3,106.78,312.87
575,4,105.51,249.33
575,5,352.06,639.76
575,6,619.16,1043.89
575,7,151.57,250.47
576,1,0,0.0
576,2,71.44,283.91
576,3,1672.59,5760.5
576,4,3139.56,8114.88
576,5,7233.62,15321.25
576,6,10812.18,16333.96
576,7,2663.47,3745.6
577,1,0,0.0
577,2,1.38,3.77
577,3,62.24,84.09
577,4,175.07,211.04
577,5,831.69,1695.65
577,6,2329.97,2533.87
577,7,562.07,725.4
578,1,0,0.0
578,2,4.74,9.04
578,3,95.74,85.6
578,4,264.21,207.99
578,5,671.63,820.95
578,6,899.47,1037.54
578,7,236.79,365.59
579,1,0,0.0
579,2,10.45,45.16
579,3,106.53,312.94
579,4,107.47,249.06
579,5,351.76,639.8
579,6,622.8,1043.42
579,7,152.57,250.5
580,1,0,0.0
580,2,2.05,5.43
580,3,81.33,162.4
580,4,580.19,1162.79
580,5,904.95,1216.39
580,6,1332.81,979.82
580,7,436.86,298.26
581,1,0,0.0
581,2,0,0.0
581,3,1.5,2.27
581,4,2.3,3.3
581,5,68.4,193.63
581,6,144.2,285.02
581,7,45.6,104.14
582,1,0,0.0
582,2,2.05,5.43
582,3,81.14,162.47
582,4,567.38,1164.71
582,5,928.38,1221.44
582,6,1348.1,984.92
582,7,437.81,297.99
583,1,0,0.0
583,2,3.19,5.32
583,3,87.05,50.2
583,4,163.35,90.72
583,5,1061.11,1267.22
583,6,2244.59,1934.06
583,7,252.59,215.14
584,1,0,0.0
584,2,0.5,1.17
584,3,70.33,77.46
584,4,159.5,133.15
584,5,357.67,432.41
584,6,1041.83,1119.0
584,7,336.83,324.7
585,1,0,0.0
585,2,7.43,11.52
585,3,81.81,71.54
585,4,155.57,190.74
585,5,495.52,588.92
585,6,1773.29,1772.24
585,7,353.71,303.33
586,1,0,0.0
586,2,6.43,11.0
586,3,83.71,70.47
586,4,150.05,192.46
586,5,475,593.47
586,6,1666.29,1769.85
586,7,323.52,294.27
587,1,0,0.0
587,2,24.5,36.59
587,3,123.67,101.95
587,4,732.58,417.27
587,5,9927.33,4654.1
587,6,22539.5,7550.01
587,7,3938.42,1231.56
588,1,0,0.0
588,2,34.19,149.1
588,3,383.88,1614.3
588,4,490.84,1613.89
588,5,891.12,1684.4
588,6,1083.19,1608.56
588,7,203.47,299.79
589,1,0,0.0
589,2,10.49,45.15
589,3,103.9,312.99
589,4,104.14,249.03
589,5,351.2,639.86
589,6,621.39,1043.68
589,7,153.24,250.4
590,1,0,0.0
590,2,4.49,13.07
590,3,78.28,77.19
590,4,206.41,277.09
590,5,828.82,1037.05
590,6,1920.42,2614.79
590,7,386.27,546.88
591,1,0,0.0
591,2,4,6.88
591,3,89.65,51.49
591,4,164.05,90.4
591,5,1094.38,1268.45
591,6,2236.05,1933.07
591,7,248.81,215.19
592,1,0,0.0
592,2,1.22,5.42
592,3,22.7,27.09
592,4,80.26,82.2
592,5,376.39,440.32
592,6,1289.35,1392.48
592,7,351.13,581.91
593,1,0,0.0
593,2,0,0.0
593,3,0,0.0
593,4,19.29,16.58
593,5,34.29,69.2
593,6,85.57,134.26
593,7,6.86,13.53
594,1,0,0.0
594,2,12.97,67.37
594,3,573.06,2437.46
594,4,1909.72,7623.21
594,5,4250.28,7257.01
594,6,4759.28,6299.77
594,7,781.28,972.57
595,1,0,0.0
595,2,4,6.88
595,3,89.49,51.56
595,4,159.16,88.21
595,5,1084.89,1271.57
595,6,2249.41,1933.96
595,7,251.7,215.38
596,1,0,0.0
596,2,4.79,9.01
596,3,94.42,86.72
596,4,260.42,211.71
596,5,662.21,826.7
596,6,897.47,1038.82
596,7,234.47,366.73
597,1,0,0.0
597,2,1.38,3.77
597,3,61.93,84.31
597,4,174.86,211.18
597,5,843.76,1693.3
597,6,2387.38,2554.87
597,7,561.83,725.46
598,1,0,0.0
598,2,4.5,13.07
598,3,78.12,77.19
598,4,205.08,277.16
598,5,828.78,1037.06
598,6,1950.8,2612.23
598,7,395.22,547.63
599,1,0,0.0
599,2,71.38,283.92
599,3,1677.68,5759.13
599,4,3141.53,8114.17
599,5,7208.21,15330.96
599,6,10563.32,16396.49
599,7,2554.62,3748.46
600,1,0,0.0
600,2,7.38,11.54
600,3,80.62,71.6
600,4,138.62,184.2
600,5,475.48,593.55
600,6,1747.57,1785.24
600,7,352,304.68
601,1,0,0.0
601,2,4.54,13.06
601,3,78.45,77.16
601,4,206.28,277.12
601,5,827.72,1037.21
601,6,1945.26,2614.7
601,7,395.11,547.69
602,1,0,0.0
602,2,1.22,5.42
602,3,22.65,27.12
602,4,77.43,83.54
602,5,376.91,440.06
602,6,1279.09,1396.17
602,7,342,584.79
603,1,0,0.0
603,2,3.92,6.91
603,3,89.51,51.55
603,4,163.35,90.72
603,5,1070.32,1270.97
603,6,2233.7,1932.54
603,7,250.27,215.47
604,1,0,0.0
604,2,71.35,283.93
604,3,1665.68,5762.1
604,4,3133.03,8117.12
604,5,7183.88,15338.82
604,6,10587.91,16396.39
604,7,2572.15,3755.69
605,1,0,0.0
605,2,10.49,45.15
605,3,106.76,312.88
605,4,107.67,248.99
605,5,354.14,639.27
605,6,623.78,1043.18
605,7,153.43,250.35
606,1,0,0.0
606,2,12.41,30.82
606,3,192.91,262.45
606,4,280.78,376.43
606,5,747.09,943.93
606,6,1227.44,1415.12
606,7,237.28,330.69
607,1,0,0.0
607,2,10.49,45.15
607,3,106.96,312.82
607,4,107.84,248.92
607,5,352.24,639.73
607,6,622.86,1043.4
607,7,152.51,250.5
608,1,0,0.0
608,2,10.49,45.15
608,3,107.14,312.76
608,4,107.69,248.98
608,5,356.57,638.24
608,6,626.57,1042.22
608,7,154.43,249.99
609,1,0,0.0
609,2,0,0.0
609,3,0,0.0
609,4,21.43,15.02
609,5,34.86,68.92
609,6,84.57,134.96
609,7,7.29,13.33
610,1,0,0.0
610,2,10.43,45.16
610,3,107.04,312.8
610,4,107.69,248.98
610,5,356.04,638.5
610,6,621,1043.74
610,7,152.24,250.51
611,1,0,0.0
611,2,7.38,11.54
611,3,80.95,71.63
611,4,155.71,190.65
611,5,494.24,589.69
611,6,1784,1764.24
611,7,355.33,301.84
612,1,0,0.0
612,2,4.57,13.06
612,3,78.95,76.91
612,4,206.91,276.94
612,5,825.85,1037.28
612,6,1929.55,2616.84
612,7,388.93,548.27
613,1,0,0.0
613,2,10.49,45.15
613,3,107.12,312.77
613,4,106.88,249.23
613,5,352.61,639.66
613,6,627.2,1041.95
613,7,154.63,249.89
614,1,0,0.0
614,2,4.57,13.06
614,3,78.99,76.88
614,4,206.92,276.94
614,5,833.51,1035.36
614,6,1950.69,2612.29
614,7,393.82,548.25
615,1,0,0.0
615,2,3.97,6.89
615,3,88.84,51.64
615,4,165.49,89.07
615,5,1097.19,1266.99
615,6,2275.11,1925.53
615,7,254.68,214.0
616,1,0,0.0
616,2,4,6.88
616,3,91.16,49.85
616,4,164.81,89.81
616,5,1102.49,1263.58
616,6,2294.43,1910.3
616,7,254.76,213.94
617,1,0,0.0
617,2,10.49,45.15
617,3,106.98,312.82
617,4,106.71,249.27
617,5,353.76,639.38
617,6,625.49,1042.64
617,7,154.1,250.13
618,1,0,0.0
618,2,0,0.0
618,3,0.12,0.45
618,4,7.79,18.21
618,5,58.25,158.47
618,6,104.54,128.89
618,7,33.25,60.79
619,1,0,0.0
619,2,0,0.0
619,3,25.64,36.02
619,4,53.73,59.01
619,5,135.09,159.89
619,6,307.18,222.16
619,7,77.36,63.73
620,1,0,0.0
620,2,2.14,4.33
620,3,90,87.89
620,4,409.59,785.48
620,5,3700.79,9190.28
620,6,7300.79,13166.65
620,7,1561.62,2790.26
621,1,0,0.0
621,2,10.49,45.15
621,3,107.02,312.8
621,4,107.41,249.08
621,5,352.2,639.74
621,6,617.69,1043.89
621,7,150.37,250.15
622,1,0,0.0
622,2,4.32,9.01
622,3,91.37,87.68
622,4,234.26,197.66
622,5,642.11,831.34
622,6,898.16,1038.39
622,7,237.26,365.32
623,1,0,0.0
623,2,4.57,13.06
623,3,78.92,76.93
623,4,207.93,276.42
623,5,836.04,1033.77
623,6,1952.05,2611.54
623,7,395.41,547.53
624,1,0,0.0
624,2,0,0.0
624,3,0.12,0.45
624,4,7.79,18.21
624,5,58.21,158.49
624,6,103.42,129.6
624,7,33.42,60.7
625,1,0,0.0
625,2,4.57,13.06
625,3,77.7,77.08
625,4,206.42,277.09
625,5,829.85,1036.82
625,6,1939.54,2616.31
625,7,394.61,547.94
626,1,0,0.0
626,2,10.49,45.15
626,3,106.9,312.84
626,4,107.8,248.94
626,5,355.8,638.62
626,6,626.1,1042.41
626,7,154.78,249.81
627,1,0,0.0
627,2,12.38,30.83
627,3,187,264.38
627,4,272.53,377.77
627,5,734.12,950.17
627,6,1189.19,1423.23
627,7,233.72,331.81
628,1,0,0
628,2,0,0
628,3,0,0
628,4,0,0
628,5,0,0
628,6,0,0
628,7,0,0
629,1,0,0.0
629,2,1.22,5.42
629,3,22.3,27.32
629,4,65.91,61.08
629,5,376.43,440.3
629,6,1295.61,1389.29
629,7,352.17,581.34
630,1,0,0.0
630,2,71.41,283.92
630,3,1679.21,5758.69
630,4,3143.82,8113.32
630,5,7261.74,15308.72
630,6,10857.74,16307.66
630,7,2672.09,3740.5
631,1,0,0.0
631,2,10.49,45.15
631,3,106.96,312.82
631,4,107.82,248.93
631,5,355.69,638.67
631,6,625.2,1042.74
631,7,154.27,250.06
632,1,0,0.0
632,2,0.14,0.38
632,3,37.57,61.47
632,4,80.71,48.37
632,5,434.57,308.67
632,6,867.71,835.87
632,7,380.43,414.24
633,1,0,0.0
633,2,0,0.0
633,3,26.27,35.62
633,4,53.45,59.12
633,5,119.91,151.19
633,6,272.27,208.74
633,7,69.55,60.89
634,1,0,0.0
634,2,12.41,30.82
634,3,188.31,264.34
634,4,273.06,377.87
634,5,737.84,949.0
634,6,1223.44,1417.62
634,7,237.78,330.42
635,1,0,0.0
635,2,2.05,5.43
635,3,81.9,162.16
635,4,588.76,1159.68
635,5,959.71,1211.92
635,6,1371.52,982.07
635,7,438.05,297.91
636,1,0,0.0
636,2,3.84,6.9
636,3,90.11,51.18
636,4,164.65,89.96
636,5,1099.03,1265.91
636,6,2247.95,1934.04
636,7,251.7,215.38
637,1,0,0.0
637,2,4.57,13.06
637,3,78.96,76.9
637,4,208.04,276.35
637,5,831.35,1036.34
637,6,1937.81,2616.61
637,7,392.31,548.61
638,1,0,0.0
638,2,13,67.37
638,3,577.5,2436.55
638,4,1921.5,7620.78
638,5,4272.72,7251.33
638,6,4939.41,6291.52
638,7,821.56,973.21
639,1,0,0.0
639,2,4,6.88
639,3,90.05,51.23
639,4,157.86,85.81
639,5,1078.95,1272.11
639,6,2266.32,1929.92
639,7,254,214.46
640,1,0,0.0
640,2,0,0.0
640,3,24.55,36.35
640,4,49.36,58.73
640,5,96.91,84.67
640,6,250.45,153.7
640,7,64.91,52.31
641,1,0,0.0
641,2,69.91,284.16
641,3,1656.65,5763.75
641,4,3097.71,8125.91
641,5,7075.59,15356.94
641,6,10577.74,16396.59
641,7,2606.15,3761.29
642,1,0,0.0
642,2,4.57,13.06
642,3,79.12,76.76
642,4,207.89,276.45
642,5,830.59,1036.6
642,6,1944.61,2614.93
642,7,393.92,548.21
643,1,0,0.0
643,2,1.81,5.4
643,3,74.14,161.43
643,4,545.14,1160.31
643,5,891.76,1208.93
643,6,1347.62,984.84
643,7,427.14,297.03
644,1,0,0.0
644,2,0,0.0
644,3,221.68,449.57
644,4,552.14,909.59
644,5,2160.91,3993.09
644,6,3928.45,4934.08
644,7,638.73,752.79
645,1,0,0.0
645,2,0,0.0
645,3,1.5,2.27
645,4,2.4,3.24
645,5,76.7,192.39
645,6,153,281.92
645,7,54,104.16
646,1,0,0.0
646,2,0.14,0.38
646,3,43.57,60.14
646,4,135.86,171.61
646,5,485,293.97
646,6,889.57,824.16
646,7,378.57,415.06
647,1,0,0.0
647,2,0,0.0
647,3,1.2,2.25
647,4,2,3.27
647,5,77.1,192.22
647,6,153.8,281.48
647,7,54.8,103.73
648,1,0,0.0
648,2,0,0.0
648,3,1.5,2.27
648,4,2.4,3.24
648,5,77.2,192.17
648,6,154.4,281.12
648,7,54.7,103.79
649,1,0,0.0
649,2,7.38,11.54
649,3,81.95,71.5
649,4,154.48,191.38
649,5,497.29,587.76
649,6,1770.33,1774.18
649,7,347.57,307.12
650,1,0,0.0
650,2,25.33,36.14
650,3,135.08,96.57
650,4,760,376.43
650,5,9944.08,4641.01
650,6,23027.5,7382.63
650,7,4122.67,1257.87
651,1,0,0.0
651,2,4.58,9.08
651,3,86.37,84.33
651,4,231.21,191.09
651,5,474.42,300.8
651,6,676.42,576.59
651,7,201.63,349.1
652,1,0,0.0
652,2,1.38,3.77
652,3,62.07,84.22
652,4,175.34,210.85
652,5,853.72,1689.34
652,6,2450.07,2531.83
652,7,566.28,723.96
653,1,0,0.0
653,2,0.12,0.59
653,3,17.42,18.04
653,4,90.62,93.6
653,5,239.54,504.79
653,6,838.23,1629.72
653,7,444.77,820.07
654,1,0,0.0
654,2,4.57,13.06
654,3,78.09,77.19
654,4,206.84,276.97
654,5,830.54,1036.62
654,6,1940.69,2616.06
654,7,394.01,548.18
655,1,0,0.0
655,2,1.24,3.75
655,3,60.72,84.82
655,4,171.62,212.46
655,5,814.93,1694.49
655,6,2365.97,2551.76
655,7,561.76,725.48
656,1,0,0.0
656,2,4,6.88
656,3,89.43,51.58
656,4,162.24,90.8
656,5,1089.86,1270.28
656,6,2265.38,1930.3
656,7,250.11,215.46
657,1,0,0.0
657,2,0,0.0
657,3,17.23,18.2
657,4,90.19,93.97
657,5,240.85,504.29
657,6,846.19,1627.23
657,7,440.62,821.83
658,1,0,0.0
658,2,31.44,148.89
658,3,355.56,1610.98
658,4,392.78,1536.91
658,5,641.66,1021.66
658,6,854.5,1088.43
658,7,162.41,211.19
659,1,0,0.0
659,2,34.19,149.1
659,3,385.84,1613.9
659,4,489.81,1614.16
659,5,879.34,1687.57
659,6,1079.41,1610.35
659,7,202.75,300.12
660,1,0,0.0
660,2,0.12,0.59
660,3,17.08,18.29
660,4,89.12,94.68
660,5,235.62,505.72
660,6,837.62,1629.87
660,7,439.54,822.19
661,1,0,0.0
661,2,34.19,149.1
661,3,386.84,1613.67
661,4,493,1613.27
661,5,894.66,1682.9
661,6,1087.19,1606.33
661,7,203.44,299.81
662,1,0,0.0
662,2,6.86,11.47
662,3,78.1,70.21
662,4,155.62,190.71
662,5,494.57,589.5
662,6,1784.29,1764.01
662,7,351.52,305.01
663,1,0,0.0
663,2,0,0.0
663,3,0.12,0.45
663,4,7.71,18.25
663,5,56.75,158.84
663,6,100.04,130.2
663,7,31.62,61.04
664,1,0,0.0
664,2,0.5,1.17
664,3,64.42,79.59
664,4,136.25,122.92
664,5,350.08,438.08
664,6,1001,1143.98
664,7,323.5,331.71
665,1,0,0
665,2,0,0
665,3,0,0
665,4,0,0
665,5,0,0
665,6,0,0
665,7,0,0
666,1,0,0.0
666,2,65.41,283.16
666,3,1425.94,5631.13
666,4,2324.44,6827.11
666,5,5627.53,12728.09
666,6,9728.88,15592.02
666,7,2437.35,3621.86
667,1,0,0.0
667,2,13,67.37
667,3,577.06,2436.66
667,4,1916.78,7621.83
667,5,4267.22,7252.94
667,6,4871.47,6315.22
667,7,805.22,979.77
668,1,0,0.0
668,2,13,67.37
668,3,576.12,2436.87
668,4,1909.47,7623.25
668,5,4203.91,7261.25
668,6,4753.16,6296.96
668,7,814.53,977.18
669,1,0,0.0
669,2,12.94,67.38
669,3,550.31,2437.8
669,4,1837.91,7624.57
669,5,4026.41,7183.85
669,6,4650.56,6219.33
669,7,786.19,975.68
670,1,0,0.0
670,2,2.08,2.4
670,3,56,40.76
670,4,232.54,101.85
670,5,1145.38,317.78
670,6,3132.08,1670.18
670,7,579.62,267.28
671,1,0,0.0
671,2,13,67.37
671,3,577.62,2436.52
671,4,1915.25,7622.15
671,5,4300.41,7241.05
671,6,4933,6294.82
671,7,810.66,978.63
672,1,0,0.0
672,2,13,67.37
672,3,571.94,2437.65
672,4,1905.59,7623.91
672,5,4146.47,7252.51
672,6,4857.72,6316.98
672,7,818.47,975.17
673,1,0,0.0
673,2,2.23,2.31
673,3,55.46,40.87
673,4,218,98.83
673,5,1393.62,923.51
673,6,3751,2757.59
673,7,665.69,440.39
674,1,0,0.0
674,2,10.49,45.15
674,3,107.04,312.8
674,4,107.27,249.13
674,5,351.94,639.78
674,6,628.24,1041.46
674,7,154.33,250.03
675,1,0,0.0
675,2,0,0.0
675,3,0.12,0.45
675,4,7.67,18.26
675,5,56.38,158.87
675,6,101.62,130.21
675,7,30.21,60.33
676,1,0,0.0
676,2,13,67.37
676,3,576.94,2436.68
676,4,1909.5,7623.25
676,5,4230.84,7260.01
676,6,4888.03,6311.75
676,7,810.28,978.74
677,1,0,0.0
677,2,13,67.37
677,3,569.03,2438.05
677,4,1914.28,7622.34
677,5,4201.09,7261.18
677,6,4857,6317.04
677,7,806.41,979.61
678,1,0,0.0
678,2,13,67.37
678,3,578.09,2436.41
678,4,1925.94,7619.71
678,5,4317.44,7232.93
678,6,4934.47,6294.08
678,7,808.62,979.18
679,1,0,0.0
679,2,13,67.37
679,3,565.5,2438.38
679,4,1884,7626.34
679,5,4206.97,7261.28
679,6,4854.5,6317.24
679,7,796.53,979.47
680,1,0,0.0
680,2,11.81,30.87
680,3,192.34,262.83
680,4,282.28,375.52
680,5,747.69,943.5
680,6,1225.16,1416.59
680,7,236.19,331.17
681,1,0,0.0
681,2,0,0.0
681,3,4.1,8.9
681,4,34.2,51.8
681,5,121.3,178.8
681,6,223.6,410.77
681,7,17.7,32.42
682,1,0,0.0
682,2,2.07,4.35
682,3,90.62,87.48
682,4,411.86,784.54
682,5,3702.03,9189.97
682,6,7387.72,13152.83
682,7,1564.72,2790.16
683,1,0,0.0
683,2,12.31,30.86
683,3,176.28,256.27
683,4,278.72,377.34
683,5,731.19,950.74
683,6,1202.16,1424.41
683,7,235.81,331.31
684,1,0,0.0
684,2,0.25,0.87
684,3,64.58,79.62
684,4,149.75,136.0
684,5,275.75,392.36
684,6,844.58,1042.9
684,7,292.58,318.28
685,1,0,0.0
685,2,4.79,9.01
685,3,94.05,86.96
685,4,254.58,214.57
685,5,667.42,823.81
685,6,892.74,1041.52
685,7,231.53,367.72
686,1,0,0.0
686,2,2.14,4.33
686,3,85.17,86.37
686,4,378.9,778.17
686,5,3645.66,9198.5
686,6,7278.1,13167.32
686,7,1582.38,2787.56
687,1,0,0.0
687,2,9.86,45.07
687,3,96.75,307.12
687,4,104.22,249.06
687,5,350.94,639.88
687,6,618.78,1043.9
687,7,152.25,250.51
688,1,0,0.0
688,2,10.49,45.15
688,3,107.04,312.8
688,4,107.86,248.91
688,5,356.43,638.31
688,6,628.94,1041.1
688,7,154.82,249.79
689,1,0,0.0
689,2,0,0.0
689,3,24.45,36.36
689,4,50.18,59.11
689,5,137.45,159.5
689,6,297.45,225.78
689,7,73.45,63.92
690,1,0,0.0
690,2,4.57,13.06
690,3,78.78,77.02
690,4,206.51,277.07
690,5,829.27,1036.96
690,6,1940.76,2616.05
690,7,393.59,548.32
691,1,0,0.0
691,2,0.14,0.38
691,3,44.14,59.71
691,4,144.29,169.1
691,5,506.14,261.88
691,6,877.14,831.5
691,7,385,411.9
692,1,0,0.0
692,2,0,0.0
692,3,0.12,0.45
692,4,7.79,18.21
692,5,58.33,158.44
692,6,105,128.52
692,7,33.42,60.7
693,1,0,0.0
693,2,0,0.0
693,3,0.12,0.45
693,4,7.75,18.23
693,5,57.38,158.73
693,6,103.38,129.62
693,7,33.04,60.89
694,1,0,0.0
694,2,0,0.0
694,3,0.12,0.45
694,4,7.79,18.21
694,5,58.17,158.5
694,6,99.42,130.06
694,7,32.71,61.0
695,1,0,0.0
695,2,0.12,0.59
695,3,16.65,18.35
695,4,89.62,94.39
695,5,235.62,505.72
695,6,837.85,1629.81
695,7,443.65,820.6
696,1,0,0.0
696,2,0,0.0
696,3,222.77,449.43
696,4,586.55,907.81
696,5,2307.82,4002.28
696,6,4157.5,4914.67
696,7,670.32,747.01
697,1,0,0.0
697,2,2.14,4.33
697,3,89,88.25
697,4,408.21,785.95
697,5,3690.14,9192.67
697,6,7430.38,13139.51
697,7,1586.28,2786.51
698,1,0,0.0
698,2,0.5,1.17
698,3,69.08,78.45
698,4,160.75,132.04
698,5,348.08,439.25
698,6,997.17,1145.24
698,7,329.42,329.57
699,1,0,0.0
699,2,32.47,149.17
699,3,363.44,1613.61
699,4,454.81,1609.86
699,5,824.62,1665.41
699,6,981.19,1549.83
699,7,186.19,291.24
700,1,0,0.0
700,2,3.97,6.89
700,3,89.7,51.46
700,4,163.73,90.58
700,5,1078.03,1272.1
700,6,2247.81,1934.05
700,7,254.62,214.04
701,1,0,0.0
701,2,34.19,149.1
701,3,385.94,1613.88
701,4,489.59,1614.21
701,5,883.72,1686.72
701,6,1081.34,1609.47
701,7,204,299.51
702,1,0,0.0
702,2,4.24,12.86
702,3,77.51,76.97
702,4,204.15,276.92
702,5,806.53,1022.93
702,6,1885.5,2584.41
702,7,383.15,544.0
703,1,0,0.0
703,2,13,67.37
703,3,577.53,2436.55
703,4,1888.47,7626.01
703,5,4196.38,7260.99
703,6,4838.72,6317.73
703,7,804.06,979.89
704,1,0,0.0
704,2,10.49,45.15
704,3,106.9,312.84
704,4,107.57,249.03
704,5,352.1,639.75
704,6,618.71,1043.9
704,7,152.78,250.48
705,1,0,0.0
705,2,2,4.33
705,3,88.79,88.29
705,4,404.48,786.85
705,5,3668.34,9196.36
705,6,7397.41,13150.18
705,7,1596.59,2782.93
706,1,0,0.0
706,2,12.91,67.38
706,3,568.38,2438.12
706,4,1910.88,7623.0
706,5,4250.06,7257.05
706,6,4877.62,6314.1
706,7,800.84,979.95
707,1,0,0.0
707,2,13,67.37
707,3,575.31,2437.04
707,4,1916.44,7621.9
707,5,4108.72,7238.31
707,6,4840.69,6317.74
707,7,812.28,978.09
708,1,0,0.0
708,2,25.42,36.08
708,3,130.08,101.23
708,4,726.58,422.33
708,5,9634.42,4743.55
708,6,22325.75,7481.33
708,7,4086.67,1282.62
709,1,0,0.0
709,2,25.5,36.02
709,3,134.58,97.21
709,4,752.08,391.47
709,5,10149.25,4404.94
709,6,23136.92,7281.2
709,7,4136.75,1244.04
710,1,0,0.0
710,2,71.44,283.91
710,3,1679.76,5758.52
710,4,3149.09,8111.28
710,5,7260.91,15309.12
710,6,10864.29,16303.5
710,7,2667.09,3743.54
711,1,0,0.0
711,2,71.41,283.92
711,3,1679.94,5758.47
711,4,3146.53,8112.29
711,5,7251.74,15313.39
711,6,10851.88,16311.3
711,7,2672.09,3740.5
712,1,0,0.0
712,2,2.23,2.31
712,3,57.23,40.08
712,4,239.15,92.34
712,5,1433.92,893.63
712,6,3915.38,2632.53
712,7,708.15,414.24
713,1,0,0.0
713,2,3.86,6.9
713,3,90.32,50.98
713,4,162.86,90.82
713,5,1075.84,1271.96
713,6,2248.14,1934.03
713,7,250.81,215.48
714,1,0,0.0
714,2,0,0.0
714,3,1.2,2.25
714,4,2.1,3.31
714,5,74.8,193.06
714,6,121.7,277.68
714,7,48.4,105.07
715,1,0,0.0
715,2,25.08,36.31
715,3,133,98.97
715,4,688.67,426.14
715,5,9543.42,4718.79
715,6,22420.17,7522.37
715,7,3988.67,1276.75
716,1,0,0.0
716,2,0,0.0
716,3,1.5,2.27
716,4,1.9,3.18
716,5,75.8,192.73
716,6,153.7,281.53
716,7,54.1,104.11
717,1,0,0.0
717,2,0,0.0
717,3,0.12,0.45
717,4,7,18.12
717,5,57.38,158.73
717,6,91.5,121.22
717,7,31.92,61.08
718,1,0,0.0
718,2,0,0.0
718,3,1.4,2.32
718,4,2.4,3.24
718,5,76.9,192.3
718,6,149.1,283.71
718,7,54.7,103.79
719,1,0,0.0
719,2,0,0.0
719,3,0.12,0.45
719,4,7.71,18.25
719,5,57.08,158.79
719,6,100.54,130.26
719,7,28.83,58.79
720,1,0,0.0
720,2,1.22,5.42
720,3,22.17,27.36
720,4,78.78,83.2
720,5,371.87,441.99
720,6,1269.04,1397.94
720,7,339.83,584.95
721,1,0,0.0
721,2,0.14,0.38
721,3,42,61.02
721,4,134,171.64
721,5,372.57,202.75
721,6,556.86,99.09
721,7,223.71,46.22
722,1,0,0.0
722,2,0,0.0
722,3,4.3,8.82
722,4,36,51.17
722,5,122.6,177.93
722,6,224.1,410.5
722,7,17.8,32.37
723,1,0,0.0
723,2,24.25,36.67
723,3,133,98.97
723,4,694.67,428.72
723,5,9908.33,4667.86
723,6,22966.25,7428.84
723,7,4008.5,1286.51
724,1,0,0.0
724,2,2.14,4.33
724,3,81.72,79.91
724,4,391.38,785.66
724,5,3705.76,9189.03
724,6,7422.79,13142.19
724,7,1593.69,2784.06
725,1,0,0.0
725,2,2.05,5.43
725,3,82.14,162.05
725,4,588.81,1159.66
725,5,964.43,1208.86
725,6,1354.1,985.42
725,7,433.67,298.66
726,1,0,0.0
726,2,70.53,284.09
726,3,1678.62,5758.86
726,4,3144.74,8112.98
726,5,7246.76,15315.62
726,6,10817.94,16330.89
726,7,2659.68,3747.62
727,1,0,0.0
727,2,0,0.0
727,3,4.3,8.82
727,4,36.5,50.86
727,5,122.5,178.0
727,6,215.5,414.22
727,7,17.8,32.37
