districtid,monthid,neighborhoodzscore,statezscore
101,1,0.0,0.0
101,2,-0.55,-0.21
101,3,-0.69,-0.34
101,4,-2.15,-0.42
101,5,-3.22,-0.45
101,6,-1.73,-0.5
101,7,-0.95,-0.48
102,1,0.0,0.0
102,2,10.03,12.55
102,3,7.06,5.14
102,4,-0.12,0.49
102,5,0.25,-0.25
102,6,0.66,-0.32
102,7,2.21,0.01
103,1,0.0,0.0
103,2,80.8,45.3
103,3,131.76,42.77
103,4,76.76,14.53
103,5,14.99,3.36
103,6,10.12,2.81
103,7,8.92,2.35
104,1,0.0,0.0
104,2,-0.95,-0.23
104,3,-0.73,-0.28
104,4,-0.68,-0.35
104,5,-0.62,-0.18
104,6,-0.34,0.32
104,7,-0.27,0.28
105,1,-0.59,0.0
105,2,-0.39,0.0
105,3,-0.4,0.0
105,4,-0.44,1.4
105,5,-0.38,21.18
105,6,-0.39,5.64
105,7,-0.39,13.57
106,1,0.0,0.0
106,2,0.11,0.5
106,3,-0.43,0.02
106,4,-0.45,-0.28
106,5,0.69,0.76
106,6,0.29,0.75
106,7,0.03,0.52
107,1,0.0,0.0
107,2,1.61,-0.22
107,3,4.53,-0.19
107,4,5.99,-0.27
107,5,0.12,-0.4
107,6,-0.83,-0.59
107,7,-0.42,-0.59
108,1,0.0,0.0
108,2,-0.87,-0.97
108,3,1.63,-0.35
108,4,0.57,0.27
108,5,0.5,0.06
108,6,1.15,0.14
108,7,-0.68,-0.38
109,1,0.0,0.0
109,2,1.89,1.37
109,3,0.42,0.54
109,4,-0.14,0.51
109,5,0.14,0.06
109,6,2.42,0.38
109,7,2.24,0.61
110,1,-0.57,0.0
110,2,-0.58,0.0
110,3,-0.62,-0.5
110,4,-0.61,-0.45
110,5,-0.61,-0.55
110,6,-0.59,-0.49
110,7,-0.58,-0.06
111,1,0.0,0.0
111,2,-0.53,-0.23
111,3,-1.43,-0.34
111,4,-1.02,-0.43
111,5,-0.8,-0.3
111,6,-0.45,-0.19
111,7,-0.25,-0.18
112,1,0.0,0.0
112,2,0.0,-0.43
112,3,0.05,-0.05
112,4,0.36,-0.31
112,5,-0.08,-0.51
112,6,-0.33,-0.68
112,7,0.02,-0.46
113,1,0.0,0.0
113,2,-0.37,-0.34
113,3,-0.42,-0.56
113,4,-0.16,0.54
113,5,3.36,3.33
113,6,1.12,1.98
113,7,0.18,0.92
114,1,0.0,0.0
114,2,-0.36,-0.18
114,3,0.99,-0.25
114,4,2.48,-0.27
114,5,1.56,0.25
114,6,0.18,1.03
114,7,-0.0,0.42
115,1,0.0,0.0
115,2,-0.65,-0.35
115,3,-1.04,-0.21
115,4,-2.13,-0.55
115,5,-1.58,-0.68
115,6,-0.85,-0.52
115,7,-0.73,-0.52
116,1,0.0,0.0
116,2,-0.73,-0.35
116,3,1.18,0.9
116,4,0.44,-0.25
116,5,-1.57,-0.63
116,6,-1.39,-0.46
116,7,-0.68,-0.26
117,1,0.0,0.0
117,2,-0.04,-0.22
117,3,0.18,-0.26
117,4,0.24,-0.34
117,5,0.73,-0.38
117,6,-0.0,-0.47
117,7,-0.22,-0.56
118,1,0.0,0.0
118,2,-1.0,-0.23
118,3,-2.23,-0.23
118,4,-0.18,-0.26
118,5,-0.7,-0.31
118,6,-0.38,-0.14
118,7,-0.38,-0.2
119,1,0.0,0.0
119,2,3.51,2.07
119,3,3.56,6.35
119,4,20.61,2.35
119,5,10.54,0.85
119,6,1.39,0.27
119,7,3.94,0.9
120,1,0.0,0.0
120,2,-1.23,-0.27
120,3,-0.96,-0.57
120,4,-1.72,-0.46
120,5,-0.99,-0.36
120,6,-0.31,-0.34
120,7,-0.61,-0.38
121,1,0.0,0.0
121,2,-0.48,-0.06
121,3,-0.56,-0.22
121,4,-0.59,-0.23
121,5,-0.84,-0.38
121,6,-0.93,-0.47
121,7,-0.92,-0.51
122,1,0.0,0.0
122,2,-0.27,-0.46
122,3,0.39,0.31
122,4,1.68,1.86
122,5,1.43,0.81
122,6,1.15,0.56
122,7,0.51,-0.53
123,1,0.0,0.0
123,2,10.36,6.04
123,3,1.77,2.2
123,4,-0.08,0.37
123,5,-0.14,-0.01
123,6,0.09,0.17
123,7,0.02,-0.17
124,1,0.0,0.0
124,2,-0.51,-0.37
124,3,-0.38,-0.43
124,4,-0.45,-0.62
124,5,-0.46,-0.35
124,6,-0.77,-0.76
124,7,-0.31,-0.38
125,1,0.0,0.0
125,2,0.0,0.0
125,3,-0.71,-0.27
125,4,-0.76,-0.43
125,5,-0.86,-0.34
125,6,-1.54,-0.46
125,7,-1.04,-0.46
126,1,0.0,0.0
126,2,-0.41,-0.23
126,3,-0.52,-0.29
126,4,-0.52,-0.38
126,5,-0.4,-0.49
126,6,-0.1,-0.28
126,7,-0.46,-0.33
127,1,0.0,0.0
127,2,0.86,-0.43
127,3,-4.35,-0.99
127,4,-1.36,-0.88
127,5,-0.92,-0.47
127,6,0.82,0.06
127,7,3.5,1.73
128,1,0.0,0.0
128,2,-0.38,-0.22
128,3,-0.77,-0.18
128,4,-0.24,-0.24
128,5,-1.2,-0.47
128,6,-1.24,-0.6
128,7,-0.99,-0.55
129,1,0.0,0.0
129,2,0.26,-0.18
129,3,1.05,-0.09
129,4,-1.08,-0.24
129,5,-1.21,-0.54
129,6,-0.72,-0.49
129,7,-0.65,-0.54
130,1,0.0,0.0
130,2,-0.92,-0.58
130,3,-1.31,-0.9
130,4,-0.89,-1.16
130,5,-0.7,-0.53
130,6,-0.7,-0.78
130,7,-0.63,-0.78
131,1,0.0,0.0
131,2,0.0,-0.21
131,3,-0.39,-0.31
131,4,-0.24,-0.3
131,5,-1.81,-0.49
131,6,-1.74,-0.48
131,7,-1.08,-0.42
132,1,5.71,0.0
132,2,246.88,0.0
132,3,76.34,0.0
132,4,34.2,0.0
132,5,110.88,0.0
132,6,88.87,0.0
132,7,77.57,0.0
133,1,0.0,0.0
133,2,-0.78,-0.35
133,3,-1.41,-0.78
133,4,-0.92,-0.48
133,5,-0.51,-0.55
133,6,-0.68,-0.44
133,7,0.49,-0.29
134,1,0.0,0.0
134,2,-0.1,0.31
134,3,-0.11,-0.46
134,4,1.29,-0.07
134,5,-0.48,-0.3
134,6,0.04,-0.26
134,7,1.23,-0.01
135,1,0.0,0.0
135,2,2.24,0.04
135,3,2.6,-0.05
135,4,1.69,0.1
135,5,0.9,0.1
135,6,-0.37,-0.09
135,7,-0.56,-0.3
136,1,0.0,0.0
136,2,-0.41,-0.35
136,3,0.04,0.44
136,4,0.78,-0.16
136,5,1.82,0.09
136,6,1.02,0.08
136,7,2.19,0.26
137,1,0.0,0.0
137,2,-0.62,-0.35
137,3,-0.07,0.12
137,4,-0.42,-0.26
137,5,-0.15,-0.09
137,6,-0.02,0.11
137,7,-0.27,-0.23
138,1,0.0,0.0
138,2,0.16,0.7
138,3,-0.43,-0.46
138,4,-0.91,-0.38
138,5,-0.47,-0.24
138,6,-0.41,-0.22
138,7,-0.81,-0.33
139,1,0.0,0.0
139,2,0.0,-0.43
139,3,-0.61,-0.68
139,4,-0.16,-0.69
139,5,-1.02,-0.78
139,6,-1.78,-0.77
139,7,-1.0,-0.98
140,1,-0.38,0.0
140,2,-0.38,-0.35
140,3,-0.4,-0.67
140,4,-0.39,0.07
140,5,-0.43,-0.46
140,6,-0.49,-0.64
140,7,-0.48,-0.6
141,1,0.0,0.0
141,2,-0.44,-0.35
141,3,0.2,-0.03
141,4,-0.57,-0.61
141,5,-0.22,-0.43
141,6,-0.13,-0.14
141,7,-0.58,-0.38
142,1,0.0,0.0
142,2,-0.39,-0.23
142,3,-0.5,-0.32
142,4,-0.54,-0.36
142,5,-0.41,-0.39
142,6,-0.44,-0.45
142,7,-0.49,-0.38
143,1,0.0,0.0
143,2,0.0,-0.37
143,3,5.4,0.24
143,4,0.67,-0.33
143,5,0.57,-0.36
143,6,0.67,-0.4
143,7,-0.68,-0.58
144,1,0.0,0.0
144,2,7.71,2.64
144,3,2.56,0.89
144,4,0.27,0.14
144,5,0.12,-0.13
144,6,0.19,0.14
144,7,-0.26,-0.07
145,1,0.0,0.0
145,2,-0.39,-0.49
145,3,-0.7,-0.63
145,4,0.67,0.51
145,5,0.19,0.22
145,6,0.45,0.61
145,7,0.42,0.19
146,1,0.0,0.0
146,2,-0.65,-0.35
146,3,-0.77,-0.37
146,4,-1.08,-0.47
146,5,1.81,0.75
146,6,0.58,0.14
146,7,0.32,-0.27
147,1,0.0,0.0
147,2,0.0,-0.2
147,3,0.72,0.58
147,4,-0.81,-0.76
147,5,-1.07,-0.39
147,6,-0.85,-0.34
147,7,-0.65,-0.19
148,1,0.0,0.0
148,2,0.0,-0.2
148,3,-0.33,0.18
148,4,0.95,1.58
148,5,-0.39,-0.19
148,6,-0.45,-0.24
148,7,-0.49,-0.26
149,1,0.0,0.0
149,2,-0.36,-0.2
149,3,-0.18,-0.04
149,4,1.24,0.31
149,5,-0.85,-0.35
149,6,-1.48,-0.46
149,7,-0.71,-0.44
150,1,0.0,0.0
150,2,-0.57,-0.35
150,3,-0.6,-0.52
150,4,-0.94,-0.61
150,5,-0.79,-0.62
150,6,-0.82,-0.48
150,7,-0.32,-0.47
151,1,0.0,0.0
151,2,0.0,-0.2
151,3,-0.51,-0.1
151,4,-1.4,-0.59
151,5,-0.58,-0.32
151,6,-0.61,-0.36
151,7,-0.68,-0.42
152,1,0.0,0.0
152,2,-0.41,-0.23
152,3,-0.57,-0.19
152,4,-0.93,-0.26
152,5,0.37,-0.2
152,6,-0.27,-0.41
152,7,1.09,-0.27
153,1,0.0,0.0
153,2,0.0,-0.27
153,3,-0.22,-0.77
153,4,-1.05,-0.68
153,5,0.73,-0.54
153,6,0.99,-0.52
153,7,1.54,-0.44
154,1,0.0,0.0
154,2,-0.33,-0.18
154,3,-1.09,-0.88
154,4,-1.12,-0.52
154,5,-0.48,-0.26
154,6,-0.08,0.59
154,7,-0.49,-0.22
155,1,0.0,0.0
155,2,-0.32,-0.43
155,3,0.96,0.4
155,4,0.13,-0.47
155,5,-0.39,-0.56
155,6,-0.18,-0.64
155,7,-0.06,-0.52
156,1,0.0,0.0
156,2,0.0,0.0
156,3,-0.4,-0.43
156,4,-0.03,-0.41
156,5,-0.36,-0.46
156,6,-0.33,-0.46
156,7,0.3,-0.19
157,1,0.0,0.0
157,2,6.36,-0.27
157,3,-0.52,-0.66
157,4,-0.57,-0.72
157,5,-0.88,-0.68
157,6,-0.73,-0.62
157,7,0.8,-0.3
158,1,0.0,0.0
158,2,-0.45,-0.35
158,3,1.1,1.02
158,4,-0.03,-0.12
158,5,-0.24,-0.01
158,6,-0.23,0.21
158,7,-0.24,0.19
159,1,0.0,0.0
159,2,8.48,2.28
159,3,0.4,0.69
159,4,1.5,2.03
159,5,-0.08,0.51
159,6,-0.46,0.06
159,7,-0.47,-0.19
160,1,0.0,0.0
160,2,-0.52,-0.37
160,3,-0.67,-0.68
160,4,-0.42,-0.62
160,5,-0.68,-0.72
160,6,-0.51,-0.57
160,7,-0.29,-0.08
161,1,0.0,0.0
161,2,0.0,-0.19
161,3,-0.28,-0.4
161,4,1.25,-0.06
161,5,5.24,1.25
161,6,3.89,0.88
161,7,1.47,0.53
162,1,0.0,0.0
162,2,-0.37,-0.37
162,3,-0.57,-0.64
162,4,0.55,-0.4
162,5,1.42,-0.31
162,6,0.87,-0.26
162,7,3.1,0.46
163,1,0.0,0.0
163,2,-0.49,-0.4
163,3,-0.61,-0.35
163,4,-0.34,-0.06
163,5,-0.22,0.32
163,6,-0.34,-0.25
163,7,-0.44,-0.41
164,1,0.0,0.0
164,2,-0.52,-0.66
164,3,-1.09,-0.88
164,4,-0.69,-0.63
164,5,-0.56,-0.56
164,6,-0.54,-0.47
164,7,-0.71,-0.7
165,1,0.0,0.0
165,2,-0.58,-0.19
165,3,-0.54,-0.25
165,4,-0.57,-0.18
165,5,-0.43,0.31
165,6,-0.59,-0.14
165,7,-0.66,-0.27
166,1,0.0,0.0
166,2,-0.41,-0.2
166,3,-0.36,-0.85
166,4,-0.8,-0.91
166,5,-0.36,-0.09
166,6,-0.39,-0.11
166,7,-0.19,-0.34
167,1,0.0,0.0
167,2,-0.67,-0.35
167,3,2.42,0.96
167,4,1.29,-0.09
167,5,-0.05,-0.26
167,6,0.15,-0.17
167,7,-0.06,-0.32
168,1,0.0,0.0
168,2,0.56,-0.47
168,3,0.31,-0.53
168,4,-0.12,-0.58
168,5,1.21,-0.39
168,6,5.32,0.19
168,7,2.85,0.4
169,1,0.0,0.0
169,2,-0.47,-0.25
169,3,-0.49,-0.28
169,4,-0.51,-0.38
169,5,-0.73,-0.43
169,6,-0.52,-0.41
169,7,-0.8,-0.55
170,1,0.0,0.0
170,2,-0.54,-0.28
170,3,1.77,3.3
170,4,-0.25,0.49
170,5,-0.29,0.14
170,6,0.01,0.74
170,7,-0.21,-0.03
171,1,-0.34,0.0
171,2,7.04,3.75
171,3,-0.05,0.04
171,4,-0.5,-0.3
171,5,0.33,-0.08
171,6,0.38,0.14
171,7,0.24,0.16
172,1,0.0,0.0
172,2,-0.49,-0.49
172,3,-0.72,-0.95
172,4,-0.4,-0.38
172,5,-0.36,-0.17
172,6,-0.4,-0.37
172,7,-0.39,-0.29
173,1,0.0,0.0
173,2,0.0,2.63
173,3,14.8,1.58
173,4,146.66,13.28
173,5,67.74,37.0
173,6,98.88,20.72
173,7,64.21,21.24
174,1,0.0,0.0
174,2,-1.0,-0.23
174,3,-0.52,-0.26
174,4,-0.5,-0.31
174,5,-0.48,-0.29
174,6,-0.32,-0.16
174,7,-0.27,-0.2
175,1,0.0,0.0
175,2,-0.58,-0.35
175,3,-1.04,-0.48
175,4,-1.03,-0.42
175,5,-1.52,-0.36
175,6,-1.11,-0.55
175,7,-0.92,-0.58
176,1,0.0,0.0
176,2,-0.5,0.46
176,3,-0.28,0.41
176,4,-1.14,-0.25
176,5,-0.8,-0.28
176,6,0.12,-0.15
176,7,1.07,-0.0
177,1,0.0,0.0
177,2,-0.4,-0.58
177,3,1.61,1.67
177,4,2.33,1.89
177,5,5.24,0.79
177,6,1.36,0.39
177,7,1.86,0.67
178,1,0.0,0.0
178,2,-0.38,-0.25
178,3,-0.45,-0.29
178,4,-0.44,-0.38
178,5,-0.47,-0.46
178,6,-0.46,-0.61
178,7,-0.46,-0.59
179,1,0.0,0.0
179,2,-0.41,-0.37
179,3,0.37,-0.18
179,4,5.27,3.55
179,5,0.1,0.23
179,6,-0.03,-0.07
179,7,-0.69,-0.45
180,1,0.0,0.0
180,2,-1.05,-0.22
180,3,-0.86,-0.23
180,4,-0.66,-0.19
180,5,-0.56,-0.14
180,6,-0.65,-0.24
180,7,-0.65,-0.28
181,1,0.0,0.0
181,2,-0.57,-0.18
181,3,-0.57,-0.19
181,4,-0.56,-0.22
181,5,-0.3,0.15
181,6,-0.23,0.24
181,7,-0.2,0.19
182,1,0.0,0.0
182,2,-0.55,-0.27
182,3,-0.18,-0.32
182,4,0.14,-0.44
182,5,-0.01,-0.38
182,6,1.04,0.23
182,7,-0.58,-0.39
183,1,0.0,0.0
183,2,-0.41,-0.23
183,3,-0.36,-0.16
183,4,-0.38,0.25
183,5,-0.89,-0.19
183,6,-1.28,-0.44
183,7,-1.05,-0.5
184,1,0.0,0.0
184,2,0.0,-0.38
184,3,-0.47,-0.31
184,4,1.02,-0.17
184,5,-0.21,-0.49
184,6,-0.13,-0.8
184,7,0.15,-0.73
185,1,0.0,0.0
185,2,-0.07,0.76
185,3,-0.45,-0.34
185,4,-0.13,-0.19
185,5,-0.35,0.21
185,6,-0.41,-0.14
185,7,-0.49,-0.54
186,1,0.0,0.0
186,2,7.26,1.93
186,3,219.63,3.02
186,4,39.89,6.93
186,5,40.95,7.16
186,6,26.31,3.99
186,7,20.09,3.59
187,1,-0.45,0.0
187,2,-0.46,-0.49
187,3,-0.42,0.73
187,4,-0.44,0.06
187,5,-0.46,-0.23
187,6,-0.58,-0.39
187,7,-0.64,-0.46
188,1,-0.45,0.0
188,2,-0.45,-0.2
188,3,-0.46,-0.97
188,4,-0.45,-0.96
188,5,-0.45,-0.33
188,6,-0.45,-0.26
188,7,-0.45,-0.42
189,1,0.0,0.0
189,2,-0.18,-0.12
189,3,-0.46,-0.13
189,4,-0.28,-0.07
189,5,-0.86,-0.4
189,6,-0.81,-0.35
189,7,-1.13,-0.21
190,1,0.0,0.0
190,2,-0.43,-0.4
190,3,-0.46,-0.46
190,4,-0.14,-0.13
190,5,0.46,1.02
190,6,0.61,0.92
190,7,0.22,0.24
191,1,0.0,0.0
191,2,0.0,-0.2
191,3,0.72,1.95
191,4,0.01,0.49
191,5,5.59,0.49
191,6,4.49,0.21
191,7,4.33,0.5
192,1,0.0,0.0
192,2,-0.45,0.0
192,3,-0.68,-0.19
192,4,-0.94,-0.48
192,5,-0.78,-0.63
192,6,-0.8,-0.3
192,7,-0.82,-0.29
193,1,0.0,0.0
193,2,-0.4,0.0
193,3,2.08,-0.21
193,4,2.23,-0.45
193,5,-0.35,-0.51
193,6,0.07,-0.53
193,7,0.09,-0.58
194,1,0.0,0.0
194,2,0.0,-0.23
194,3,-0.84,-0.38
194,4,-3.8,-0.67
194,5,-0.88,-0.34
194,6,-0.37,0.01
194,7,2.55,0.52
195,1,0.0,0.0
195,2,-0.44,-0.17
195,3,-0.45,-0.21
195,4,-0.47,-0.29
195,5,-0.8,-0.45
195,6,-0.99,-0.51
195,7,-1.04,-0.53
196,1,0.0,0.0
196,2,0.0,-0.37
196,3,-0.14,-0.33
196,4,-1.42,-0.79
196,5,-1.17,-0.45
196,6,-1.09,-0.78
196,7,-0.73,-0.53
197,1,0.0,0.0
197,2,-0.44,-0.19
197,3,-0.97,-0.71
197,4,-0.96,-0.39
197,5,-1.01,-0.52
197,6,-0.73,-0.33
197,7,-0.73,-0.29
198,1,0.0,0.0
198,2,-0.17,0.17
198,3,-0.52,-0.02
198,4,-0.84,0.26
198,5,-0.27,0.28
198,6,-0.01,0.37
198,7,0.35,0.18
199,1,0.0,0.0
199,2,0.21,0.66
199,3,-0.61,-0.11
199,4,-0.15,1.06
199,5,-0.35,-0.08
199,6,-0.52,-0.38
199,7,-0.48,-0.31
200,1,0.0,0.0
200,2,-0.78,-0.25
200,3,-0.96,-0.28
200,4,-0.5,-0.36
200,5,-0.29,-0.4
200,6,-0.3,-0.53
200,7,-0.23,-0.56
201,1,0.0,0.0
201,2,-1.04,-0.4
201,3,-1.08,-0.73
201,4,-1.2,-0.72
201,5,-0.5,-0.66
201,6,-0.63,-0.58
201,7,-0.29,-0.23
202,1,0.0,0.0
202,2,-1.15,-0.21
202,3,0.4,0.64
202,4,-0.52,-0.04
202,5,-0.69,-0.43
202,6,-0.66,-0.52
202,7,-0.7,-0.56
203,1,0.0,0.0
203,2,0.51,1.72
203,3,-0.31,-0.22
203,4,-0.49,-0.61
203,5,-0.62,-0.23
203,6,0.14,-0.18
203,7,-0.89,-0.63
204,1,0.0,0.0
204,2,-0.6,-0.49
204,3,-0.61,-1.06
204,4,-0.8,-0.48
204,5,-0.59,-0.34
204,6,-0.46,-0.44
204,7,-0.59,-0.49
205,1,0.0,0.0
205,2,0.0,0.0
205,3,-0.54,-0.31
205,4,-0.86,-0.37
205,5,-1.12,-0.56
205,6,0.01,0.15
205,7,-0.78,-0.38
206,1,0.0,0.0
206,2,0.0,-0.43
206,3,-0.69,-0.73
206,4,-0.39,-0.74
206,5,-1.06,-0.78
206,6,-0.14,-0.68
206,7,-1.12,-0.92
207,1,0.0,0.0
207,2,-0.5,-0.43
207,3,-0.89,-0.74
207,4,-1.26,-0.89
207,5,-0.9,-0.66
207,6,-0.86,-0.76
207,7,-0.97,-0.74
208,1,-0.57,0.0
208,2,-0.57,0.0
208,3,-0.58,0.0
208,4,-0.59,-0.72
208,5,-0.7,-0.45
208,6,-0.67,-0.61
208,7,-0.63,-0.55
209,1,0.0,0.0
209,2,-0.54,-0.35
209,3,-0.91,-0.74
209,4,-0.07,-0.27
209,5,-0.2,-0.07
209,6,-0.47,-0.34
209,7,-0.36,-0.37
210,1,0.0,0.0
210,2,2.92,0.0
210,3,16.85,0.0
210,4,0.56,0.0
210,5,1.1,0.0
210,6,1.19,0.0
210,7,20.27,0.0
211,1,-0.41,0.0
211,2,-0.44,-0.25
211,3,-0.53,-0.29
211,4,-0.44,-0.38
211,5,-0.44,-0.45
211,6,-0.53,-0.54
211,7,-0.49,-0.38
212,1,-0.44,0.0
212,2,-0.45,0.0
212,3,-0.44,9.8
212,4,-0.42,7.35
212,5,-0.44,0.65
212,6,-0.44,1.07
212,7,-0.44,0.44
213,1,0.0,0.0
213,2,-0.5,-0.38
213,3,-1.46,-0.43
213,4,-1.54,-0.45
213,5,-2.26,-0.74
213,6,-1.59,-1.37
213,7,-2.87,-1.43
214,1,0.0,0.0
214,2,-0.45,-0.23
214,3,-1.43,-0.81
214,4,-0.88,-0.39
214,5,-0.76,-0.13
214,6,-0.91,-0.6
214,7,-0.56,-0.5
215,1,0.0,0.0
215,2,106.64,182.27
215,3,36.19,71.54
215,4,44.79,64.96
215,5,16.11,15.02
215,6,13.86,11.27
215,7,10.8,7.48
216,1,0.0,0.0
216,2,-0.44,-0.23
216,3,-0.28,-0.28
216,4,-0.35,-0.29
216,5,-0.27,-0.11
216,6,-0.57,-0.35
216,7,-0.4,-0.22
217,1,0.0,0.0
217,2,-0.57,-0.23
217,3,-0.61,-0.33
217,4,-0.47,-0.23
217,5,-0.59,-0.38
217,6,-0.47,-0.32
217,7,-0.45,-0.42
218,1,0.0,0.0
218,2,-0.55,-0.23
218,3,-0.42,-0.23
218,4,-0.5,-0.29
218,5,-0.68,-0.47
218,6,-0.92,-0.58
218,7,-0.88,-0.54
219,1,0.0,0.0
219,2,-0.88,-0.49
219,3,0.49,0.35
219,4,-0.71,-0.42
219,5,-0.72,-0.23
219,6,-0.77,-0.38
219,7,-0.81,-0.34
220,1,0.0,0.0
220,2,-0.78,-0.49
220,3,-1.29,-0.84
220,4,-0.71,-0.45
220,5,-0.88,-0.31
220,6,-1.39,-0.33
220,7,-1.24,-0.24
221,1,0.0,0.0
221,2,-0.73,-0.49
221,3,-0.56,-0.59
221,4,-0.8,-0.5
221,5,-0.78,-0.34
221,6,-0.93,-0.4
221,7,-1.08,-0.27
222,1,0.0,0.0
222,2,-0.6,-0.35
222,3,-0.2,-0.53
222,4,-0.06,-0.54
222,5,-0.56,-0.67
222,6,-0.46,-0.59
222,7,-0.4,-0.48
223,1,0.0,0.0
223,2,0.39,-0.49
223,3,-0.01,0.55
223,4,-0.08,0.23
223,5,0.83,-0.08
223,6,1.48,0.53
223,7,1.45,0.81
224,1,0.0,0.0
224,2,0.91,0.2
224,3,-0.07,-0.12
224,4,-0.79,-0.66
224,5,-1.18,-0.73
224,6,-0.42,-0.45
224,7,-0.17,-0.25
225,1,0.0,0.0
225,2,-0.5,-0.4
225,3,-0.26,-0.37
225,4,-0.16,-0.17
225,5,-0.48,-0.41
225,6,-0.89,-0.66
225,7,-0.27,-0.31
226,1,0.0,0.0
226,2,-0.47,-0.19
226,3,-0.58,-0.24
226,4,1.64,-0.2
226,5,8.91,0.01
226,6,6.76,0.97
226,7,8.43,2.43
227,1,-0.57,0.0
227,2,-0.58,0.0
227,3,-0.49,-0.35
227,4,-0.58,-0.38
227,5,-0.59,-0.48
227,6,-0.57,-0.39
227,7,-0.56,0.11
228,1,0.0,0.0
228,2,-0.21,-0.18
228,3,1.93,-0.05
228,4,1.09,-0.17
228,5,0.28,-0.31
228,6,1.72,0.58
228,7,2.62,1.55
229,1,0.0,0.0
229,2,-0.38,-0.37
229,3,0.22,0.48
229,4,1.29,1.54
229,5,0.68,0.41
229,6,0.8,1.62
229,7,0.74,1.81
230,1,0.0,0.0
230,2,-0.71,0.0
230,3,-0.76,0.0
230,4,-0.71,0.92
230,5,-0.72,0.52
230,6,-0.67,1.35
230,7,-0.68,0.87
231,1,0.0,0.0
231,2,-0.4,-0.22
231,3,-0.1,-0.22
231,4,-0.07,-0.29
231,5,4.36,-0.22
231,6,0.65,-0.28
231,7,-0.41,-0.42
232,1,0.0,0.0
232,2,0.0,-0.2
232,3,-0.45,-0.97
232,4,0.27,-0.9
232,5,0.18,-0.22
232,6,-1.14,-0.38
232,7,0.47,-0.39
233,1,0.0,0.0
233,2,0.0,0.0
233,3,-12.39,-0.48
233,4,-0.5,-0.42
233,5,-0.56,-0.34
233,6,0.65,-0.29
233,7,7.07,-0.56
234,1,0.0,0.0
234,2,1.23,0.22
234,3,0.27,0.3
234,4,0.75,0.28
234,5,3.3,0.15
234,6,1.16,-0.02
234,7,1.89,0.12
235,1,0.0,0.0
235,2,0.0,0.0
235,3,0.0,-0.71
235,4,0.0,0.52
235,5,0.0,0.92
235,6,0.0,0.27
235,7,0.0,0.56
236,1,0.0,0.0
236,2,-0.41,-0.23
236,3,-0.48,-0.26
236,4,-0.73,-0.37
236,5,-0.48,-0.31
236,6,-0.28,-0.18
236,7,-0.16,-0.07
237,1,0.0,0.0
237,2,-0.5,-0.22
237,3,-0.6,-0.24
237,4,-0.71,-0.3
237,5,-0.66,-0.53
237,6,-0.64,-0.65
237,7,-0.71,-0.64
238,1,0.0,0.0
238,2,0.92,0.17
238,3,-0.07,-0.12
238,4,0.19,0.63
238,5,-0.52,-0.44
238,6,-1.8,-0.42
238,7,-1.12,-0.33
239,1,0.0,0.0
239,2,0.0,0.0
239,3,-0.43,-0.47
239,4,2.8,-0.12
239,5,3.02,-0.15
239,6,2.41,-0.24
239,7,0.99,-0.32
240,1,0.0,0.0
240,2,-0.45,-0.23
240,3,-0.76,-0.32
240,4,-1.01,-0.36
240,5,-0.82,-0.26
240,6,-0.8,-0.15
240,7,-0.76,-0.2
241,1,0.0,0.0
241,2,-0.51,-0.4
241,3,-0.45,-0.62
241,4,-0.75,-0.5
241,5,-0.73,-0.61
241,6,-0.72,-0.67
241,7,-0.57,-0.54
242,1,0.0,0.0
242,2,0.0,-0.02
242,3,9.19,0.73
242,4,-0.21,-0.32
242,5,-0.05,-0.21
242,6,0.26,0.01
242,7,0.48,-0.03
243,1,0.0,0.0
243,2,0.94,3.16
243,3,5.37,2.23
243,4,2.74,3.43
243,5,1.6,1.74
243,6,0.94,1.49
243,7,2.53,3.35
244,1,0.0,0.0
244,2,336.84,0.0
244,3,70.24,0.0
244,4,40.02,0.0
244,5,27.01,0.0
244,6,25.17,0.0
244,7,33.88,0.0
245,1,0.0,0.0
245,2,-0.14,-0.09
245,3,0.29,-0.36
245,4,-0.93,-0.71
245,5,-1.1,-0.48
245,6,-1.43,-0.94
245,7,-5.55,-0.74
246,1,0.0,0.0
246,2,-0.67,-0.23
246,3,-0.67,-0.73
246,4,-0.32,-0.48
246,5,-0.27,-0.21
246,6,0.45,-0.23
246,7,-0.18,-0.35
247,1,0.0,0.0
247,2,-0.55,-0.35
247,3,1.4,0.18
247,4,-0.46,-0.29
247,5,-0.18,0.08
247,6,0.03,0.32
247,7,-0.1,0.0
248,1,0.0,0.0
248,2,0.0,-0.23
248,3,-0.52,-0.23
248,4,-0.7,-0.3
248,5,-0.8,-0.52
248,6,-0.73,-0.54
248,7,-0.57,-0.45
249,1,0.0,0.0
249,2,-0.44,-0.21
249,3,-0.46,-0.12
249,4,-0.27,0.09
249,5,-0.46,-0.22
249,6,-0.44,-0.33
249,7,-0.45,-0.31
250,1,0.0,0.0
250,2,-0.5,-0.37
250,3,11.58,9.21
250,4,-0.62,-0.66
250,5,0.21,-0.15
250,6,-1.14,-0.47
250,7,10.31,-0.1
251,1,0.0,0.0
251,2,0.0,-0.2
251,3,-0.76,-0.79
251,4,-0.72,-0.91
251,5,-0.54,-0.41
251,6,-0.52,-0.35
251,7,-0.43,-0.23
252,1,0.0,0.0
252,2,-0.45,-0.23
252,3,1.91,1.14
252,4,1.75,0.46
252,5,0.17,-0.02
252,6,1.23,0.98
252,7,-0.58,-0.14
253,1,0.0,0.0
253,2,-0.34,0.04
253,3,-0.41,-0.1
253,4,-0.45,-0.2
253,5,-0.48,-0.21
253,6,-0.42,-0.12
253,7,-0.4,-0.09
254,1,0.0,0.0
254,2,-0.55,-0.19
254,3,-0.82,-0.23
254,4,-0.76,-0.24
254,5,-0.86,-0.5
254,6,-1.18,-0.72
254,7,-1.21,-0.67
255,1,0.0,0.0
255,2,-0.54,-0.49
255,3,-0.42,-0.61
255,4,5.04,-0.13
255,5,2.28,0.01
255,6,0.86,-0.0
255,7,0.45,-0.06
256,1,0.0,0.0
256,2,-0.54,-0.37
256,3,-0.79,-0.52
256,4,-0.85,-0.54
256,5,-1.07,-0.37
256,6,-0.5,-0.43
256,7,-0.64,-0.35
257,1,0.0,0.0
257,2,-0.36,-0.17
257,3,-0.65,-0.55
257,4,0.16,0.96
257,5,-0.46,-0.2
257,6,0.57,-0.16
257,7,-0.14,-0.33
258,1,0.0,0.0
258,2,-0.57,-0.25
258,3,-0.37,-0.27
258,4,-0.04,-0.27
258,5,-0.26,-0.34
258,6,-0.24,-0.36
258,7,-0.03,-0.35
259,1,-0.57,0.0
259,2,-0.58,0.0
259,3,-0.55,4.61
259,4,-0.59,0.57
259,5,-0.56,3.91
259,6,-0.56,4.63
259,7,-0.57,2.26
260,1,0.0,0.0
260,2,-0.58,-0.19
260,3,0.01,-0.21
260,4,-0.32,-0.21
260,5,-0.21,-0.27
260,6,0.3,-0.18
260,7,1.06,-0.22
261,1,0.0,0.0
261,2,-0.41,-0.23
261,3,-0.47,-0.28
261,4,-0.64,-0.39
261,5,-0.54,-0.55
261,6,-0.48,-0.5
261,7,-0.62,-0.46
262,1,0.0,0.0
262,2,0.0,0.0
262,3,0.0,-0.71
262,4,0.0,-10.13
262,5,0.0,-10.19
262,6,0.0,-3.84
262,7,0.0,-13.23
263,1,0.0,0.0
263,2,-0.41,-0.53
263,3,-0.83,-1.07
263,4,-0.65,-0.9
263,5,-0.34,-0.58
263,6,-0.7,-0.72
263,7,-0.66,-0.45
264,1,0.0,0.0
264,2,-0.6,-0.23
264,3,-0.65,-0.77
264,4,-0.9,-0.91
264,5,-1.01,-0.63
264,6,-0.59,-0.55
264,7,-0.56,-0.48
265,1,0.0,0.0
265,2,-1.1,-0.4
265,3,0.92,0.67
265,4,0.3,-0.54
265,5,-0.37,-0.62
265,6,0.02,-0.55
265,7,0.71,-0.38
266,1,0.0,0.0
266,2,0.0,-0.2
266,3,-0.6,-0.38
266,4,0.26,0.78
266,5,-0.09,0.63
266,6,0.1,1.08
266,7,0.06,1.08
267,1,0.0,0.0
267,2,-1.09,-0.58
267,3,1.35,0.06
267,4,-0.35,-0.48
267,5,0.24,-0.06
267,6,1.45,0.85
267,7,0.71,0.62
268,1,0.0,0.0
268,2,0.0,0.0
268,3,-0.99,-0.66
268,4,-0.5,-0.74
268,5,-0.68,-0.4
268,6,-0.16,-0.23
268,7,0.06,-0.3
269,1,-0.45,0.0
269,2,-0.44,-0.61
269,3,-0.27,0.4
269,4,-0.35,0.56
269,5,0.29,2.83
269,6,0.64,3.22
269,7,0.35,2.26
270,1,-0.7,0.0
270,2,-0.71,0.0
270,3,-0.71,-0.66
270,4,-0.71,-0.39
270,5,-0.71,-0.31
270,6,-0.71,-0.45
270,7,-0.71,-0.39
271,1,0.0,0.0
271,2,0.0,0.0
271,3,-0.44,-0.27
271,4,-0.69,-0.43
271,5,-0.38,-0.12
271,6,-0.12,0.61
271,7,-0.51,-0.33
272,1,0.0,0.0
272,2,0.0,0.0
272,3,13.5,5.04
272,4,3.57,4.53
272,5,14.25,22.52
272,6,18.29,8.52
272,7,6.99,10.07
273,1,-0.44,0.0
273,2,-0.45,0.0
273,3,-0.45,-0.27
273,4,-0.44,0.14
273,5,-0.44,0.03
273,6,-0.44,1.03
273,7,-0.45,-0.17
274,1,0.0,0.0
274,2,0.0,-0.23
274,3,10.96,4.31
274,4,2.77,3.11
274,5,7.31,3.32
274,6,3.59,3.66
274,7,1.91,2.07
275,1,0.0,0.0
275,2,-0.71,-0.97
275,3,-0.05,-0.81
275,4,-0.34,-0.23
275,5,-0.05,0.28
275,6,-0.0,0.23
275,7,-0.06,0.62
276,1,0.0,0.0
276,2,-0.51,-0.19
276,3,-0.5,-0.24
276,4,-0.37,-0.24
276,5,-0.55,-0.52
276,6,-0.2,-0.39
276,7,-0.23,-0.26
277,1,0.0,0.0
277,2,-0.51,-0.27
277,3,-0.55,-0.66
277,4,-0.82,-0.36
277,5,-0.74,-0.61
277,6,-0.52,-0.53
277,7,-0.5,-0.46
278,1,0.0,0.0
278,2,-0.5,-0.35
278,3,-0.44,-0.38
278,4,0.6,0.14
278,5,0.19,-0.42
278,6,2.25,-0.2
278,7,0.83,-0.17
279,1,-0.5,0.0
279,2,-0.5,1.2
279,3,-0.5,1.6
279,4,-0.46,3.02
279,5,-0.39,5.16
279,6,-0.39,3.63
279,7,-0.45,1.92
280,1,0.0,0.0
280,2,1.3,-0.38
280,3,0.47,-0.37
280,4,-0.6,-0.58
280,5,-0.46,-0.52
280,6,-0.82,-0.51
280,7,0.3,-0.15
281,1,0.0,0.0
281,2,-0.54,-0.35
281,3,0.27,-0.56
281,4,-0.13,-0.29
281,5,-0.79,-0.51
281,6,-0.38,-0.43
281,7,-0.41,-0.41
282,1,0.0,0.0
282,2,-0.41,-0.38
282,3,-0.67,-0.42
282,4,-0.25,-0.42
282,5,-0.44,-0.62
282,6,-0.3,-0.79
282,7,-0.29,-0.92
283,1,0.0,0.0
283,2,-0.81,-0.66
283,3,-0.42,-0.37
283,4,-0.95,-0.48
283,5,-0.88,-0.45
283,6,-0.92,-0.56
283,7,-1.22,-0.92
284,1,0.0,0.0
284,2,-0.38,-0.35
284,3,0.02,-0.36
284,4,-0.26,-0.45
284,5,-0.32,-0.47
284,6,-0.34,-0.43
284,7,-0.39,-0.45
285,1,0.0,0.0
285,2,-0.71,-0.66
285,3,0.55,-0.52
285,4,-0.3,-0.58
285,5,-0.11,-0.54
285,6,-0.14,-0.65
285,7,0.69,-0.52
286,1,0.0,0.0
286,2,-0.9,-0.56
286,3,-0.7,-0.58
286,4,-0.35,-0.54
286,5,-0.09,-0.29
286,6,0.13,-0.17
286,7,-0.46,-0.58
287,1,0.0,0.0
287,2,0.08,1.86
287,3,0.16,1.11
287,4,0.18,0.14
287,5,-1.28,-0.61
287,6,-0.63,-0.46
287,7,0.15,-0.22
288,1,0.0,0.0
288,2,-0.38,-0.25
288,3,-0.27,-0.69
288,4,-0.43,-0.34
288,5,-0.75,-0.27
288,6,-0.82,-0.26
288,7,-0.64,-0.23
289,1,-0.35,0.0
289,2,-0.35,-0.25
289,3,-0.34,-0.29
289,4,-0.36,-0.38
289,5,-0.35,-0.46
289,6,-0.37,-0.63
289,7,-0.44,-0.68
290,1,0.0,0.0
290,2,-0.5,-0.37
290,3,-0.37,-0.29
290,4,0.22,1.14
290,5,-0.74,0.09
290,6,-0.9,-0.38
290,7,-0.71,-0.64
291,1,0.0,0.0
291,2,-0.69,-0.53
291,3,-0.9,-0.9
291,4,-1.52,-0.97
291,5,-0.54,-0.41
291,6,-0.46,0.16
291,7,-0.12,0.03
292,1,0.0,0.0
292,2,-0.39,-0.07
292,3,-0.41,-0.1
292,4,-0.38,-0.06
292,5,-0.24,-0.03
292,6,-0.17,-0.07
292,7,-0.1,-0.05
293,1,0.0,0.0
293,2,0.0,-0.4
293,3,-1.54,-0.71
293,4,-0.49,-0.62
293,5,-0.56,-0.6
293,6,-0.56,-0.56
293,7,-0.84,-0.57
294,1,0.0,0.0
294,2,-0.6,-0.37
294,3,10.39,7.21
294,4,2.87,5.43
294,5,2.82,13.17
294,6,0.16,2.24
294,7,-0.43,0.18
295,1,0.0,0.0
295,2,-0.45,-0.23
295,3,0.21,1.35
295,4,-0.58,-0.42
295,5,-0.35,-0.06
295,6,-0.4,-0.38
295,7,-1.23,-0.48
296,1,0.0,0.0
296,2,0.0,-0.2
296,3,-0.79,-0.67
296,4,-0.47,-0.57
296,5,-0.45,-0.37
296,6,-0.53,-0.4
296,7,-0.48,-0.35
297,1,-0.38,0.0
297,2,-0.37,1.54
297,3,-0.35,3.35
297,4,-0.35,8.38
297,5,-0.32,2.08
297,6,-0.33,0.32
297,7,-0.33,0.62
298,1,0.0,0.0
298,2,-0.6,-0.58
298,3,0.28,-0.32
298,4,0.35,-0.36
298,5,2.32,0.64
298,6,2.19,0.16
298,7,1.12,-0.06
299,1,-0.45,0.0
299,2,-0.45,-0.04
299,3,-0.44,2.57
299,4,-0.43,4.45
299,5,-0.35,2.54
299,6,-0.33,0.58
299,7,-0.39,0.61
300,1,0.0,0.0
300,2,-0.64,-0.35
300,3,0.75,0.51
300,4,0.39,0.0
300,5,-0.33,-0.02
300,6,-0.23,-0.09
300,7,-0.24,-0.3
301,1,0.0,0.0
301,2,0.0,-0.23
301,3,1.88,-0.21
301,4,-0.63,-0.29
301,5,-0.31,-0.35
301,6,-0.05,-0.29
301,7,-0.34,-0.44
302,1,0.0,0.0
302,2,-0.51,-0.23
302,3,-0.69,-0.22
302,4,-0.21,-0.03
302,5,0.16,0.29
302,6,0.3,0.03
302,7,1.26,0.19
303,1,0.0,0.0
303,2,-0.4,0.0
303,3,-0.04,0.0
303,4,109.0,0.0
303,5,2.13,0.0
303,6,1.72,0.0
303,7,2.36,0.0
304,1,0.0,0.0
304,2,-0.44,-0.23
304,3,-0.73,-0.81
304,4,-0.66,-0.88
304,5,-0.55,-0.58
304,6,-0.36,-0.41
304,7,-0.52,-0.49
305,1,0.0,0.0
305,2,0.0,0.0
305,3,-0.34,-0.08
305,4,-0.26,-0.07
305,5,1.91,0.8
305,6,3.17,-0.15
305,7,-0.54,-0.41
306,1,0.0,0.0
306,2,0.0,-0.27
306,3,-0.68,-0.23
306,4,-0.11,-0.38
306,5,0.07,-0.29
306,6,0.53,-0.03
306,7,-0.07,-0.27
307,1,0.0,0.0
307,2,-0.5,-0.25
307,3,2.82,-0.28
307,4,-0.26,-0.38
307,5,-0.43,-0.46
307,6,0.88,-0.59
307,7,0.57,-0.53
308,1,0.0,0.0
308,2,2.38,0.31
308,3,1.09,0.04
308,4,-0.35,-0.18
308,5,-1.13,-0.31
308,6,-1.14,-0.25
308,7,-0.72,-0.04
309,1,0.0,0.0
309,2,2.19,-0.19
309,3,0.43,-0.0
309,4,4.88,0.21
309,5,5.08,0.92
309,6,6.89,2.07
309,7,7.52,1.75
310,1,0.0,0.0
310,2,-0.38,-0.23
310,3,0.16,-0.03
310,4,-0.2,0.23
310,5,-0.22,-0.34
310,6,-0.3,-0.51
310,7,-0.38,-0.45
311,1,0.0,0.0
311,2,-0.43,-0.23
311,3,-0.49,-0.33
311,4,-0.46,-0.38
311,5,-0.46,-0.47
311,6,-0.57,-0.35
311,7,-0.8,-0.47
312,1,-0.58,0.0
312,2,-0.51,1.61
312,3,-0.48,0.83
312,4,-0.55,0.39
312,5,-0.23,0.86
312,6,-0.31,-0.22
312,7,-0.52,-0.31
313,1,0.0,0.0
313,2,-0.45,-0.38
313,3,0.13,0.77
313,4,-0.59,-0.37
313,5,-0.25,-0.34
313,6,1.25,0.11
313,7,0.26,-0.03
314,1,-0.41,0.0
314,2,-0.41,0.2
314,3,-0.31,9.51
314,4,-0.27,5.85
314,5,-0.29,2.81
314,6,-0.31,1.71
314,7,-0.26,2.71
315,1,0.0,0.0
315,2,0.0,-0.23
315,3,2.19,0.04
315,4,0.82,0.58
315,5,3.02,2.6
315,6,12.62,2.52
315,7,8.48,3.41
316,1,0.0,0.0
316,2,0.0,0.0
316,3,2.32,3.98
316,4,0.77,1.7
316,5,-0.92,-0.51
316,6,-0.34,-0.17
316,7,-0.35,-0.04
317,1,0.0,0.0
317,2,-0.47,-0.35
317,3,-0.82,-0.95
317,4,-0.41,-0.49
317,5,-0.56,-0.59
317,6,-0.54,-0.61
317,7,-0.6,-0.65
318,1,0.0,0.0
318,2,-0.33,-0.4
318,3,-0.74,-0.66
318,4,-1.05,-0.66
318,5,-0.62,-0.64
318,6,-1.03,-0.72
318,7,-1.73,-0.67
319,1,0.0,0.0
319,2,-1.11,-0.27
319,3,-0.58,0.58
319,4,-0.52,1.05
319,5,-0.87,-0.21
319,6,-1.44,-0.56
319,7,-1.35,-0.48
320,1,0.0,0.0
320,2,-0.43,-0.21
320,3,-0.73,-0.34
320,4,-0.4,-0.32
320,5,-0.84,-0.29
320,6,-1.85,-0.38
320,7,-0.93,-0.35
321,1,0.0,0.0
321,2,-0.46,-0.35
321,3,-0.37,-0.4
321,4,-0.29,-0.09
321,5,-0.37,0.02
321,6,-0.49,-0.18
321,7,-0.46,-0.18
322,1,0.0,0.0
322,2,-1.48,-0.43
322,3,-0.36,-0.06
322,4,0.18,0.76
322,5,1.77,2.25
322,6,1.65,2.85
322,7,0.46,1.39
323,1,0.0,0.0
323,2,-1.1,-0.49
323,3,0.9,0.82
323,4,0.26,-0.21
323,5,-0.22,-0.21
323,6,0.1,-0.11
323,7,0.17,0.05
324,1,0.0,0.0
324,2,-0.59,-0.35
324,3,-0.63,-0.71
324,4,-0.6,-0.23
324,5,-1.57,-0.72
324,6,-0.93,-0.61
324,7,-1.14,-0.6
325,1,0.0,0.0
325,2,-0.6,-0.49
325,3,-1.03,-0.88
325,4,-0.68,-0.39
325,5,-1.03,-0.31
325,6,-0.91,-0.31
325,7,-1.32,-0.29
326,1,0.0,0.0
326,2,-0.38,-0.23
326,3,1.54,1.94
326,4,0.82,0.54
326,5,-0.47,0.13
326,6,-0.38,-0.01
326,7,-0.51,-0.21
327,1,0.0,0.0
327,2,-0.12,-0.23
327,3,1.85,-0.27
327,4,-0.1,-0.37
327,5,-1.2,-0.46
327,6,-0.92,-0.61
327,7,-1.1,-0.66
328,1,0.0,0.0
328,2,0.0,-0.38
328,3,2.02,-0.27
328,4,-0.16,-0.34
328,5,1.06,-0.19
328,6,1.46,0.03
328,7,2.52,0.2
329,1,0.0,0.0
329,2,0.0,0.0
329,3,-0.07,0.16
329,4,-0.08,0.17
329,5,-0.2,0.04
329,6,-0.23,0.05
329,7,-0.26,0.08
330,1,0.0,0.0
330,2,-0.15,-0.16
330,3,-1.13,-0.34
330,4,-1.57,-0.42
330,5,-0.3,-0.3
330,6,0.24,-0.27
330,7,-0.53,-0.32
331,1,0.0,0.0
331,2,0.0,-0.29
331,3,0.56,0.41
331,4,-0.48,-0.51
331,5,-0.02,-0.22
331,6,-0.16,-0.4
331,7,-0.03,-0.15
332,1,0.0,0.0
332,2,0.0,0.0
332,3,0.57,1.82
332,4,0.2,1.3
332,5,-0.16,0.74
332,6,-0.5,0.35
332,7,-0.74,-0.01
333,1,0.0,0.0
333,2,1.67,0.89
333,3,-0.63,-1.29
333,4,-1.49,-1.72
333,5,-1.04,-0.8
333,6,-1.32,-1.12
333,7,-0.93,-1.46
334,1,0.0,0.0
334,2,22.5,21.15
334,3,7.87,12.26
334,4,19.6,5.94
334,5,20.71,4.19
334,6,22.44,6.81
334,7,18.29,6.4
335,1,0.0,0.0
335,2,0.0,0.36
335,3,16.28,0.16
335,4,20.81,0.23
335,5,11.38,0.71
335,6,21.41,2.36
335,7,11.9,2.03
336,1,0.0,0.0
336,2,0.0,-0.37
336,3,-3.85,0.1
336,4,-0.2,0.29
336,5,-0.49,-0.25
336,6,-0.9,-0.51
336,7,-0.86,-0.27
337,1,0.0,0.0
337,2,8.43,3.38
337,3,7.94,4.45
337,4,7.43,3.33
337,5,0.98,1.54
337,6,3.2,3.57
337,7,8.03,6.61
338,1,0.0,0.0
338,2,-0.57,-0.37
338,3,-0.66,-0.58
338,4,-0.93,-0.66
338,5,-1.35,-0.71
338,6,-1.19,-0.73
338,7,-0.84,-0.48
339,1,0.0,0.0
339,2,13.23,8.58
339,3,4.23,2.29
339,4,0.36,0.36
339,5,0.27,-0.06
339,6,0.07,0.06
339,7,-0.19,0.0
340,1,0.0,0.0
340,2,0.03,0.35
340,3,2.09,1.13
340,4,1.4,2.04
340,5,1.05,1.98
340,6,0.76,1.53
340,7,3.26,3.56
341,1,0.0,0.0
341,2,0.73,-0.19
341,3,0.5,-0.5
341,4,0.23,-0.23
341,5,-0.45,-0.58
341,6,-0.07,-0.4
341,7,-0.16,-0.41
342,1,0.0,0.0
342,2,0.03,-0.18
342,3,0.4,-0.19
342,4,1.14,-0.03
342,5,1.07,0.02
342,6,1.31,0.38
342,7,1.55,0.19
343,1,0.0,0.0
343,2,-0.59,-0.25
343,3,-0.51,-0.27
343,4,-0.53,-0.33
343,5,-0.56,-0.38
343,6,-0.7,-0.51
343,7,-0.63,-0.56
344,1,0.0,0.0
344,2,-0.45,-0.4
344,3,-0.06,-0.1
344,4,-0.61,-0.38
344,5,0.09,0.1
344,6,-1.36,-0.7
344,7,-1.81,-0.67
345,1,0.0,0.0
345,2,0.0,0.0
345,3,-0.45,-0.5
345,4,0.62,-0.26
345,5,0.52,-0.34
345,6,0.45,-0.37
345,7,0.24,-0.17
346,1,0.0,0.0
346,2,-0.5,-0.53
346,3,5.65,0.22
346,4,1.35,-0.2
346,5,2.22,0.1
346,6,29.72,1.43
346,7,37.17,9.6
347,1,0.0,0.0
347,2,-0.5,-0.23
347,3,1.43,-0.21
347,4,1.57,-0.2
347,5,0.05,-0.22
347,6,0.7,0.57
347,7,1.15,1.42
348,1,0.0,0.0
348,2,0.0,0.16
348,3,-0.86,-0.85
348,4,-0.96,-0.65
348,5,-1.57,-0.74
348,6,-1.39,-0.7
348,7,-1.2,-0.48
349,1,0.0,0.0
349,2,-0.48,-0.58
349,3,-0.45,-1.01
349,4,-1.05,-1.42
349,5,0.77,-0.26
349,6,-1.91,-0.81
349,7,-0.29,-0.56
350,1,0.0,0.0
350,2,0.0,-0.2
350,3,-0.64,-0.1
350,4,0.5,1.5
350,5,0.06,-0.04
350,6,-0.33,-0.1
350,7,-0.14,0.04
351,1,0.0,0.0
351,2,-0.41,-0.2
351,3,1.0,0.87
351,4,0.16,0.77
351,5,-0.66,-0.41
351,6,-0.75,-0.38
351,7,-0.55,-0.41
352,1,0.0,0.0
352,2,-0.06,-0.12
352,3,3.01,1.27
352,4,2.2,0.54
352,5,0.44,0.55
352,6,-0.43,-0.07
352,7,-0.49,-0.26
353,1,0.0,0.0
353,2,0.0,-0.13
353,3,0.73,1.3
353,4,-0.55,-0.77
353,5,-0.72,-0.36
353,6,-0.59,-0.42
353,7,-0.54,-0.51
354,1,0.0,0.0
354,2,-0.73,-0.23
354,3,-0.57,-0.3
354,4,-0.83,-0.42
354,5,-0.85,-0.37
354,6,0.13,-0.11
354,7,-0.74,-0.22
355,1,-0.38,0.0
355,2,-0.36,11.27
355,3,-0.39,-0.04
355,4,-0.41,-0.36
355,5,-0.42,-0.32
355,6,-0.45,-1.02
355,7,-0.43,-0.93
356,1,0.0,0.0
356,2,0.27,-0.07
356,3,1.71,0.14
356,4,0.56,-0.45
356,5,-0.31,-0.6
356,6,0.04,-0.22
356,7,0.55,0.37
357,1,0.0,0.0
357,2,6.03,-0.04
357,3,0.94,-0.59
357,4,1.78,-0.18
357,5,23.37,1.24
357,6,5.38,0.09
357,7,2.63,-0.1
358,1,0.0,0.0
358,2,-0.41,0.0
358,3,-1.01,-0.5
358,4,-2.3,-0.64
358,5,-1.41,-0.59
358,6,-1.88,-0.81
358,7,-1.69,-0.88
359,1,0.0,0.0
359,2,0.0,-0.09
359,3,-0.73,-0.67
359,4,0.02,-0.36
359,5,-0.58,-0.38
359,6,-1.73,-0.59
359,7,-1.12,-0.33
360,1,0.0,0.0
360,2,-0.5,-0.4
360,3,-0.03,-0.38
360,4,-0.69,-0.12
360,5,-1.86,-0.52
360,6,-0.8,-0.57
360,7,-1.67,-0.4
361,1,0.0,0.0
361,2,-0.71,-0.38
361,3,-0.63,-0.35
361,4,-0.82,-0.44
361,5,-1.26,-0.65
361,6,-1.21,-1.1
361,7,-1.11,-0.86
362,1,0.0,0.0
362,2,33.06,7.31
362,3,4.44,3.97
362,4,4.54,3.07
362,5,4.78,4.69
362,6,4.93,3.45
362,7,8.46,2.56
363,1,0.0,0.0
363,2,-0.5,-0.23
363,3,0.07,-0.22
363,4,0.05,-0.26
363,5,0.31,-0.06
363,6,-0.22,-0.1
363,7,-0.29,-0.2
364,1,0.0,0.0
364,2,0.0,-0.2
364,3,-0.28,0.13
364,4,0.32,-0.02
364,5,-0.11,-0.28
364,6,-0.35,-0.4
364,7,-0.2,-0.34
365,1,0.0,0.0
365,2,-0.37,0.02
365,3,-0.24,-0.54
365,4,-0.36,-0.7
365,5,-1.28,-0.62
365,6,-1.52,-0.79
365,7,-2.31,-0.77
366,1,0.0,0.0
366,2,-0.5,-0.38
366,3,-1.63,-0.4
366,4,-0.85,-0.43
366,5,-0.92,-0.68
366,6,-0.66,-0.57
366,7,-0.88,-0.45
367,1,-0.41,0.0
367,2,-0.4,3.75
367,3,-0.44,1.73
367,4,-0.31,1.01
367,5,-0.33,0.03
367,6,-0.34,-0.07
367,7,-0.41,-0.2
368,1,0.0,0.0
368,2,-0.37,-0.37
368,3,-0.06,-0.52
368,4,-0.34,-0.59
368,5,-0.72,-0.42
368,6,-0.34,-0.51
368,7,-0.43,-0.48
369,1,0.0,0.0
369,2,0.0,0.0
369,3,-1.08,-0.51
369,4,-1.31,-0.6
369,5,-1.8,-0.58
369,6,-1.75,-0.78
369,7,-2.43,-0.83
370,1,0.0,0.0
370,2,1.56,-0.15
370,3,-0.0,-0.13
370,4,0.12,-0.17
370,5,0.5,-0.19
370,6,-0.57,-0.41
370,7,-0.33,-0.11
371,1,-0.41,0.0
371,2,-0.41,0.0
371,3,-0.41,-0.27
371,4,-0.41,-0.43
371,5,-0.42,-0.36
371,6,-0.41,-0.8
371,7,-0.42,-0.55
372,1,0.0,0.0
372,2,-0.41,-0.09
372,3,-0.45,-0.08
372,4,-0.44,-0.04
372,5,-0.34,0.41
372,6,-0.27,0.56
372,7,-0.54,-0.03
373,1,0.0,0.0
373,2,0.0,-0.37
373,3,-0.55,-0.58
373,4,-0.2,-0.03
373,5,-0.4,-0.29
373,6,-0.39,-0.29
373,7,-0.67,-0.56
374,1,0.0,0.0
374,2,-0.5,0.0
374,3,0.63,2.03
374,4,2.22,3.64
374,5,0.45,0.37
374,6,-0.29,0.51
374,7,0.43,1.87
375,1,0.0,0.0
375,2,-0.39,-0.35
375,3,-0.01,-0.34
375,4,-0.24,-0.1
375,5,-0.22,-0.21
375,6,-0.43,-0.43
375,7,-0.59,-0.54
376,1,0.0,0.0
376,2,1.79,0.89
376,3,2.17,1.94
376,4,1.72,0.14
376,5,0.48,-0.54
376,6,0.17,-0.59
376,7,0.56,-0.1
377,1,0.0,0.0
377,2,-0.42,-0.27
377,3,-0.6,-0.78
377,4,-0.69,-0.6
377,5,-0.53,-0.62
377,6,-0.42,-0.43
377,7,-0.34,-0.32
378,1,0.0,0.0
378,2,97.15,2.91
378,3,6.51,1.07
378,4,11.68,2.2
378,5,13.18,3.16
378,6,21.84,3.24
378,7,18.14,2.87
379,1,0.0,0.0
379,2,-0.71,-0.19
379,3,-0.64,-0.21
379,4,0.01,-0.21
379,5,-0.25,0.02
379,6,-0.59,0.0
379,7,-0.85,-0.27
380,1,0.0,0.0
380,2,-0.01,0.16
380,3,-1.28,-0.85
380,4,-0.55,-0.49
380,5,-0.74,-0.57
380,6,-0.48,-0.41
380,7,-0.53,-0.49
381,1,0.0,0.0
381,2,0.0,0.0
381,3,-20.42,-0.73
381,4,-1.74,-0.64
381,5,-1.33,-0.63
381,6,-29.11,-0.61
381,7,-20.5,-0.65
382,1,0.0,0.0
382,2,-0.48,-0.4
382,3,-0.78,-0.68
382,4,-0.67,-0.53
382,5,-0.57,-0.52
382,6,-0.88,-0.7
382,7,-1.62,-0.61
383,1,0.0,0.0
383,2,-0.31,0.0
383,3,-0.25,0.0
383,4,4.15,0.0
383,5,-0.95,0.0
383,6,-0.5,0.0
383,7,-0.92,0.0
384,1,0.0,0.0
384,2,-0.45,-0.38
384,3,0.69,-0.21
384,4,6.55,-0.28
384,5,1.38,-0.16
384,6,0.41,0.49
384,7,1.59,1.52
385,1,0.0,0.0
385,2,-0.45,-0.19
385,3,0.65,-0.22
385,4,-0.67,-0.25
385,5,-0.9,-0.55
385,6,-1.52,-0.62
385,7,-3.37,-0.62
386,1,0.0,0.0
386,2,0.8,0.89
386,3,0.29,1.19
386,4,-0.43,-0.54
386,5,-0.35,-0.21
386,6,0.03,-0.08
386,7,-0.2,0.19
387,1,0.0,0.0
387,2,-0.52,-0.35
387,3,-0.76,-0.83
387,4,-1.03,-0.54
387,5,-0.07,-0.48
387,6,-0.69,-0.58
387,7,-0.54,-0.49
388,1,0.0,0.0
388,2,0.0,-0.53
388,3,2.68,-0.22
388,4,0.59,-0.47
388,5,1.38,-0.45
388,6,-0.08,-0.49
388,7,0.68,-0.26
389,1,0.0,0.0
389,2,-0.44,-0.58
389,3,0.38,0.95
389,4,-0.19,0.47
389,5,-0.51,-0.27
389,6,1.33,0.67
389,7,-0.07,-0.09
390,1,0.0,0.0
390,2,-0.45,-0.23
390,3,-0.71,-0.34
390,4,-0.36,-0.36
390,5,-0.35,-0.35
390,6,-0.38,-0.28
390,7,-0.51,-0.42
391,1,0.0,0.0
391,2,-0.73,-0.35
391,3,-0.38,-0.42
391,4,-0.79,-0.62
391,5,-0.51,-0.57
391,6,-0.54,-0.52
391,7,-0.6,-0.53
392,1,0.0,0.0
392,2,-0.61,-0.37
392,3,-0.49,0.33
392,4,-0.73,-0.06
392,5,-1.0,-0.37
392,6,-0.76,-0.45
392,7,-0.69,-0.27
393,1,0.0,0.0
393,2,-0.52,-0.09
393,3,-0.64,-0.44
393,4,-0.12,-0.25
393,5,0.31,-0.13
393,6,-0.93,-0.5
393,7,-0.46,-0.25
394,1,0.0,0.0
394,2,-0.46,-0.58
394,3,0.6,1.39
394,4,-0.73,-0.18
394,5,-0.31,-0.23
394,6,-1.3,-0.58
394,7,-1.39,-0.71
395,1,0.0,0.0
395,2,1.66,-0.01
395,3,0.72,0.29
395,4,-0.47,-0.13
395,5,-0.21,-0.05
395,6,-0.46,-0.31
395,7,-0.52,-0.33
396,1,0.0,0.0
396,2,-0.37,-0.03
396,3,-0.56,-0.11
396,4,-0.46,0.18
396,5,-0.44,0.16
396,6,-0.42,0.21
396,7,-0.39,0.33
397,1,0.0,0.0
397,2,-0.44,-0.23
397,3,-0.42,-0.19
397,4,-0.45,-0.26
397,5,-0.47,-0.27
397,6,-0.63,-0.43
397,7,-0.72,-0.53
398,1,0.0,0.0
398,2,0.0,-0.09
398,3,-0.46,0.38
398,4,0.67,2.81
398,5,0.12,1.63
398,6,3.09,6.4
398,7,4.85,9.66
399,1,0.0,0.0
399,2,-0.5,-0.37
399,3,-0.78,-0.47
399,4,-0.71,-0.56
399,5,-1.33,-0.47
399,6,-0.55,-0.4
399,7,-0.6,-0.46
400,1,0.0,0.0
400,2,-0.45,-0.23
400,3,-0.88,-0.65
400,4,-0.89,-0.69
400,5,-0.64,-0.75
400,6,-0.52,-0.47
400,7,-0.45,-0.3
401,1,0.0,0.0
401,2,0.0,0.0
401,3,-0.84,-0.75
401,4,-0.58,-0.83
401,5,-0.52,-0.68
401,6,-0.84,-1.36
401,7,-0.45,-0.94
402,1,0.0,0.0
402,2,0.0,0.0
402,3,-0.58,-0.49
402,4,-0.54,-0.64
402,5,-2.07,-0.7
402,6,-0.6,-0.52
402,7,-1.16,-0.55
403,1,0.0,0.0
403,2,-0.86,-0.58
403,3,-0.15,-0.48
403,4,-0.74,-0.68
403,5,-0.84,-0.42
403,6,-1.16,-0.47
403,7,-0.94,-0.06
404,1,0.0,0.0
404,2,-0.48,-0.53
404,3,-0.5,-1.06
404,4,-0.71,-1.18
404,5,-0.33,-0.68
404,6,-0.71,-0.77
404,7,0.25,-0.41
405,1,0.0,0.0
405,2,-1.05,-0.49
405,3,-1.46,-1.03
405,4,-1.1,-0.47
405,5,-1.02,-0.37
405,6,-0.98,-0.49
405,7,-1.01,-0.49
406,1,0.0,0.0
406,2,-0.5,-0.23
406,3,-0.67,0.7
406,4,0.01,0.75
406,5,-0.84,0.05
406,6,-0.71,-0.24
406,7,-0.36,-0.21
407,1,-0.59,0.0
407,2,-0.39,0.0
407,3,-0.38,1.69
407,4,-0.45,-0.08
407,5,-0.38,1.67
407,6,-0.38,1.66
407,7,-0.38,3.38
408,1,0.0,0.0
408,2,-0.5,-0.49
408,3,-0.76,-0.77
408,4,-0.51,-0.4
408,5,-0.57,-0.27
408,6,-0.49,-0.4
408,7,-0.56,-0.41
409,1,-0.57,0.0
409,2,-0.58,0.0
409,3,-0.58,0.0
409,4,-0.58,-0.57
409,5,-0.58,-0.48
409,6,-0.58,0.74
409,7,-0.58,0.05
410,1,0.0,0.0
410,2,-0.07,-0.24
410,3,3.36,-0.21
410,4,2.03,-0.34
410,5,2.28,-0.19
410,6,2.37,0.43
410,7,0.51,0.04
411,1,0.0,0.0
411,2,0.0,0.0
411,3,3.4,7.69
411,4,3.49,6.35
411,5,1.93,5.24
411,6,1.12,4.03
411,7,0.55,2.81
412,1,0.0,0.0
412,2,5.5,2.02
412,3,-0.49,-0.4
412,4,0.11,0.6
412,5,-0.8,0.04
412,6,-0.7,-0.43
412,7,-0.41,-0.2
413,1,0.0,0.0
413,2,0.0,-0.2
413,3,-0.59,-0.97
413,4,-0.87,-0.94
413,5,-0.8,-0.28
413,6,-0.94,-0.37
413,7,-0.89,-0.43
414,1,0.0,0.0
414,2,-0.63,-0.49
414,3,-0.88,-1.01
414,4,-0.79,-0.42
414,5,-0.74,-0.3
414,6,-0.33,-0.15
414,7,-0.11,-0.17
415,1,0.0,0.0
415,2,2.26,-0.09
415,3,-0.5,-0.65
415,4,-0.49,-0.64
415,5,-0.41,-0.06
415,6,-0.46,0.13
415,7,-0.4,-0.09
416,1,0.0,0.0
416,2,-0.41,-0.2
416,3,-0.06,0.13
416,4,2.19,2.06
416,5,-0.48,-0.27
416,6,-0.79,-0.32
416,7,-0.53,-0.22
417,1,0.0,0.0
417,2,-0.59,-0.2
417,3,0.78,0.7
417,4,-0.38,-0.68
417,5,-0.38,-0.35
417,6,-0.49,-0.35
417,7,-0.25,-0.36
418,1,0.0,0.0
418,2,4.89,0.91
418,3,2.25,0.32
418,4,4.22,-0.2
418,5,10.87,0.32
418,6,14.86,1.89
418,7,6.35,1.8
419,1,0.0,0.0
419,2,2.5,2.02
419,3,-0.2,-0.84
419,4,-0.22,-0.53
419,5,-0.61,-0.46
419,6,-0.0,-0.34
419,7,0.5,-0.01
420,1,0.0,0.0
420,2,-0.79,-0.97
420,3,-0.28,-0.35
420,4,0.1,-0.32
420,5,0.69,-0.19
420,6,0.46,0.16
420,7,1.24,0.57
421,1,0.0,0.0
421,2,0.0,0.0
421,3,-0.44,-0.27
421,4,-0.45,-0.43
421,5,-0.48,-0.37
421,6,-0.59,-0.8
421,7,-0.49,-0.52
422,1,-0.58,0.0
422,2,-0.52,1.45
422,3,-0.46,1.09
422,4,-0.56,0.75
422,5,-0.93,-1.02
422,6,-1.17,-2.25
422,7,-1.03,-2.33
423,1,0.0,0.0
423,2,-0.48,-0.19
423,3,-0.48,-0.23
423,4,-0.59,-0.24
423,5,-0.46,-0.48
423,6,-0.5,-0.6
423,7,-0.46,-0.48
424,1,0.0,0.0
424,2,-0.18,0.05
424,3,2.42,2.73
424,4,1.55,1.47
424,5,0.72,0.04
424,6,-0.12,-0.45
424,7,-0.45,-0.48
425,1,0.0,0.0
425,2,0.0,0.0
425,3,-0.54,-0.68
425,4,-0.6,-0.93
425,5,-0.89,-0.73
425,6,0.49,-0.23
425,7,-0.76,-1.22
426,1,0.0,0.0
426,2,-0.78,-0.3
426,3,1.5,1.65
426,4,-0.35,0.08
426,5,-0.43,-0.11
426,6,-0.5,0.13
426,7,4.59,-0.09
427,1,-0.41,0.0
427,2,-0.14,3.5
427,3,-0.03,2.93
427,4,-0.31,1.44
427,5,0.11,1.27
427,6,0.19,0.78
427,7,-0.38,-0.67
428,1,0.0,0.0
428,2,-0.62,-0.38
428,3,-0.17,-0.32
428,4,-1.01,-0.43
428,5,-0.75,-0.54
428,6,-0.58,-0.02
428,7,-0.55,0.1
429,1,0.0,0.0
429,2,0.0,0.0
429,3,-0.5,-0.27
429,4,-0.5,-0.43
429,5,-0.53,-0.37
429,6,-0.92,-0.82
429,7,-0.53,-0.43
430,1,0.0,0.0
430,2,-1.08,-0.35
430,3,-2.33,-0.81
430,4,-0.76,-0.34
430,5,-0.96,-0.27
430,6,-0.35,0.19
430,7,-0.14,0.12
431,1,0.0,0.0
431,2,0.0,-0.23
431,3,-0.2,-0.2
431,4,-0.31,-0.25
431,5,-0.88,-0.31
431,6,1.3,-0.18
431,7,0.12,-0.35
432,1,0.0,0.0
432,2,-0.38,0.0
432,3,-0.8,-0.75
432,4,-0.67,-0.95
432,5,-1.08,-0.94
432,6,-1.31,-1.56
432,7,-1.06,-1.38
433,1,0.0,0.0
433,2,-0.44,-0.35
433,3,0.98,-0.19
433,4,-0.64,-0.58
433,5,-1.32,-0.49
433,6,1.09,0.02
433,7,-0.83,-0.33
434,1,0.0,0.0
434,2,-0.38,-0.13
434,3,-1.05,-1.13
434,4,-0.6,-0.83
434,5,-0.53,-0.35
434,6,-0.59,-0.65
434,7,-0.51,-0.72
435,1,0.0,0.0
435,2,-0.44,-0.35
435,3,-0.52,-0.99
435,4,-0.82,-0.74
435,5,-0.13,-0.47
435,6,0.65,-0.37
435,7,1.18,-0.26
436,1,0.0,0.0
436,2,-0.38,-0.23
436,3,-0.62,-0.45
436,4,-0.78,-0.42
436,5,-0.43,-0.36
436,6,-0.3,-0.41
436,7,-0.39,-0.46
437,1,0.0,0.0
437,2,2.7,-0.24
437,3,0.62,-0.27
437,4,0.13,-0.36
437,5,1.61,-0.36
437,6,1.41,-0.29
437,7,1.39,-0.26
438,1,0.0,0.0
438,2,0.0,0.0
438,3,0.0,0.0
438,4,-1.19,-0.8
438,5,-0.21,-0.28
438,6,-0.46,-0.56
438,7,-1.42,-0.55
439,1,0.0,0.0
439,2,-0.71,0.0
439,3,0.56,0.0
439,4,-0.22,0.0
439,5,4.66,0.0
439,6,1.84,0.0
439,7,5.18,0.0
440,1,0.0,0.0
440,2,0.0,0.0
440,3,0.0,-0.27
440,4,0.0,-0.37
440,5,-0.53,-0.3
440,6,-5.39,-0.67
440,7,-0.25,-0.05
441,1,0.0,0.0
441,2,-0.58,-0.23
441,3,-1.13,-0.69
441,4,-0.84,-0.3
441,5,-0.6,-0.41
441,6,-0.67,-0.65
441,7,-0.59,-0.48
442,1,-0.44,0.0
442,2,-0.45,0.0
442,3,-0.45,-0.27
442,4,-0.45,-0.26
442,5,-0.45,-0.24
442,6,-0.45,0.1
442,7,-0.45,-0.29
443,1,-0.57,0.0
443,2,-0.58,0.0
443,3,-0.58,-0.27
443,4,-0.58,-0.2
443,5,-0.58,-0.32
443,6,-0.58,-0.73
443,7,-0.58,-0.15
444,1,-0.5,0.0
444,2,-0.5,0.0
444,3,-0.5,-0.49
444,4,-0.51,-0.69
444,5,-0.5,-0.68
444,6,-0.5,-0.55
444,7,-0.5,-0.55
445,1,-0.44,0.0
445,2,-0.45,0.0
445,3,-0.45,-0.27
445,4,-0.45,-0.26
445,5,-0.45,-0.25
445,6,-0.45,-0.59
445,7,-0.45,-0.1
446,1,-0.37,0.0
446,2,-0.38,0.0
446,3,-0.38,-0.27
446,4,-0.38,-0.37
446,5,-0.38,-0.24
446,6,-0.38,0.0
446,7,-0.38,-0.5
447,1,0.0,0.0
447,2,0.0,0.0
447,3,-0.57,-0.27
447,4,-0.58,-0.43
447,5,-0.5,-0.13
447,6,-0.53,-0.69
447,7,-0.54,-0.41
448,1,0.0,0.0
448,2,26.22,0.58
448,3,2.21,1.35
448,4,9.14,2.05
448,5,32.33,8.57
448,6,30.8,10.71
448,7,34.46,11.12
449,1,0.0,0.0
449,2,11.09,5.15
449,3,1.21,0.66
449,4,2.49,3.39
449,5,3.9,4.87
449,6,4.89,5.37
449,7,1.38,1.73
450,1,0.0,0.0
450,2,0.0,0.0
450,3,0.0,0.0
450,4,1.98,2.82
450,5,-0.3,-0.1
450,6,-0.28,-0.23
450,7,-0.5,-0.46
451,1,0.0,0.0
451,2,1.29,-0.43
451,3,-0.38,-0.22
451,4,-0.62,-0.45
451,5,-0.7,-0.48
451,6,-1.14,-0.45
451,7,-0.76,-0.13
452,1,0.0,0.0
452,2,0.7,0.17
452,3,7.96,2.01
452,4,1.96,1.19
452,5,0.92,-0.35
452,6,2.74,0.65
452,7,3.83,1.1
453,1,0.0,0.0
453,2,0.0,-0.06
453,3,5.23,-0.16
453,4,10.99,0.06
453,5,2.13,0.61
453,6,-0.5,-0.28
453,7,0.54,-0.29
454,1,0.0,0.0
454,2,-0.32,-0.27
454,3,-0.19,-0.32
454,4,-0.93,-0.36
454,5,-0.83,-0.28
454,6,-0.44,0.08
454,7,-0.25,0.03
455,1,0.0,0.0
455,2,0.0,-0.2
455,3,0.52,0.13
455,4,-0.63,-0.2
455,5,-0.49,-0.39
455,6,-0.52,-0.25
455,7,-0.53,-0.21
456,1,0.0,0.0
456,2,-0.71,0.0
456,3,-1.41,-0.68
456,4,-6.72,-0.78
456,5,-5.07,-0.79
456,6,-2.33,-0.82
456,7,-3.91,-0.76
457,1,0.0,0.0
457,2,-0.45,-0.38
457,3,-0.42,-0.24
457,4,-0.48,-0.31
457,5,-0.45,-0.32
457,6,-0.44,-0.46
457,7,-0.24,-0.54
458,1,0.0,0.0
458,2,-0.43,-0.22
458,3,-0.0,-0.17
458,4,-1.16,-0.29
458,5,-0.37,-0.41
458,6,-0.76,-0.51
458,7,-1.06,-0.54
459,1,0.0,0.0
459,2,-0.66,-0.35
459,3,-0.7,-0.87
459,4,-0.39,-0.58
459,5,-0.55,-0.6
459,6,-0.71,-0.67
459,7,-0.68,-0.59
460,1,0.0,0.0
460,2,-0.47,-0.35
460,3,-0.52,-0.54
460,4,0.52,0.03
460,5,0.58,-0.37
460,6,-0.19,-0.43
460,7,-0.28,-0.41
461,1,0.0,0.0
461,2,4.0,-0.03
461,3,0.43,0.56
461,4,1.33,2.08
461,5,2.05,0.22
461,6,3.44,1.55
461,7,1.2,0.46
462,1,0.0,0.0
462,2,0.0,0.0
462,3,0.86,-0.19
462,4,4.66,-0.07
462,5,3.22,-0.16
462,6,0.5,-0.28
462,7,-0.48,-0.68
463,1,0.0,0.0
463,2,-0.82,-0.37
463,3,-0.42,-0.49
463,4,-0.51,-0.46
463,5,-0.66,-0.24
463,6,-0.67,-0.22
463,7,-0.72,-0.59
464,1,-0.44,0.0
464,2,-0.45,0.0
464,3,-0.45,0.0
464,4,-0.45,0.06
464,5,-0.46,-0.5
464,6,-0.46,-0.56
464,7,-0.46,-0.29
465,1,0.0,0.0
465,2,0.0,0.0
465,3,-0.64,-0.37
465,4,-0.82,-0.63
465,5,-0.16,0.01
465,6,-0.51,-0.3
465,7,-0.62,-0.48
466,1,0.0,0.0
466,2,-0.45,-0.23
466,3,-0.57,-0.33
466,4,-0.84,-0.43
466,5,-0.57,-0.53
466,6,-0.45,-0.45
466,7,-0.31,-0.19
467,1,0.0,0.0
467,2,-0.74,-0.23
467,3,-0.6,-0.07
467,4,-1.04,-0.34
467,5,-0.09,-0.09
467,6,-0.55,-0.22
467,7,-0.53,-0.12
468,1,0.0,0.0
468,2,1.57,-0.02
468,3,3.15,2.05
468,4,0.14,-0.33
468,5,-0.45,-0.28
468,6,-0.34,-0.27
468,7,-0.27,-0.17
469,1,2.02,0.0
469,2,-0.35,0.0
469,3,-0.28,0.0
469,4,-0.02,0.0
469,5,-0.31,0.0
469,6,-0.29,0.0
469,7,-0.31,0.0
470,1,0.0,0.0
470,2,-0.71,-0.66
470,3,-0.53,-0.93
470,4,-0.79,-0.74
470,5,-1.43,-0.74
470,6,-1.23,-0.73
470,7,-0.57,-0.59
471,1,0.0,0.0
471,2,-0.44,-0.12
471,3,-0.38,-0.19
471,4,-0.34,0.24
471,5,-0.13,-0.29
471,6,0.34,-0.21
471,7,0.28,-0.13
472,1,0.0,0.0
472,2,-0.45,-0.35
472,3,-2.38,-0.67
472,4,-0.78,-0.37
472,5,-1.63,-0.44
472,6,-1.01,-0.37
472,7,-0.56,-0.3
473,1,0.0,0.0
473,2,-0.46,-0.37
473,3,-0.44,-0.45
473,4,0.61,0.07
473,5,-0.16,-0.23
473,6,0.5,0.16
473,7,1.45,0.9
474,1,0.0,0.0
474,2,5.42,0.66
474,3,2.66,3.66
474,4,0.35,1.35
474,5,0.25,0.41
474,6,0.63,0.01
474,7,1.7,0.59
475,1,0.0,0.0
475,2,-0.41,-0.2
475,3,-0.41,-0.17
475,4,-0.4,-0.2
475,5,-0.38,-0.18
475,6,-0.27,-0.21
475,7,-0.37,-0.27
476,1,0.0,0.0
476,2,-0.41,-0.35
476,3,-0.37,-0.62
476,4,-0.51,-0.54
476,5,-0.32,-0.18
476,6,-0.48,-0.4
476,7,-0.59,-0.53
477,1,0.0,0.0
477,2,-0.54,-0.56
477,3,-0.33,-0.35
477,4,-0.65,-0.61
477,5,-0.62,-0.45
477,6,-0.65,-0.35
477,7,-0.87,-0.65
478,1,-0.44,0.0
478,2,-0.45,0.0
478,3,-0.45,-0.49
478,4,-0.45,-0.71
478,5,-0.45,-0.59
478,6,-0.45,-0.53
478,7,-0.45,-0.48
479,1,-0.5,0.0
479,2,-0.5,0.0
479,3,-0.5,-0.49
479,4,-0.49,0.64
479,5,-0.49,-0.01
479,6,-0.5,-0.21
479,7,-0.5,0.06
480,1,0.0,0.0
480,2,4.26,0.35
480,3,0.95,0.51
480,4,1.07,0.07
480,5,3.1,0.5
480,6,2.4,0.53
480,7,1.58,0.4
481,1,0.0,0.0
481,2,-0.5,-0.23
481,3,-4.51,-0.24
481,4,-3.12,-0.29
481,5,-0.95,-0.38
481,6,-0.75,-0.26
481,7,-0.77,-0.27
482,1,0.0,0.0
482,2,-0.41,-0.23
482,3,-0.1,-0.08
482,4,0.45,0.86
482,5,1.0,1.32
482,6,-0.41,-0.11
482,7,-0.58,-0.32
483,1,0.0,0.0
483,2,0.0,33.11
483,3,0.0,17.62
483,4,0.0,6.78
483,5,0.0,2.11
483,6,0.0,1.35
483,7,0.0,1.5
484,1,0.0,0.0
484,2,0.0,-0.2
484,3,4.6,5.35
484,4,-0.53,-0.53
484,5,-0.53,-0.38
484,6,-0.67,-0.42
484,7,-0.5,-0.43
485,1,0.0,0.0
485,2,20.63,4.16
485,3,-0.78,-0.54
485,4,0.53,0.5
485,5,-0.47,-0.31
485,6,-0.37,-0.5
485,7,-0.87,-0.79
486,1,0.0,0.0
486,2,0.0,0.0
486,3,0.28,-0.3
486,4,-0.16,-0.49
486,5,-0.06,-0.44
486,6,0.9,-0.3
486,7,0.45,-0.51
487,1,0.0,0.0
487,2,0.26,0.04
487,3,-0.38,-0.34
487,4,-0.23,0.01
487,5,-0.33,-0.28
487,6,-0.31,-0.25
487,7,-0.11,0.06
488,1,0.0,0.0
488,2,-0.96,-0.58
488,3,0.0,-0.46
488,4,1.37,0.97
488,5,2.58,0.59
488,6,1.8,0.85
488,7,3.54,1.39
489,1,0.0,0.0
489,2,0.67,-0.25
489,3,-0.73,-0.98
489,4,0.79,-0.3
489,5,5.48,0.04
489,6,5.08,0.51
489,7,4.06,0.7
490,1,0.0,0.0
490,2,-0.41,-0.37
490,3,-0.6,-0.72
490,4,0.79,-0.64
490,5,0.08,-0.37
490,6,-0.05,-0.64
490,7,0.25,-0.42
491,1,0.0,0.0
491,2,0.0,0.0
491,3,-0.73,-0.31
491,4,-0.56,-0.39
491,5,-0.59,-0.4
491,6,-0.5,-0.24
491,7,-0.47,-0.25
492,1,0.0,0.0
492,2,-0.5,-0.19
492,3,-0.51,-0.23
492,4,-0.67,-0.23
492,5,-0.98,-0.53
492,6,-0.52,-0.47
492,7,-0.42,-0.33
493,1,0.0,0.0
493,2,-0.61,-0.23
493,3,-0.25,0.59
493,4,-0.83,-0.25
493,5,-0.71,0.07
493,6,-0.85,-0.16
493,7,-0.8,-0.38
494,1,0.0,0.0
494,2,10.31,-0.14
494,3,5.6,-0.21
494,4,6.93,-0.27
494,5,5.98,-0.25
494,6,19.86,0.8
494,7,18.37,1.59
495,1,0.0,0.0
495,2,-0.73,-0.43
495,3,7.52,3.66
495,4,1.51,0.5
495,5,0.75,0.75
495,6,0.75,0.59
495,7,1.33,0.78
496,1,0.0,0.0
496,2,-0.54,-0.43
496,3,-0.53,-0.3
496,4,-0.33,-0.42
496,5,-0.06,0.67
496,6,-0.17,0.11
496,7,-0.36,-0.38
497,1,0.0,0.0
497,2,3.5,-0.16
497,3,-0.63,-0.23
497,4,-1.04,-0.25
497,5,-0.77,-0.52
497,6,-0.78,-0.56
497,7,-0.6,-0.46
498,1,-0.57,0.0
498,2,-0.58,0.0
498,3,-0.58,-0.27
498,4,-0.58,0.2
498,5,-0.58,0.13
498,6,-0.58,0.07
498,7,-0.58,-0.46
499,1,-0.41,0.0
499,2,-0.42,-0.24
499,3,-0.4,-0.27
499,4,-0.4,-0.36
499,5,-0.39,-0.38
499,6,-0.29,-0.32
499,7,-0.21,-0.24
500,1,0.0,0.0
500,2,-0.4,-0.25
500,3,-0.11,-0.29
500,4,-0.12,-0.37
500,5,-0.1,-0.44
500,6,0.58,-0.53
500,7,0.27,-0.6
501,1,0.0,0.0
501,2,0.0,-0.2
501,3,-0.69,-0.97
501,4,-0.22,-0.85
501,5,0.44,-0.15
501,6,-0.53,-0.33
501,7,-0.47,-0.42
502,1,0.0,0.0
502,2,-0.63,-0.23
502,3,-0.65,-0.24
502,4,-0.57,-0.26
502,5,-0.56,-0.39
502,6,-0.72,-0.49
502,7,-0.74,-0.49
503,1,0.0,0.0
503,2,-0.63,-0.23
503,3,-0.57,-0.31
503,4,-0.62,-0.35
503,5,-0.47,-0.34
503,6,-0.49,-0.37
503,7,-0.16,-0.11
504,1,0.0,0.0
504,2,0.41,-0.01
504,3,-0.13,-0.12
504,4,-0.16,0.0
504,5,0.04,0.23
504,6,1.16,0.92
504,7,0.79,0.48
505,1,0.0,0.0
505,2,-0.66,-0.21
505,3,-0.72,-0.23
505,4,-0.71,-0.26
505,5,-0.67,-0.26
505,6,-0.58,-0.46
505,7,-0.59,-0.48
506,1,0.0,0.0
506,2,1.29,-0.43
506,3,0.92,-0.12
506,4,2.96,0.64
506,5,0.08,-0.04
506,6,-0.92,-0.77
506,7,-0.47,-0.43
507,1,0.0,0.0
507,2,-0.41,-0.37
507,3,-0.31,0.06
507,4,-0.81,-0.45
507,5,-0.57,-0.21
507,6,-0.51,-0.01
507,7,-0.57,-0.32
508,1,0.0,0.0
508,2,-0.64,-0.23
508,3,1.92,0.33
508,4,4.02,0.54
508,5,0.27,-0.14
508,6,-0.34,-0.11
508,7,0.07,-0.19
509,1,0.0,0.0
509,2,-0.6,-0.19
509,3,-0.65,-0.24
509,4,-0.83,-0.24
509,5,-0.54,-0.5
509,6,-0.91,-0.66
509,7,-0.56,-0.59
510,1,0.0,0.0
510,2,-0.58,-0.23
510,3,-0.88,-0.34
510,4,-0.69,-0.4
510,5,-0.84,-0.5
510,6,-0.94,-0.48
510,7,-1.2,-0.5
511,1,0.0,0.0
511,2,0.0,0.0
511,3,-0.0,1.12
511,4,0.51,2.04
511,5,1.13,3.11
511,6,1.79,4.14
511,7,2.87,5.66
512,1,-0.5,0.0
512,2,-0.5,0.0
512,3,-0.5,-0.17
512,4,-0.5,-0.74
512,5,-0.5,-0.4
512,6,-0.5,-0.48
512,7,-0.5,-0.48
513,1,-0.5,0.0
513,2,-0.5,-0.37
513,3,-0.58,-0.59
513,4,-0.51,-0.81
513,5,-0.49,-0.24
513,6,-0.49,-0.25
513,7,-0.49,-0.42
514,1,0.0,0.0
514,2,0.0,-0.37
514,3,0.13,-0.37
514,4,-0.65,-0.58
514,5,-0.87,-0.47
514,6,-1.06,-0.86
514,7,-0.06,-0.34
515,1,0.0,0.0
515,2,-0.36,-0.18
515,3,-0.58,-0.43
515,4,-0.63,-0.4
515,5,-0.99,-0.5
515,6,-1.45,-1.28
515,7,-0.91,-1.29
516,1,0.0,0.0
516,2,-0.63,-0.25
516,3,-0.59,-0.28
516,4,-0.78,-0.37
516,5,-1.08,-0.42
516,6,-0.52,-0.35
516,7,-0.37,-0.39
517,1,-0.5,0.0
517,2,-0.5,0.0
517,3,-0.5,-0.27
517,4,-0.51,-0.37
517,5,-0.52,-0.37
517,6,-0.51,-0.6
517,7,-0.52,-0.53
518,1,0.0,0.0
518,2,0.0,-0.23
518,3,-0.66,-0.65
518,4,-0.5,-0.65
518,5,-0.22,-0.38
518,6,-1.08,-0.75
518,7,-1.05,-0.55
519,1,0.0,0.0
519,2,0.5,-0.48
519,3,3.04,2.96
519,4,0.47,1.68
519,5,-0.44,-0.22
519,6,-0.57,-0.29
519,7,-0.77,-1.01
520,1,0.0,0.0
520,2,-0.5,-0.23
520,3,-0.81,-0.26
520,4,-1.08,-0.53
520,5,-0.66,0.01
520,6,-0.2,-0.01
520,7,0.48,-0.27
521,1,0.0,0.0
521,2,-0.41,-0.15
521,3,-0.37,-0.14
521,4,-0.22,0.23
521,5,-0.27,0.18
521,6,-0.34,-0.04
521,7,-0.26,-0.12
522,1,0.0,0.0
522,2,-0.25,-0.07
522,3,0.39,1.05
522,4,0.79,0.98
522,5,0.3,0.91
522,6,-0.05,0.12
522,7,-0.09,-0.07
523,1,0.0,0.0
523,2,-0.99,-0.38
523,3,-0.89,-0.35
523,4,-0.8,-0.28
523,5,-0.85,-0.28
523,6,-1.31,-0.83
523,7,-1.4,-1.16
524,1,-0.45,0.0
524,2,-0.65,-0.38
524,3,-0.6,-0.46
524,4,-0.57,-0.43
524,5,-0.58,-0.41
524,6,-0.24,0.34
524,7,0.37,1.0
525,1,0.0,0.0
525,2,0.23,-0.11
525,3,-0.45,-0.21
525,4,-0.35,-0.25
525,5,-0.44,-0.35
525,6,-0.02,-0.06
525,7,0.0,-0.12
526,1,0.0,0.0
526,2,0.0,-0.18
526,3,-0.14,-0.19
526,4,-0.53,-0.39
526,5,0.34,-0.06
526,6,2.38,1.36
526,7,1.3,1.32
527,1,0.0,0.0
527,2,-0.44,-0.23
527,3,-0.13,-0.29
527,4,-0.27,-0.36
527,5,-1.9,-0.47
527,6,-1.76,-0.43
527,7,-1.88,-0.51
528,1,-0.37,0.0
528,2,-0.38,0.0
528,3,-0.38,2.24
528,4,-0.36,2.54
528,5,-0.31,22.15
528,6,-0.36,5.44
528,7,-0.33,9.83
529,1,0.0,0.0
529,2,-0.34,-0.25
529,3,-0.41,-0.28
529,4,-1.29,-0.38
529,5,-0.83,-0.44
529,6,-0.57,-0.54
529,7,-0.41,-0.56
530,1,0.0,0.0
530,2,-0.4,0.0
530,3,-0.11,-0.4
530,4,-0.41,-0.55
530,5,1.44,-0.41
530,6,1.84,-0.23
530,7,1.79,-0.17
531,1,0.0,0.0
531,2,-0.41,0.0
531,3,-0.6,-0.43
531,4,-0.27,-0.26
531,5,-0.44,-0.38
531,6,0.15,-0.1
531,7,0.83,0.14
532,1,0.0,0.0
532,2,-0.5,-0.23
532,3,-0.34,-0.2
532,4,0.51,-0.22
532,5,-1.18,-0.29
532,6,-0.83,-0.41
532,7,0.18,-0.31
533,1,0.0,0.0
533,2,-1.06,-0.97
533,3,-0.43,-0.65
533,4,-0.03,0.15
533,5,-0.42,-0.25
533,6,-0.7,-0.67
533,7,-0.32,-0.58
534,1,0.0,0.0
534,2,-0.5,-0.66
534,3,-0.83,-0.68
534,4,0.61,0.04
534,5,-0.18,-0.52
534,6,0.16,-0.49
534,7,-0.11,-0.62
535,1,0.0,0.0
535,2,-0.1,-0.38
535,3,0.54,-0.4
535,4,0.39,0.33
535,5,2.45,1.72
535,6,3.45,1.74
535,7,2.01,1.82
536,1,0.0,0.0
536,2,3.12,1.07
536,3,1.83,2.54
536,4,4.95,4.53
536,5,14.86,14.56
536,6,11.68,11.06
536,7,17.22,8.15
537,1,0.0,0.0
537,2,-0.54,-0.43
537,3,-0.68,-0.44
537,4,-0.73,-0.35
537,5,-0.81,-0.65
537,6,-0.8,-0.66
537,7,-0.44,-0.25
538,1,0.0,0.0
538,2,0.73,-0.16
538,3,-0.74,-0.18
538,4,-2.14,-0.25
538,5,-1.72,-0.55
538,6,-1.27,-0.66
538,7,-1.19,-0.75
539,1,-0.86,0.0
539,2,-0.52,0.0
539,3,-0.56,-0.49
539,4,-0.57,6.01
539,5,-0.54,0.33
539,6,-0.55,-0.51
539,7,-0.54,-0.55
540,1,-0.5,0.0
540,2,-0.5,0.0
540,3,-0.65,-0.49
540,4,-0.52,-0.69
540,5,-0.63,-0.52
540,6,-0.66,-0.54
540,7,-0.59,-0.52
541,1,0.0,0.0
541,2,-0.17,-0.27
541,3,-0.4,-0.46
541,4,-0.61,-0.43
541,5,-0.68,-0.26
541,6,-1.12,-0.14
541,7,-1.13,-0.2
542,1,0.0,0.0
542,2,0.0,-0.43
542,3,-0.2,-0.61
542,4,-0.91,-0.89
542,5,0.42,-0.63
542,6,-0.49,-0.75
542,7,-0.14,-0.81
543,1,0.0,0.0
543,2,-0.5,-0.23
543,3,-1.55,-0.24
543,4,-1.24,-0.3
543,5,-1.04,-0.5
543,6,-1.04,-0.52
543,7,-1.14,-0.64
544,1,-0.45,0.0
544,2,-0.56,-0.58
544,3,-0.69,-1.2
544,4,-0.54,-1.09
544,5,-0.78,-1.18
544,6,-0.71,-0.72
544,7,-0.2,1.01
545,1,0.0,0.0
545,2,-0.57,-0.4
545,3,-0.96,-0.69
545,4,-1.13,-0.75
545,5,-0.5,-0.62
545,6,-1.0,-0.65
545,7,-3.78,-0.63
546,1,0.0,0.0
546,2,0.38,-0.27
546,3,-0.32,-0.09
546,4,-0.98,-0.63
546,5,-0.62,-0.52
546,6,-0.23,-0.22
546,7,-0.13,-0.1
547,1,0.0,0.0
547,2,-0.71,-0.35
547,3,0.51,0.13
547,4,0.85,-0.05
547,5,3.77,1.26
547,6,11.97,2.09
547,7,16.44,2.57
548,1,0.0,0.0
548,2,-1.42,0.0
548,3,-3.67,76.76
548,4,0.37,28.94
548,5,0.05,24.76
548,6,1.04,18.94
548,7,0.36,37.01
549,1,0.0,0.0
549,2,-0.5,-0.19
549,3,-0.81,-0.23
549,4,-1.36,-0.23
549,5,-0.97,-0.32
549,6,1.11,-0.15
549,7,0.41,-0.31
550,1,0.0,0.0
550,2,-0.66,-0.06
550,3,-1.16,-0.31
550,4,-0.34,0.79
550,5,-0.32,0.45
550,6,-0.32,0.3
550,7,-0.47,-0.18
551,1,0.0,0.0
551,2,-0.77,-0.53
551,3,-0.67,-0.65
551,4,-0.87,-0.84
551,5,-1.57,-0.71
551,6,-0.91,-0.67
551,7,-0.65,-0.47
552,1,0.0,0.0
552,2,1.64,0.46
552,3,1.23,0.91
552,4,0.64,1.48
552,5,2.27,5.53
552,6,5.57,8.08
552,7,6.69,7.54
553,1,0.0,0.0
553,2,0.0,0.0
553,3,-0.25,-0.3
553,4,-0.79,-0.56
553,5,-0.21,-0.41
553,6,-0.81,-0.45
553,7,-0.9,-0.49
554,1,0.0,0.0
554,2,-0.5,0.0
554,3,-0.58,-0.33
554,4,-0.82,-0.38
554,5,-0.64,-0.28
554,6,0.14,0.15
554,7,0.53,0.17
555,1,0.0,0.0
555,2,-0.5,-0.37
555,3,-0.47,0.36
555,4,-1.36,-0.03
555,5,-0.81,-0.2
555,6,-0.88,0.15
555,7,-0.55,0.36
556,1,0.0,0.0
556,2,1.29,-0.43
556,3,-0.44,-0.1
556,4,0.55,0.56
556,5,0.04,-0.15
556,6,0.74,0.32
556,7,0.68,0.8
557,1,0.0,0.0
557,2,-0.33,0.0
557,3,-0.96,-0.5
557,4,-0.32,-0.56
557,5,-0.72,-0.55
557,6,-0.68,-0.62
557,7,-0.6,-0.54
558,1,0.0,0.0
558,2,-0.19,-0.27
558,3,-1.15,-0.66
558,4,-0.52,-0.52
558,5,-0.37,-0.39
558,6,-0.42,-0.4
558,7,-0.4,-0.31
559,1,-0.38,0.0
559,2,-0.43,-0.49
559,3,-0.22,1.57
559,4,-0.43,-0.17
559,5,-0.52,-0.21
559,6,-0.58,-0.19
559,7,-0.45,-0.21
560,1,0.0,0.0
560,2,-0.76,-0.2
560,3,-0.7,-0.11
560,4,-0.58,0.01
560,5,-0.56,0.35
560,6,-0.55,0.2
560,7,-0.52,0.32
561,1,0.0,0.0
561,2,-0.42,-0.2
561,3,-0.5,-0.21
561,4,-0.47,0.22
561,5,-0.48,-0.28
561,6,0.6,0.42
561,7,1.56,0.34
562,1,0.0,0.0
562,2,0.0,-0.2
562,3,-0.42,-0.44
562,4,2.58,2.75
562,5,12.65,18.15
562,6,8.66,14.69
562,7,8.6,12.37
563,1,0.0,0.0
563,2,0.29,0.38
563,3,-0.48,-0.3
563,4,-0.42,-0.26
563,5,-0.4,-0.2
563,6,-0.46,-0.28
563,7,-0.52,-0.32
564,1,0.0,0.0
564,2,-0.46,-0.23
564,3,-0.5,-0.31
564,4,-0.32,-0.09
564,5,-0.37,-0.23
564,6,-0.29,-0.08
564,7,-0.54,-0.37
565,1,0.0,0.0
565,2,3.93,-0.14
565,3,1.49,-0.21
565,4,1.66,-0.21
565,5,4.39,0.41
565,6,3.81,1.27
565,7,2.76,1.84
566,1,0.0,0.0
566,2,0.0,-0.2
566,3,0.55,1.05
566,4,3.87,1.74
566,5,1.68,0.42
566,6,0.86,0.35
566,7,1.58,0.74
567,1,0.0,0.0
567,2,-0.63,-0.53
567,3,-0.7,-0.8
567,4,-0.59,-0.85
567,5,0.46,-0.11
567,6,-0.56,-0.65
567,7,-0.46,-0.4
568,1,0.0,0.0
568,2,-1.23,-0.4
568,3,-0.77,-0.19
568,4,-0.5,-0.47
568,5,-0.64,-0.37
568,6,-1.4,-0.5
568,7,-0.74,-0.38
569,1,0.0,0.0
569,2,-0.57,-0.49
569,3,-0.77,-1.04
569,4,-0.37,-0.31
569,5,-0.43,-0.31
569,6,-0.42,-0.4
569,7,-0.47,-0.43
570,1,0.0,0.0
570,2,0.0,-0.15
570,3,-0.22,-0.21
570,4,1.54,-0.15
570,5,-0.72,-0.25
570,6,-1.6,-0.55
570,7,-0.89,-0.62
571,1,0.0,0.0
571,2,-0.54,-0.53
571,3,-0.22,-0.02
571,4,-0.51,-0.6
571,5,-0.16,-0.42
571,6,-0.95,-0.76
571,7,-1.08,-0.54
572,1,0.0,0.0
572,2,-0.5,-0.23
572,3,-0.31,0.12
572,4,0.4,0.23
572,5,-0.49,-0.23
572,6,-0.49,-0.02
572,7,-0.41,0.23
573,1,0.0,0.0
573,2,0.0,-0.04
573,3,2.21,1.0
573,4,0.22,-0.08
573,5,-0.7,-0.17
573,6,-0.35,0.15
573,7,-0.53,0.07
574,1,0.0,0.0
574,2,0.0,61.69
574,3,1.53,1.06
574,4,0.69,0.18
574,5,15.85,5.5
574,6,14.72,4.54
574,7,18.39,8.07
575,1,0.0,0.0
575,2,-0.58,-0.21
575,3,-0.55,-0.28
575,4,1.08,0.07
575,5,0.86,-0.15
575,6,0.54,-0.04
575,7,0.54,0.13
576,1,0.0,0.0
576,2,-0.91,-0.25
576,3,-0.4,-0.25
576,4,-0.46,-0.35
576,5,-0.67,-0.4
576,6,-1.33,-0.51
576,7,-1.48,-0.53
577,1,0.0,0.0
577,2,-0.6,-0.37
577,3,-1.94,-0.74
577,4,-0.72,-0.64
577,5,-0.55,-0.08
577,6,-0.34,0.69
577,7,-0.55,-0.24
578,1,0.0,0.0
578,2,0.08,-0.41
578,3,-0.89,-0.97
578,4,-1.05,-1.12
578,5,-1.21,-0.7
578,6,-0.43,-0.63
578,7,-0.46,-0.53
579,1,0.0,0.0
579,2,0.0,-0.19
579,3,-0.03,-0.23
579,4,-0.45,-0.34
579,5,-0.32,-0.12
579,6,-0.42,-0.22
579,7,-0.33,-0.07
580,1,0.0,0.0
580,2,-0.59,-0.38
580,3,-0.51,-0.36
580,4,-0.43,-0.26
580,5,-0.18,0.42
580,6,0.11,0.49
580,7,-0.16,-0.24
581,1,-0.5,0.0
581,2,-0.5,0.0
581,3,-0.5,-0.66
581,4,-0.5,-0.39
581,5,-0.51,0.1
581,6,-0.51,-0.14
581,7,-0.5,0.45
582,1,0.0,0.0
582,2,-0.5,-0.38
582,3,-0.52,-0.33
582,4,0.63,-0.02
582,5,0.56,-0.01
582,6,1.32,0.15
582,7,0.31,-0.31
583,1,0.0,0.0
583,2,4.66,5.04
583,3,4.3,1.47
583,4,1.02,-0.3
583,5,3.29,0.53
583,6,1.94,0.03
583,7,0.55,-0.35
584,1,0.0,0.0
584,2,0.0,-0.43
584,3,-1.05,-0.83
584,4,-0.57,-0.75
584,5,-1.47,-0.8
584,6,-1.46,-0.8
584,7,-0.92,-0.75
585,1,0.0,0.0
585,2,-0.45,-0.47
585,3,0.17,-0.23
585,4,-0.5,-0.62
585,5,-0.53,-0.6
585,6,-0.44,-0.64
585,7,-0.6,-0.81
586,1,-0.38,0.0
586,2,0.62,1.51
586,3,-0.58,-0.83
586,4,0.32,0.02
586,5,-0.17,0.17
586,6,0.6,0.69
586,7,0.54,1.42
587,1,0.0,0.0
587,2,0.87,-0.34
587,3,-0.31,0.31
587,4,-0.72,-0.87
587,5,-0.45,-0.69
587,6,0.81,0.11
587,7,0.72,1.1
588,1,0.0,0.0
588,2,-0.58,-0.23
588,3,-0.57,-0.18
588,4,-1.0,-0.26
588,5,-1.02,-0.38
588,6,-0.93,-0.5
588,7,-0.93,-0.48
589,1,0.0,0.0
589,2,-0.39,-0.23
589,3,22.4,0.2
589,4,13.06,0.36
589,5,0.95,-0.08
589,6,0.14,-0.15
589,7,-0.34,-0.21
590,1,0.0,0.0
590,2,2.38,0.12
590,3,0.22,-0.09
590,4,-0.4,-0.23
590,5,0.14,-0.19
590,6,1.24,0.35
590,7,0.66,0.7
591,1,0.0,0.0
591,2,-0.74,-0.58
591,3,-0.86,-0.48
591,4,-1.41,-0.6
591,5,-1.09,-0.46
591,6,0.9,0.2
591,7,0.58,0.32
592,1,0.0,0.0
592,2,0.0,-0.23
592,3,-1.21,-0.73
592,4,-1.02,-0.87
592,5,-0.92,-0.48
592,6,-1.1,-0.43
592,7,-0.95,-0.49
593,1,0.0,0.0
593,2,0.0,0.0
593,3,0.0,0.0
593,4,0.0,-0.08
593,5,0.0,-0.38
593,6,0.0,-0.63
593,7,0.0,-0.29
594,1,0.0,0.0
594,2,0.0,-0.18
594,3,1.1,-0.17
594,4,1.42,-0.17
594,5,1.19,-0.19
594,6,5.72,0.43
594,7,4.89,0.7
595,1,0.0,0.0
595,2,-0.67,-0.58
595,3,-0.74,-0.36
595,4,0.56,1.49
595,5,-0.43,-0.18
595,6,-0.46,-0.07
595,7,-0.44,-0.19
596,1,0.0,0.0
596,2,0.0,-0.53
596,3,-1.17,-0.65
596,4,-2.89,-0.74
596,5,-0.41,-0.46
596,6,-0.66,-0.59
596,7,-0.64,-0.4
597,1,0.0,0.0
597,2,-0.65,-0.37
597,3,-0.68,-0.63
597,4,-0.57,-0.61
597,5,0.0,-0.3
597,6,1.18,0.01
597,7,0.1,-0.23
598,1,0.0,0.0
598,2,-0.51,0.04
598,3,0.22,0.06
598,4,-0.04,0.13
598,5,-0.26,-0.18
598,6,-1.11,-0.52
598,7,-1.16,-0.53
599,1,0.0,0.0
599,2,-0.56,-0.24
599,3,-1.01,-0.28
599,4,-0.53,-0.35
599,5,-0.74,-0.34
599,6,0.38,0.02
599,7,1.82,0.48
600,1,0.0,0.0
600,2,-0.23,-0.38
600,3,1.14,0.13
600,4,1.02,1.39
600,5,-0.1,0.15
600,6,-0.36,-0.32
600,7,-0.61,-0.69
601,1,0.0,0.0
601,2,1.5,-0.19
601,3,-1.07,-0.25
601,4,-0.1,-0.2
601,5,-0.05,-0.11
601,6,-0.55,-0.36
601,7,-0.58,-0.52
602,1,0.0,0.0
602,2,-0.41,-0.23
602,3,-0.78,-0.69
602,4,-0.45,-0.04
602,5,-0.72,-0.5
602,6,-0.84,-0.26
602,7,-0.75,-0.11
603,1,0.0,0.0
603,2,-0.18,-0.13
603,3,-0.28,-0.38
603,4,-0.6,-0.3
603,5,-0.33,0.26
603,6,-0.26,0.24
603,7,-0.28,0.06
604,1,0.0,0.0
604,2,-0.6,-0.24
604,3,-0.46,-0.2
604,4,-0.58,-0.32
604,5,-0.54,-0.29
604,6,-0.42,-0.03
604,7,-0.32,0.32
605,1,0.0,0.0
605,2,-0.65,-0.23
605,3,0.31,-0.27
605,4,-0.39,-0.38
605,5,0.24,-0.32
605,6,0.06,-0.27
605,7,0.06,-0.25
606,1,0.0,0.0
606,2,-0.59,-0.4
606,3,-0.45,-0.69
606,4,0.07,-0.52
606,5,-0.59,-0.69
606,6,-0.41,-0.65
606,7,-0.43,-0.48
607,1,0.0,0.0
607,2,-0.52,-0.23
607,3,-0.39,-0.31
607,4,-0.49,-0.42
607,5,-0.34,-0.16
607,6,-0.33,-0.22
607,7,-0.16,-0.06
608,1,0.0,0.0
608,2,-0.64,-0.23
608,3,-0.58,-0.34
608,4,-0.51,-0.38
608,5,-0.55,-0.51
608,6,-0.46,-0.41
608,7,-0.45,-0.46
609,1,0.0,0.0
609,2,0.0,0.0
609,3,0.0,0.0
609,4,-1.42,-1.23
609,5,-0.68,-0.45
609,6,-0.66,-0.57
609,7,-0.6,-0.55
610,1,0.0,0.0
610,2,0.0,-0.16
610,3,-1.3,-0.32
610,4,0.0,-0.38
610,5,-0.36,-0.47
610,6,2.19,-0.13
610,7,1.5,-0.0
611,1,0.0,0.0
611,2,-0.64,-0.38
611,3,-0.25,0.03
611,4,-0.77,-0.63
611,5,-0.74,-0.55
611,6,-0.83,-0.78
611,7,-0.98,-0.94
612,1,0.0,0.0
612,2,-0.85,-0.35
612,3,-1.63,-0.74
612,4,-0.28,-0.36
612,5,0.17,0.03
612,6,0.25,0.09
612,7,1.39,0.33
613,1,0.0,0.0
613,2,-0.48,-0.23
613,3,-0.53,-0.33
613,4,-0.36,-0.22
613,5,0.22,-0.19
613,6,-1.09,-0.44
613,7,-1.27,-0.5
614,1,0.0,0.0
614,2,-0.83,-0.35
614,3,-1.91,-0.78
614,4,-1.62,-0.37
614,5,-1.76,-0.53
614,6,-1.12,-0.52
614,7,-1.12,-0.34
615,1,0.0,0.0
615,2,-0.2,-0.43
615,3,1.51,0.12
615,4,-0.82,-1.22
615,5,-1.18,-0.55
615,6,-0.1,-0.57
615,7,-1.29,-0.72
616,1,0.0,0.0
616,2,-0.58,-0.58
616,3,-2.7,-1.65
616,4,-0.83,-0.92
616,5,-1.14,-0.71
616,6,-2.96,-0.96
616,7,-1.72,-0.73
617,1,0.0,0.0
617,2,-0.42,-0.23
617,3,-0.55,-0.31
617,4,-0.58,-0.18
617,5,-0.63,-0.29
617,6,-0.53,-0.35
617,7,-0.65,-0.39
618,1,0.0,0.0
618,2,0.0,0.0
618,3,0.0,-0.27
618,4,-0.78,-0.43
618,5,-0.96,-0.35
618,6,-1.41,-0.72
618,7,-0.59,-0.48
619,1,0.0,0.0
619,2,-0.38,0.0
619,3,-0.38,-0.46
619,4,-0.37,-0.39
619,5,-0.52,-0.06
619,6,-0.67,-0.6
619,7,-0.5,-0.41
620,1,0.0,0.0
620,2,-0.45,-0.49
620,3,-0.57,-0.52
620,4,-0.43,-0.36
620,5,-0.18,-0.23
620,6,0.78,-0.05
620,7,1.86,-0.01
621,1,0.0,0.0
621,2,-0.51,-0.23
621,3,-0.57,-0.32
621,4,-0.65,-0.33
621,5,-0.51,-0.16
621,6,-0.26,0.04
621,7,0.08,0.38
622,1,0.0,0.0
622,2,-0.23,0.52
622,3,-0.7,0.05
622,4,1.97,1.85
622,5,-0.76,0.02
622,6,-1.86,-0.6
622,7,-1.45,-0.55
623,1,0.0,0.0
623,2,-0.57,-0.35
623,3,-1.86,-0.71
623,4,-0.81,-0.64
623,5,-1.6,-0.71
623,6,-1.45,-0.56
623,7,-1.81,-0.56
624,1,0.0,0.0
624,2,0.0,0.0
624,3,0.0,-0.27
624,4,-0.68,-0.43
624,5,-1.12,-0.35
624,6,-0.71,-0.5
624,7,-0.65,-0.55
625,1,0.0,0.0
625,2,-1.12,-0.35
625,3,1.01,0.47
625,4,0.02,-0.23
625,5,-0.29,-0.26
625,6,-0.4,-0.2
625,7,-0.56,-0.45
626,1,0.0,0.0
626,2,-0.71,-0.23
626,3,-0.55,-0.3
626,4,-1.14,-0.41
626,5,-0.61,-0.45
626,6,-1.43,-0.38
626,7,-2.08,-0.54
627,1,0.0,0.0
627,2,-0.45,-0.37
627,3,-0.29,0.05
627,4,-0.17,0.2
627,5,-0.41,-0.24
627,6,-0.03,0.24
627,7,-0.39,-0.13
628,1,0.0,0.0
628,2,0.0,0.0
628,3,-0.62,0.0
628,4,-0.57,0.0
628,5,-0.26,0.0
628,6,-0.35,0.0
628,7,0.04,0.0
629,1,0.0,0.0
629,2,-0.45,-0.23
629,3,-0.75,-0.38
629,4,4.24,4.47
629,5,-0.39,-0.48
629,6,-0.52,-0.54
629,7,-1.32,-0.54
630,1,-0.5,0.0
630,2,-0.63,-0.25
630,3,-1.05,-0.29
630,4,-0.72,-0.36
630,5,-1.94,-0.46
630,6,-1.48,-0.61
630,7,-1.64,-0.62
631,1,0.0,0.0
631,2,-0.57,-0.23
631,3,-0.76,-0.31
631,4,-0.93,-0.41
631,5,-0.66,-0.44
631,6,-0.5,-0.34
631,7,-1.26,-0.43
632,1,0.0,0.0
632,2,-0.5,-0.37
632,3,2.68,0.2
632,4,10.32,8.92
632,5,0.04,0.41
632,6,-0.48,-0.35
632,7,-0.49,-0.39
633,1,0.0,0.0
633,2,-0.62,0.0
633,3,-0.69,-0.68
633,4,-0.88,-0.33
633,5,-0.74,1.14
633,6,-1.15,1.36
633,7,-1.15,1.11
634,1,0.0,0.0
634,2,-0.6,-0.4
634,3,-0.51,-0.11
634,4,0.51,0.16
634,5,-0.75,-0.37
634,6,-0.48,-0.56
634,7,-0.62,-0.54
635,1,0.0,0.0
635,2,-0.71,-0.38
635,3,-1.0,-0.44
635,4,1.31,-0.43
635,5,1.39,-0.57
635,6,0.26,-0.38
635,7,0.81,-0.33
636,1,0.0,0.0
636,2,1.46,0.31
636,3,-0.61,-0.82
636,4,-1.22,-0.85
636,5,-0.82,-0.6
636,6,-0.28,-0.04
636,7,-0.66,-0.19
637,1,0.0,0.0
637,2,-0.45,-0.35
637,3,-1.42,-0.75
637,4,-0.73,-0.67
637,5,-0.5,-0.37
637,6,-0.49,-0.15
637,7,-0.43,-0.13
638,1,0.0,0.0
638,2,-0.61,-0.19
638,3,-0.92,-0.23
638,4,-0.74,-0.22
638,5,-0.88,-0.3
638,6,-1.33,-0.52
638,7,-2.07,-0.67
639,1,0.0,0.0
639,2,-0.78,-0.58
639,3,-1.29,-0.78
639,4,7.04,2.11
639,5,-0.16,0.0
639,6,-1.95,-0.4
639,7,-2.22,-0.6
640,1,0.0,0.0
640,2,-0.42,0.0
640,3,0.05,-0.1
640,4,0.49,0.5
640,5,1.5,5.29
640,6,-0.11,3.56
640,7,-0.24,2.35
641,1,0.0,0.0
641,2,0.27,-0.06
641,3,-0.12,-0.15
641,4,-0.13,-0.17
641,5,-0.22,-0.04
641,6,-0.31,-0.01
641,7,-0.34,0.0
642,1,0.0,0.0
642,2,-0.43,-0.35
642,3,-0.81,-0.91
642,4,-1.03,-0.63
642,5,-0.1,-0.31
642,6,0.24,-0.34
642,7,1.7,-0.35
643,1,-0.41,0.0
643,2,-0.41,0.59
643,3,-0.39,0.62
643,4,-0.38,0.4
643,5,-0.35,0.66
643,6,-0.38,0.16
643,7,-0.36,0.48
644,1,0.0,0.0
644,2,0.0,0.0
644,3,-0.95,-0.1
644,4,-0.72,0.39
644,5,-0.67,0.48
644,6,-0.74,0.45
644,7,-0.7,0.31
645,1,0.0,0.0
645,2,0.0,0.0
645,3,-0.71,-0.66
645,4,-0.5,-0.74
645,5,-0.18,-0.37
645,6,-0.69,-0.49
645,7,-0.46,-0.44
646,1,0.0,0.0
646,2,-0.7,-0.37
646,3,-3.25,-0.59
646,4,-0.7,-0.06
646,5,-5.75,-0.94
646,6,-2.22,-0.57
646,7,3.33,-0.36
647,1,-0.7,0.0
647,2,-0.71,0.0
647,3,-0.71,0.8
647,4,-0.71,0.61
647,5,-0.71,-0.4
647,6,-0.71,-0.52
647,7,-0.71,-0.53
648,1,0.0,0.0
648,2,0.0,0.0
648,3,-0.7,-0.66
648,4,-0.58,-0.74
648,5,-0.59,-0.4
648,6,-0.64,-0.55
648,7,-0.6,-0.52
649,1,0.0,0.0
649,2,1.59,-0.38
649,3,1.46,-0.28
649,4,0.43,-0.49
649,5,-1.78,-0.66
649,6,-0.52,-0.61
649,7,-0.07,-0.36
650,1,0.0,0.0
650,2,0.0,-0.65
650,3,-0.51,-1.21
650,4,-0.83,-1.91
650,5,0.73,-0.74
650,6,1.59,-0.75
650,7,1.61,-0.82
651,1,0.0,0.0
651,2,-0.56,-0.06
651,3,1.01,1.24
651,4,1.72,2.23
651,5,10.49,11.22
651,6,17.94,6.61
651,7,9.21,1.46
652,1,0.0,0.0
652,2,0.0,-0.37
652,3,-0.88,-0.68
652,4,-0.71,-0.68
652,5,-2.03,-0.47
652,6,-0.85,-0.73
652,7,-0.4,-0.42
653,1,-0.41,0.0
653,2,-0.41,-0.2
653,3,-0.46,-0.97
653,4,-0.44,-0.91
653,5,-0.58,-0.33
653,6,-0.63,-0.23
653,7,-0.6,-0.48
654,1,0.0,0.0
654,2,-0.55,-0.35
654,3,-0.54,0.09
654,4,-0.31,-0.35
654,5,-0.2,-0.31
654,6,-0.19,-0.23
654,7,-0.7,-0.36
655,1,0.0,0.0
655,2,7.34,0.74
655,3,2.64,-0.2
655,4,0.31,-0.15
655,5,5.31,0.22
655,6,2.92,0.27
655,7,0.5,-0.23
656,1,0.0,0.0
656,2,-0.79,-0.58
656,3,-0.3,-0.32
656,4,0.38,0.16
656,5,1.96,-0.33
656,6,-1.1,-0.38
656,7,-0.81,0.09
657,1,0.0,0.0
657,2,0.0,0.0
657,3,-1.5,-0.67
657,4,-0.71,-0.79
657,5,-1.2,-0.4
657,6,-0.31,-0.37
657,7,0.21,-0.34
658,1,0.0,0.0
658,2,57.83,0.38
658,3,155.66,0.4
658,4,40.54,1.83
658,5,34.65,7.44
658,6,32.04,6.2
658,7,44.53,5.74
659,1,0.0,0.0
659,2,-0.39,-0.23
659,3,-0.38,-0.22
659,4,-0.38,-0.24
659,5,-0.32,-0.15
659,6,-0.64,-0.42
659,7,-0.63,-0.4
660,1,0.0,0.0
660,2,-0.45,-0.2
660,3,-0.81,-0.44
660,4,-0.98,-0.48
660,5,3.44,-0.12
660,6,-0.01,-0.22
660,7,-0.28,-0.3
661,1,0.0,0.0
661,2,-0.43,-0.23
661,3,-0.48,-0.24
661,4,-0.59,-0.3
661,5,-0.55,-0.45
661,6,-0.78,-0.58
661,7,-0.75,-0.48
662,1,0.0,0.0
662,2,0.1,0.62
662,3,0.05,0.92
662,4,-0.65,-0.62
662,5,-0.74,-0.56
662,6,-1.95,-0.78
662,7,-0.72,-0.65
663,1,0.0,0.0
663,2,0.0,0.0
663,3,0.0,-0.27
663,4,-0.56,-0.31
663,5,0.81,-0.12
663,6,-1.25,0.15
663,7,1.14,0.19
664,1,0.0,0.0
664,2,-0.5,-0.43
664,3,0.12,0.16
664,4,0.88,1.65
664,5,-0.42,-0.57
664,6,-0.24,-0.32
664,7,-0.31,-0.22
665,1,0.0,0.0
665,2,27.53,0.0
665,3,13.95,0.0
665,4,29.92,0.0
665,5,6.69,0.0
665,6,4.35,0.0
665,7,5.71,0.0
666,1,0.0,0.0
666,2,-0.19,0.49
666,3,0.13,1.28
666,4,1.22,3.77
666,5,1.34,3.93
666,6,0.32,1.9
666,7,0.23,1.63
667,1,0.0,0.0
667,2,-0.63,-0.19
667,3,-0.58,-0.22
667,4,0.08,-0.2
667,5,0.61,-0.27
667,6,0.13,-0.16
667,7,-0.09,-0.11
668,1,0.0,0.0
668,2,-0.76,-0.19
668,3,-0.3,-0.21
668,4,-0.17,-0.17
668,5,-0.1,0.02
668,6,2.72,0.46
668,7,-0.13,-0.43
669,1,0.0,0.0
669,2,-0.47,-0.16
669,3,-0.33,0.14
669,4,-0.35,0.14
669,5,-0.25,0.83
669,6,-0.68,1.01
669,7,-0.86,0.53
670,1,0.0,0.0
670,2,0.0,-0.03
670,3,-0.6,-0.29
670,4,-2.21,-0.81
670,5,0.52,9.87
670,6,6.02,4.74
670,7,21.33,4.71
671,1,0.0,0.0
671,2,0.0,-0.19
671,3,-0.04,-0.23
671,4,1.31,-0.2
671,5,0.23,-0.42
671,6,-0.18,-0.48
671,7,0.31,-0.3
672,1,0.0,0.0
672,2,-0.58,-0.19
672,3,0.4,-0.15
672,4,0.95,-0.16
672,5,0.57,0.28
672,6,0.42,-0.09
672,7,-0.79,-0.56
673,1,0.0,0.0
673,2,-0.78,-0.97
673,3,-0.17,-0.11
673,4,-0.04,1.22
673,5,-0.77,-0.37
673,6,-0.97,-0.27
673,7,-0.45,0.12
674,1,0.0,0.0
674,2,-0.5,-0.23
674,3,-0.45,-0.32
674,4,-0.26,-0.3
674,5,-0.45,-0.14
674,6,-0.82,-0.49
674,7,-0.97,-0.44
675,1,-0.57,0.0
675,2,-0.58,0.0
675,3,-0.58,-0.27
675,4,-0.59,-0.26
675,5,-0.58,-0.06
675,6,-0.58,-0.15
675,7,-0.57,0.78
676,1,0.0,0.0
676,2,-0.54,-0.19
676,3,-0.6,-0.22
676,4,0.27,-0.17
676,5,0.53,-0.11
676,6,0.22,-0.25
676,7,0.1,-0.28
677,1,0.0,0.0
677,2,-0.7,-0.19
677,3,3.55,-0.11
677,4,0.65,-0.19
677,5,0.3,0.03
677,6,-0.01,-0.08
677,7,0.09,-0.15
678,1,0.0,0.0
678,2,-0.45,-0.19
678,3,-0.82,-0.24
678,4,-0.77,-0.24
678,5,-0.57,-0.5
678,6,-0.48,-0.49
678,7,-0.25,-0.23
679,1,0.0,0.0
679,2,-0.78,-0.19
679,3,1.46,-0.07
679,4,1.17,-0.06
679,5,0.44,0.0
679,6,0.33,-0.07
679,7,1.42,0.18
680,1,0.0,0.0
680,2,-0.07,0.23
680,3,-0.49,-0.62
680,4,-0.52,-0.65
680,5,-0.76,-0.72
680,6,-0.66,-0.6
680,7,-0.48,-0.38
681,1,0.0,0.0
681,2,0.0,0.0
681,3,0.0,-0.24
681,4,0.48,-0.12
681,5,-0.15,-0.56
681,6,-0.49,-0.49
681,7,-0.38,-0.52
682,1,0.0,0.0
682,2,0.27,-0.02
682,3,-0.74,-0.74
682,4,-0.47,-0.44
682,5,-0.3,-0.24
682,6,-0.24,-0.25
682,7,0.22,-0.05
683,1,0.0,0.0
683,2,-0.09,-0.3
683,3,2.45,1.43
683,4,-0.08,-0.34
683,5,0.45,-0.14
683,6,1.61,-0.06
683,7,0.45,-0.34
684,1,0.0,0.0
684,2,0.09,3.16
684,3,-0.29,0.13
684,4,0.23,0.2
684,5,0.25,1.83
684,6,0.35,1.6
684,7,0.98,1.04
685,1,0.0,0.0
685,2,-0.41,-0.53
685,3,-0.23,-0.56
685,4,1.5,-0.19
685,5,-0.63,-0.59
685,6,-0.24,-0.5
685,7,-0.3,-0.24
686,1,0.0,0.0
686,2,-0.5,-0.49
686,3,2.96,1.14
686,4,3.11,0.82
686,5,0.46,-0.05
686,6,1.06,-0.0
686,7,-0.71,-0.24
687,1,0.0,0.0
687,2,-0.18,0.49
687,3,0.21,1.42
687,4,-0.16,0.34
687,5,-0.29,-0.06
687,6,-0.28,-0.02
687,7,-0.29,-0.01
688,1,0.0,0.0
688,2,-0.46,-0.23
688,3,-0.51,-0.32
688,4,-0.57,-0.42
688,5,-0.54,-0.5
688,6,-0.63,-0.52
688,7,-0.67,-0.54
689,1,0.0,0.0
689,2,-0.67,0.0
689,3,-1.45,-0.07
689,4,-0.27,0.34
689,5,-0.48,-0.24
689,6,-0.7,-0.08
689,7,-0.48,0.32
690,1,0.0,0.0
690,2,-0.62,-0.35
690,3,-0.84,-0.58
690,4,-0.65,-0.26
690,5,-0.65,-0.22
690,6,-0.63,-0.23
690,7,-0.65,-0.31
691,1,0.0,0.0
691,2,0.0,-0.37
691,3,-0.74,-0.67
691,4,2.76,-0.46
691,5,-19.86,-1.7
691,6,-0.57,-0.44
691,7,-0.99,-0.49
692,1,0.0,0.0
692,2,0.0,0.0
692,3,0.0,-0.27
692,4,-1.42,-0.43
692,5,-5.79,-0.37
692,6,-3.54,-0.81
692,7,-1.46,-0.55
693,1,0.0,0.0
693,2,0.0,0.0
693,3,0.0,-0.27
693,4,-0.37,-0.37
693,5,0.24,-0.22
693,6,-0.23,-0.49
693,7,-0.11,-0.39
694,1,0.0,0.0
694,2,0.0,0.0
694,3,0.0,-0.27
694,4,-0.72,-0.43
694,5,-0.43,-0.34
694,6,2.08,0.27
694,7,-0.13,-0.26
695,1,0.0,0.0
695,2,0.0,-0.2
695,3,0.19,0.18
695,4,-0.22,-0.62
695,5,0.08,-0.12
695,6,-0.09,-0.23
695,7,-0.64,-0.44
696,1,0.0,0.0
696,2,-0.41,0.0
696,3,1.43,-0.15
696,4,-0.83,-0.49
696,5,-0.46,-0.36
696,6,-2.16,-0.62
696,7,-1.02,-0.66
697,1,-0.41,0.0
697,2,-0.47,-0.49
697,3,0.01,-0.18
697,4,-0.65,-0.3
697,5,-0.68,-0.2
697,6,-1.71,-0.35
697,7,-0.97,-0.28
698,1,0.0,0.0
698,2,-0.41,-0.43
698,3,-0.38,-0.61
698,4,-0.6,-0.88
698,5,-0.23,-0.51
698,6,0.07,-0.28
698,7,-0.18,-0.45
699,1,0.0,0.0
699,2,4.37,0.15
699,3,27.09,0.24
699,4,20.26,0.48
699,5,10.81,0.94
699,6,10.33,1.65
699,7,10.57,1.47
700,1,0.0,0.0
700,2,-0.48,-0.43
700,3,-0.59,-0.52
700,4,-1.15,-0.46
700,5,-0.57,0.03
700,6,-0.64,-0.03
700,7,-0.96,-0.71
701,1,0.0,0.0
701,2,-0.68,-0.23
701,3,-0.67,-0.22
701,4,-0.69,-0.23
701,5,-0.72,-0.23
701,6,-0.64,-0.46
701,7,-0.68,-0.54
702,1,0.0,0.0
702,2,17.46,1.54
702,3,0.77,0.66
702,4,1.21,0.38
702,5,4.22,1.45
702,6,7.89,1.37
702,7,10.99,1.13
703,1,0.0,0.0
703,2,-0.9,-0.19
703,3,-1.09,-0.23
703,4,-0.09,-0.08
703,5,-0.46,0.05
703,6,-0.54,0.01
703,7,-0.5,-0.07
704,1,0.0,0.0
704,2,-0.6,-0.23
704,3,-0.52,-0.3
704,4,-0.54,-0.36
704,5,-0.38,-0.15
704,6,-0.27,-0.01
704,7,-0.3,-0.12
705,1,0.0,0.0
705,2,-0.47,0.46
705,3,-0.67,-0.11
705,4,-0.56,-0.16
705,5,-0.19,-0.13
705,6,-1.05,-0.27
705,7,-0.91,-0.39
706,1,0.0,0.0
706,2,0.27,-0.15
706,3,0.07,-0.1
706,4,-0.83,-0.18
706,5,-0.43,-0.19
706,6,-0.95,-0.19
706,7,-0.68,0.03
707,1,0.0,0.0
707,2,-0.67,-0.19
707,3,-0.28,-0.2
707,4,-0.48,-0.2
707,5,1.25,0.45
707,6,0.64,0.0
707,7,0.67,-0.35
708,1,0.0,0.0
708,2,0.0,-0.68
708,3,0.33,-0.51
708,4,0.35,-0.68
708,5,0.46,0.12
708,6,0.63,0.48
708,7,0.37,-0.44
709,1,0.0,0.0
709,2,-1.22,-0.71
709,3,-0.05,-1.14
709,4,-0.02,-1.58
709,5,-0.11,-1.39
709,6,0.33,-0.95
709,7,0.63,-0.98
710,1,0.0,0.0
710,2,-1.1,-0.25
710,3,-0.87,-0.29
710,4,-0.96,-0.39
710,5,-0.94,-0.46
710,6,-0.67,-0.62
710,7,-0.58,-0.57
711,1,0.0,0.0
711,2,-0.75,-0.25
711,3,-0.86,-0.29
711,4,-0.61,-0.38
711,5,-0.82,-0.44
711,6,-1.08,-0.6
711,7,-0.81,-0.62
712,1,0.0,0.0
712,2,-0.65,-0.97
712,3,-0.17,-0.73
712,4,-0.78,-1.9
712,5,-0.65,-1.01
712,6,-0.76,-1.16
712,7,-0.67,-1.3
713,1,0.0,0.0
713,2,1.13,0.17
713,3,-0.66,-0.99
713,4,1.83,-0.1
713,5,2.29,0.09
713,6,-0.41,-0.04
713,7,-1.39,-0.03
714,1,-0.44,0.0
714,2,-0.45,0.0
714,3,-0.44,0.8
714,4,-0.45,0.27
714,5,-0.45,-0.26
714,6,-0.44,0.74
714,7,-0.44,0.15
715,1,-0.58,0.0
715,2,-0.64,-0.55
715,3,-0.76,-0.91
715,4,-0.59,0.49
715,5,-0.59,0.38
715,6,-0.46,0.32
715,7,-0.42,0.55
716,1,-0.5,0.0
716,2,-0.5,0.0
716,3,-0.5,-0.66
716,4,-0.5,0.97
716,5,-0.51,-0.32
716,6,-0.51,-0.52
716,7,-0.52,-0.45
717,1,-0.5,0.0
717,2,-0.5,0.0
717,3,-0.5,-0.27
717,4,-0.49,0.66
717,5,-0.5,-0.22
717,6,-0.49,1.93
717,7,-0.5,0.07
718,1,-0.37,0.0
718,2,-0.38,0.0
718,3,-0.38,-0.17
718,4,-0.38,-0.74
718,5,-0.39,-0.38
718,6,-0.38,-0.34
718,7,-0.39,-0.52
719,1,0.0,0.0
719,2,0.0,0.0
719,3,0.0,-0.27
719,4,2.91,-0.31
719,5,2.9,-0.17
719,6,0.86,0.06
719,7,8.16,1.38
720,1,0.0,0.0
720,2,-0.52,-0.23
720,3,-0.24,-0.26
720,4,-0.95,-0.43
720,5,-0.39,-0.23
720,6,-0.33,-0.08
720,7,-0.21,-0.03
721,1,0.0,0.0
721,2,0.0,-0.37
721,3,-0.51,-0.38
721,4,-0.44,0.03
721,5,3.31,3.07
721,6,91.22,22.13
721,7,65.35,23.59
722,1,-0.5,0.0
722,2,-0.5,0.0
722,3,-0.51,-0.49
722,4,-0.5,-0.51
722,5,-0.51,-0.64
722,6,-0.51,-0.51
722,7,-0.5,-0.55
723,1,0.0,0.0
723,2,-0.28,-0.25
723,3,-1.11,-0.91
723,4,0.03,0.3
723,5,-0.67,-0.64
723,6,-1.49,-0.64
723,7,0.02,0.35
724,1,-0.5,0.0
724,2,-0.51,-0.49
724,3,-0.35,2.53
724,4,-0.49,0.34
724,5,-0.56,-0.25
724,6,-0.57,-0.33
724,7,-0.54,-0.36
725,1,0.0,0.0
725,2,-0.54,-0.38
725,3,-1.26,-0.47
725,4,-0.66,-0.43
725,5,-1.24,-0.66
725,6,-0.46,0.01
725,7,-0.43,-0.0
726,1,-0.38,0.0
726,2,-0.3,-0.14
726,3,-0.42,-0.28
726,4,-0.38,-0.37
726,5,-0.38,-0.43
726,6,-0.37,-0.52
726,7,-0.37,-0.5
727,1,0.0,0.0
727,2,0.0,0.0
727,3,-0.47,-0.49
727,4,-0.57,-0.62
727,5,-0.45,-0.64
727,6,-0.11,-0.27
727,7,-0.43,-0.55
